algorithm,dataset,case_count,ARI_mean,NMI_mean,AMI_mean,covering_mean,f1_mean,seconds_sum
ClaSP-TKMeans,Synthetic,100,0.27951330746057557,0.4346778854042256,0.4290256578270061,0.4454226976264822,0.5008552517818015,4319.419592380524
ClaSP-TKMeans,ALL_DATASETS_EQUAL_CASE_WEIGHT,100,0.27951330746057557,0.4346778854042256,0.4290256578270061,0.4454226976264822,0.5008552517818015,4319.419592380524
