K,dominant_threshold,dominant_count,dominant_ratio,balance_entropy,mean_segment_length,segment_count,coherence,selection_score
12,0.08333333333333333,3,0.25,0.6297315558746429,278.5,44,1.0,0.45743288896866074
13,0.07692307692307693,3,0.23076923076923078,0.629731555874643,278.5,44,1.0,0.44589442743019925
16,0.0625,5,0.3125,0.7063604707714096,163.38666666666666,75,0.0,0.3640901176928524
14,0.07142857142857142,4,0.2857142857142857,0.7224275006013057,170.19444444444446,72,0.059139784946236756,0.36090641432083337
17,0.058823529411764705,5,0.29411764705882354,0.7063604707714096,163.38666666666666,75,0.0,0.35306070592814653
15,0.06666666666666667,4,0.26666666666666666,0.7224505743382786,170.19444444444446,72,0.059139784946236756,0.3494836113265052
18,0.05555555555555555,5,0.2777777777777778,0.7063604707714096,163.38666666666666,75,0.0,0.34325678435951906
