algorithm,dataset,case_count,ARI_mean,NMI_mean,AMI_mean,covering_mean,f1_mean,seconds_sum
TICC,UCR-SEG,32,0.20911850431617654,0.2429278080877364,0.23212794570255463,0.6609425453727028,0.09052128427128427,111.56585741043091
TICC,ALL_DATASETS_EQUAL_CASE_WEIGHT,32,0.20911850431617654,0.2429278080877364,0.23212794570255463,0.6609425453727028,0.09052128427128427,111.56585741043091
