algorithm,dataset,cases,ARI,NMI,AMI,Covering,CP_F1
AutoPlait,UCR-SEG,32,0.1941429577341737,0.23769891579998453,0.2273878305454316,0.5958749341632958,0.17708333333333331
