K,dominant_threshold,dominant_count,dominant_ratio,balance_entropy,mean_segment_length,segment_count,coherence,selection_score
14,0.07142857142857142,4,0.2857142857142857,0.7228536785538798,87.01149425287356,87,0.9226053639846745,0.4905327956647425
15,0.06666666666666667,4,0.26666666666666666,0.7224342816899749,87.01149425287356,87,0.9226053639846745,0.47899937502019485
13,0.07692307692307693,3,0.23076923076923078,0.7284957193215114,88.02325581395348,86,1.0,0.4705854682919163
16,0.0625,4,0.25,0.7224342816899749,87.01149425287356,87,0.9226053639846745,0.46899937502019484
17,0.058823529411764705,4,0.23529411764705882,0.6944465550434678,87.01149425287356,87,0.9226053639846745,0.45317891394680343
19,0.05263157894736842,5,0.2631578947368421,0.779177330166363,76.46464646464646,99,0.11582491582491573,0.3700628067574334
18,0.05555555555555555,5,0.2777777777777778,0.7818557268598464,74.95049504950495,101,0.0,0.36213059838162825
