K,dominant_threshold,dominant_count,dominant_ratio,balance_entropy,mean_segment_length,segment_count,coherence,selection_score
16,0.0625,4,0.25,0.6893531145449331,124.84251968503936,127,1.0,0.47233827863623323
17,0.058823529411764705,4,0.23529411764705882,0.6893531145449332,124.84251968503936,127,1.0,0.46351474922446856
18,0.05555555555555555,4,0.2222222222222222,0.6869861984253353,123.8671875,128,0.9646267361111114,0.4497738933563339
19,0.05263157894736842,4,0.21052631578947367,0.6635743240776486,123.8671875,128,0.9646267361111114,0.4369033809097631
20,0.05,5,0.25,0.7624449113638764,97.26993865030674,163,0.0,0.3406112278409691
