K,dominant_threshold,dominant_count,dominant_ratio,balance_entropy,mean_segment_length,segment_count,coherence,selection_score
13,0.07692307692307693,4,0.3076923076923077,0.7214218558392629,134.45454545454547,55,1.0,0.5149708485752004
14,0.07142857142857142,3,0.21428571428571427,0.7027366966430562,129.73684210526315,57,0.48245614035087553,0.37662402378482396
15,0.06666666666666667,3,0.2,0.6843905124283537,127.5,58,0.23706896551724083,0.3266579729346745
16,0.0625,3,0.1875,0.6843905124283537,127.5,58,0.23706896551724083,0.31915797293467457
17,0.058823529411764705,3,0.17647058823529413,0.6596309735258599,125.33898305084746,59,0.0,0.27079009632264145
18,0.05555555555555555,3,0.16666666666666666,0.6596309735258599,125.33898305084746,59,0.0,0.26490774338146494
