K,dominant_threshold,dominant_count,dominant_ratio,balance_entropy,mean_segment_length,segment_count,coherence,selection_score
19,0.05263157894736842,5,0.2631578947368421,0.772913638302808,86.9873417721519,79,1.0,0.5011231464178073
16,0.0625,4,0.25,0.7801335460354469,86.9873417721519,79,1.0,0.49503338650886175
17,0.058823529411764705,4,0.23529411764705882,0.7800732114208778,86.9873417721519,79,1.0,0.48619477344345474
18,0.05555555555555555,4,0.2222222222222222,0.7800732114208778,86.9873417721519,79,1.0,0.4783516361885528
14,0.07142857142857142,4,0.2857142857142857,0.7959274918728266,84.8395061728395,81,0.0,0.37041044439677806
15,0.06666666666666667,4,0.26666666666666666,0.7943234854301323,84.8395061728395,81,0.0,0.3585808713575331
