K,dominant_ratio,balance_entropy,mean_segment_length,segment_count,meta_min_len,coherence,selection_score
11,0.5454545454545454,0.9640833328306161,767.0833333333334,12,24,1.0,0.7182935604803813
10,0.4,0.9640833328306161,767.0833333333334,12,24,1.0,0.631020833207654
9,0.3333333333333333,0.9639468761611372,767.0833333333334,12,24,1.0,0.5909867190402843
12,0.5833333333333334,0.9249190348957219,708.0769230769231,13,24,0.0,0.5812297587239306
8,0.25,0.9618611276607005,708.0769230769231,13,24,0.0,0.39046528191517516
