K,dominant_ratio,balance_entropy,mean_segment_length,segment_count,meta_min_len,coherence,selection_score
6,0.3333333333333333,0.7876849352084636,966.7777777777778,9,24,1.0,0.5469212338021159
7,0.42857142857142855,0.8534559600072947,791.0,11,24,0.4090909090909091,0.5318704835083172
8,0.375,0.8326068443517736,669.3076923076923,13,24,0.0,0.43315171108794337
9,0.3333333333333333,0.8283773431904329,669.3076923076923,13,24,0.0,0.40709433579760823
