K,dominant_ratio,balance_entropy,mean_segment_length,segment_count,meta_min_len,coherence,selection_score
5,0.6,0.8680679327193995,756.75,8,24,1.0,0.7270169831798499
4,0.5,0.8680679327193995,756.75,8,24,1.0,0.6670169831798499
6,0.5,0.867936832073457,756.75,8,24,1.0,0.6669842080183642
7,0.42857142857142855,0.8673516968592724,756.75,8,24,1.0,0.6239807813576752
8,0.375,0.8049519175313704,672.6666666666666,9,24,0.0,0.4262379793828426
