K,dominant_ratio,balance_entropy,mean_segment_length,segment_count,meta_min_len,coherence,selection_score
8,0.25,0.9138894403821093,933.3333333333334,9,24,1.0,0.5284723600955273
9,0.4444444444444444,0.8670855019003999,840.0,10,24,0.0,0.48343804214176667
7,0.14285714285714285,0.9138894403821093,933.3333333333334,9,24,1.0,0.46418664580981306
