K,dominant_ratio,balance_entropy,mean_segment_length,segment_count,meta_min_len,coherence,selection_score
7,0.2857142857142857,0.851530191605348,599.125,8,24,1.0,0.5343111193299084
8,0.25,0.8285926557692994,532.5555555555555,9,24,0.0,0.35714816394232485
