K,dominant_ratio,balance_entropy,mean_segment_length,segment_count,meta_min_len,coherence,selection_score
5,0.4,0.9434933577882726,654.0,7,24,1.0,0.6258733394470681
7,0.5714285714285714,0.8442153066088574,572.25,8,24,0.0,0.5539109695093571
6,0.5,0.8446239036904825,572.25,8,24,0.0,0.5111559759226206
