K,dominant_ratio,balance_entropy,mean_segment_length,segment_count,meta_min_len,coherence,selection_score
8,0.375,0.8689490565707234,965.0909090909091,11,24,1.0,0.5922372641426809
9,0.4444444444444444,0.8800554367859994,884.6666666666666,12,24,0.45833333333333287,0.5554305258631664
10,0.4,0.8506213396796938,884.6666666666666,12,24,0.45833333333333287,0.5214053349199234
11,0.36363636363636365,0.8361556069218766,816.6153846153846,13,24,0.0,0.42722071991228733
12,0.3333333333333333,0.8363517771058114,816.6153846153846,13,24,0.0,0.40908794427645284
