K,dominant_ratio,balance_entropy,mean_segment_length,segment_count,meta_min_len,coherence,selection_score
5,0.4,0.8560727092471536,1263.6666666666667,6,24,1.0,0.6040181773117884
6,0.3333333333333333,0.779108831012501,1083.142857142857,7,24,0.7619047619047618,0.5090629220388394
8,0.375,0.7598365469086655,505.46666666666664,15,24,0.0,0.41495913672716633
9,0.3333333333333333,0.7620544517689407,583.2307692307693,13,24,0.10256410256410266,0.4058982283268506
7,0.2857142857142857,0.7946723325947322,631.8333333333334,12,24,0.16666666666666674,0.3950966545772545
10,0.3,0.7612618594263302,505.46666666666664,15,24,0.0,0.3703154648565825
11,0.2727272727272727,0.7597969636481228,505.46666666666664,15,24,0.0,0.35358560454839427
