K,selected_by_rule,ARI,NMI,n_pred_states,segments,dominant_ratio,balance_entropy,mean_segment_length,segment_count_raw,coherence,selection_score,meta_min_len,branch_select_metric,meta_vote_weight_mode,selected_branch_names
6,1,0.7822300406290382,0.8664026213882058,6,9,0.3333333333333333,0.7876849352084636,966.7777777777778,9,1.0,0.5469212338021159,24,PID,pid_weight,MoCap_64core_b21_w208_s42|MoCap_64core_b23_w208_s69|MoCap_64core_b27_w224_s75|MoCap_64core_b29_w240_s48|MoCap_64core_b30_w240_s60|MoCap_64core_b31_w240_s80|MoCap_64core_b33_w256_s50|MoCap_64core_b36_w256_s128|MoCap_64core_b37_w272_s54|MoCap_64core_b38_w272_s68|MoCap_64core_b45_w304_s61|MoCap_64core_b46_w304_s76|MoCap_64core_b47_w304_s101|MoCap_64core_b52_w320_s160|MoCap_64core_b57_w352_s70|MoCap_64core_b62_w384_s96
7,0,0.9298792198441259,0.9162491078572099,7,11,0.42857142857142855,0.8534559600072947,791.0,11,0.4090909090909091,0.5318704835083172,24,PID,pid_weight,MoCap_64core_b21_w208_s42|MoCap_64core_b23_w208_s69|MoCap_64core_b27_w224_s75|MoCap_64core_b29_w240_s48|MoCap_64core_b30_w240_s60|MoCap_64core_b31_w240_s80|MoCap_64core_b33_w256_s50|MoCap_64core_b36_w256_s128|MoCap_64core_b37_w272_s54|MoCap_64core_b38_w272_s68|MoCap_64core_b45_w304_s61|MoCap_64core_b46_w304_s76|MoCap_64core_b47_w304_s101|MoCap_64core_b52_w320_s160|MoCap_64core_b57_w352_s70|MoCap_64core_b62_w384_s96
8,0,0.9070126927836948,0.8988012840081294,8,13,0.375,0.8326068443517736,669.3076923076923,13,0.0,0.43315171108794337,24,PID,pid_weight,MoCap_64core_b21_w208_s42|MoCap_64core_b23_w208_s69|MoCap_64core_b27_w224_s75|MoCap_64core_b29_w240_s48|MoCap_64core_b30_w240_s60|MoCap_64core_b31_w240_s80|MoCap_64core_b33_w256_s50|MoCap_64core_b36_w256_s128|MoCap_64core_b37_w272_s54|MoCap_64core_b38_w272_s68|MoCap_64core_b45_w304_s61|MoCap_64core_b46_w304_s76|MoCap_64core_b47_w304_s101|MoCap_64core_b52_w320_s160|MoCap_64core_b57_w352_s70|MoCap_64core_b62_w384_s96
9,0,0.9111581859732639,0.9012449041211373,8,13,0.3333333333333333,0.8283773431904329,669.3076923076923,13,0.0,0.40709433579760823,24,PID,pid_weight,MoCap_64core_b21_w208_s42|MoCap_64core_b23_w208_s69|MoCap_64core_b27_w224_s75|MoCap_64core_b29_w240_s48|MoCap_64core_b30_w240_s60|MoCap_64core_b31_w240_s80|MoCap_64core_b33_w256_s50|MoCap_64core_b36_w256_s128|MoCap_64core_b37_w272_s54|MoCap_64core_b38_w272_s68|MoCap_64core_b45_w304_s61|MoCap_64core_b46_w304_s76|MoCap_64core_b47_w304_s101|MoCap_64core_b52_w320_s160|MoCap_64core_b57_w352_s70|MoCap_64core_b62_w384_s96
