K,dominant_ratio,balance_entropy,mean_segment_length,segment_count,meta_min_len,coherence,selection_score
6,0.5,0.7926091671109166,567.3,10,24,1.0,0.6481522917777292
7,0.42857142857142855,0.8052479048999517,436.38461538461536,13,24,0.19230769230769215,0.48730098721399884
8,0.375,0.8124650087025107,405.2142857142857,14,24,0.0,0.42811625217562765
