K,dominant_ratio,balance_entropy,mean_segment_length,segment_count,meta_min_len,coherence,selection_score
15,0.5333333333333333,0.8814968631604272,2190.8695652173915,23,24,1.0,0.6903742157901068
18,0.5,0.8817822575414577,2190.8695652173915,23,24,1.0,0.6704455643853644
14,0.5,0.8814968631604272,2190.8695652173915,23,24,1.0,0.6703742157901068
19,0.47368421052631576,0.8817822575414577,2190.8695652173915,23,24,1.0,0.6546560907011539
16,0.5,0.8589111551954407,2099.5833333333335,24,24,0.0,0.5147277887988602
17,0.47058823529411764,0.8589111551954407,2099.5833333333335,24,24,0.0,0.49708072997533076
