K,dominant_ratio,balance_entropy,mean_segment_length,segment_count,meta_min_len,coherence,selection_score
15,0.4666666666666667,0.8191815626548707,933.6296296296297,54,24,1.0,0.6347953906637177
17,0.47058823529411764,0.8066705051021879,900.2857142857143,56,24,0.578571428571429,0.5708062817377318
16,0.4375,0.8184089317405817,900.2857142857143,56,24,0.578571428571429,0.5538879472208598
19,0.47368421052631576,0.8401971120553515,854.5084745762712,59,24,0.0,0.49425980432962735
18,0.3888888888888889,0.797152775216363,854.5084745762712,59,24,0.0,0.4326215271374241
