K,dominant_ratio,balance_entropy,mean_segment_length,segment_count,meta_min_len,coherence,selection_score
14,0.42857142857142855,0.7893683365123101,1485.2424242424242,33,24,1.0,0.6044849412709347
15,0.4666666666666667,0.8098498077165789,1042.8297872340424,47,24,0.27474560592044384,0.5236742928172113
16,0.4375,0.8098498077165789,1042.8297872340424,47,24,0.27474560592044384,0.5061742928172114
17,0.4117647058823529,0.8098498077165789,1042.8297872340424,47,24,0.27474560592044384,0.49073311634662303
18,0.3888888888888889,0.8117088949508806,1042.8297872340424,47,24,0.27474560592044384,0.47747239795912005
19,0.3684210526315789,0.8051352091347452,875.2321428571429,56,24,0.0,0.42233643386263364
20,0.35,0.8051049655903536,875.2321428571429,56,24,0.0,0.4112762413975884
