K,dominant_ratio,balance_entropy,mean_segment_length,segment_count,meta_min_len,coherence,selection_score
13,0.46153846153846156,0.9095920910854105,3280.0,15,24,1.0,0.6543210996944296
12,0.4166666666666667,0.9095920910854105,3280.0,15,24,1.0,0.6273980227713526
14,0.42857142857142855,0.8811857209665532,3075.0,16,24,0.8522727272727273,0.6052801964754045
15,0.4,0.8811857209665532,3075.0,16,24,0.8522727272727273,0.5881373393325474
16,0.4375,0.8530971685098473,2236.3636363636365,22,24,0.24793388429752072,0.5129643747720899
17,0.4117647058823529,0.8530971685098473,2236.3636363636365,22,24,0.24793388429752072,0.49752319830150166
18,0.3888888888888889,0.8530971685098473,2236.3636363636365,22,24,0.24793388429752072,0.4837977081054232
19,0.3684210526315789,0.831721015183144,1892.3076923076924,26,24,0.0,0.4289828853747334
