K,dominant_ratio,balance_entropy,mean_segment_length,segment_count,meta_min_len,coherence,selection_score
14,0.5,0.8695150507424444,1324.1315789473683,38,24,1.0,0.6673787626856111
18,0.5,0.8704558189134344,1257.925,40,24,0.3166666666666665,0.5651139547283586
15,0.4666666666666667,0.8921620146985161,1257.925,40,24,0.3166666666666665,0.550540503674629
19,0.5263157894736842,0.8879691651709078,1227.2439024390244,41,24,0.0,0.5377817649769374
16,0.4375,0.8923942327005845,1257.925,40,24,0.3166666666666665,0.5330985581751461
17,0.4117647058823529,0.8704558189134344,1257.925,40,24,0.3166666666666665,0.5121727782577703
