K,dominant_ratio,balance_entropy,mean_segment_length,segment_count,meta_min_len,coherence,selection_score
14,0.5,0.9136771796631956,2404.7391304347825,23,24,1.0,0.6784192949157989
15,0.5333333333333333,0.9146177451814655,2212.36,25,24,0.5520000000000003,0.6314544362953665
16,0.5,0.9146177451814655,2212.36,25,24,0.5520000000000003,0.6114544362953664
18,0.5,0.9146177451814655,2212.36,25,24,0.5520000000000003,0.6114544362953664
17,0.47058823529411764,0.9146177451814655,2212.36,25,24,0.5520000000000003,0.5938073774718371
19,0.5263157894736842,0.8993031228020604,2048.4814814814813,27,24,0.17037037037036978,0.566170809940281
20,0.5,0.8797487437493596,1975.3214285714287,28,24,0.0,0.5199371859373398
