K,dominant_ratio,balance_entropy,mean_segment_length,segment_count,meta_min_len,coherence,selection_score
15,0.5333333333333333,0.8600824705933063,3125.0555555555557,18,24,1.0,0.6850206176483266
16,0.5,0.8697226350682047,2960.5789473684213,19,24,0.7578947368421055,0.631114869293367
17,0.47058823529411764,0.8697226350682047,2960.5789473684213,19,24,0.7578947368421055,0.6134678104698376
18,0.5,0.8801312075257115,2678.6190476190477,21,24,0.34285714285714297,0.5714613733099994
19,0.5263157894736842,0.8652463627999366,2445.695652173913,23,24,0.0,0.5321010643841947
