K,dominant_ratio,balance_entropy,mean_segment_length,segment_count,meta_min_len,coherence,selection_score
13,0.5384615384615384,0.9125186814523917,2848.222222222222,18,24,1.0,0.701206593440021
14,0.5,0.8782195662003892,2330.3636363636365,22,24,0.6136363636363638,0.6116003460955518
15,0.4666666666666667,0.8779452608465435,2330.3636363636365,22,24,0.6136363636363638,0.5915317697570904
17,0.4117647058823529,0.8547038564455929,2050.72,25,24,0.4049999999999998,0.52148478764081
16,0.4375,0.8558730098762235,1898.8148148148148,27,24,0.2916666666666666,0.5202182524690558
18,0.3888888888888889,0.8377503107452999,1507.8823529411766,34,24,0.0,0.4427709110196583
19,0.3684210526315789,0.8377503107452999,1507.8823529411766,34,24,0.0,0.43049020926527237
