K,dominant_ratio,balance_entropy,mean_segment_length,segment_count,meta_min_len,coherence,selection_score
13,0.6153846153846154,0.9108848594401494,3272.5625,16,24,1.0,0.7469519840908067
14,0.5714285714285714,0.9107071677253283,3272.5625,16,24,1.0,0.7205339347884749
15,0.6,0.9172996402828232,2908.9444444444443,18,24,0.6666666666666665,0.6893249100707057
16,0.5625,0.9184338596072728,2493.3809523809523,21,24,0.28571428571428553,0.6099656077589609
18,0.5555555555555556,0.8991424798583504,2181.7083333333335,24,24,0.0,0.5581189532979209
17,0.5294117647058824,0.8991424798583504,2181.7083333333335,24,24,0.0,0.542432678788117
19,0.5263157894736842,0.8991424798583504,2181.7083333333335,24,24,0.0,0.5405750936487981
