K,dominant_ratio,balance_entropy,mean_segment_length,segment_count,meta_min_len,coherence,selection_score
15,0.4,0.8709759400660718,2352.3478260869565,23,24,1.0,0.6077439850165179
16,0.375,0.8428186538442405,2352.3478260869565,23,24,1.0,0.5857046634610601
17,0.35294117647058826,0.8426960093349578,2352.3478260869565,23,24,1.0,0.5724387082160924
18,0.3333333333333333,0.8202675679697986,2164.16,25,24,0.0,0.4050668919924496
