K,dominant_ratio,balance_entropy,mean_segment_length,segment_count,meta_min_len,coherence,selection_score
18,0.2777777777777778,0.7778057637483766,1674.1875,32,24,1.0,0.5111181076037609
19,0.3157894736842105,0.8131913654171019,1623.4545454545455,33,24,0.6464646464646467,0.4897412225344988
20,0.3,0.813178556066743,1623.4545454545455,33,24,0.6464646464646467,0.48026433598638274
15,0.3333333333333333,0.8060116164046213,1530.6857142857143,35,24,0.0,0.4015029041011553
16,0.3125,0.7830357085648997,1530.6857142857143,35,24,0.0,0.3832589271412249
17,0.29411764705882354,0.7829281659815308,1530.6857142857143,35,24,0.0,0.37220262973067686
