K,dominant_ratio,balance_entropy,mean_segment_length,segment_count,meta_min_len,coherence,selection_score
17,0.35294117647058826,0.8385792376077545,1999.148148148148,27,24,1.0,0.5714095152842916
18,0.3333333333333333,0.8385792376077545,1999.148148148148,27,24,1.0,0.5596448094019386
14,0.35714285714285715,0.8400934476727373,1741.1935483870968,31,24,0.373271889400922,0.4802998596140369
15,0.3333333333333333,0.8400934476727373,1741.1935483870968,31,24,0.373271889400922,0.46601414532832264
16,0.3125,0.8400934476727373,1741.1935483870968,31,24,0.373271889400922,0.4535141453283226
19,0.3157894736842105,0.786232968539909,1587.5588235294117,34,24,0.0,0.38603192634550354
