K,selected_by_rule,ARI,NMI,n_pred_states,segments,dominant_ratio,balance_entropy,mean_segment_length,segment_count_raw,coherence,selection_score,meta_min_len,branch_select_metric,meta_vote_weight_mode,selected_branch_names
15,1,0.791370282615658,0.8747478713175393,11,23,0.4,0.8709759400660718,2352.3478260869565,23,1.0,0.6077439850165179,24,PID,pid_weight,USCHAD_alt64_b10_w128_s32|USCHAD_alt64_b13_w144_s24|USCHAD_alt64_b14_w144_s36|USCHAD_alt64_b16_w144_s72|USCHAD_alt64_b18_w160_s40|USCHAD_alt64_b21_w176_s29|USCHAD_alt64_b25_w192_s32|USCHAD_alt64_b28_w192_s96|USCHAD_alt64_b32_w208_s104|USCHAD_alt64_b33_w224_s37|USCHAD_alt64_b34_w224_s56|USCHAD_alt64_b35_w224_s84|USCHAD_alt64_b41_w256_s50|USCHAD_alt64_b43_w256_s96|USCHAD_alt64_b46_w272_s68|USCHAD_alt64_b61_w336_s56
16,0,0.792863560675881,0.8761720201660251,12,23,0.375,0.8428186538442405,2352.3478260869565,23,1.0,0.5857046634610601,24,PID,pid_weight,USCHAD_alt64_b10_w128_s32|USCHAD_alt64_b13_w144_s24|USCHAD_alt64_b14_w144_s36|USCHAD_alt64_b16_w144_s72|USCHAD_alt64_b18_w160_s40|USCHAD_alt64_b21_w176_s29|USCHAD_alt64_b25_w192_s32|USCHAD_alt64_b28_w192_s96|USCHAD_alt64_b32_w208_s104|USCHAD_alt64_b33_w224_s37|USCHAD_alt64_b34_w224_s56|USCHAD_alt64_b35_w224_s84|USCHAD_alt64_b41_w256_s50|USCHAD_alt64_b43_w256_s96|USCHAD_alt64_b46_w272_s68|USCHAD_alt64_b61_w336_s56
17,0,0.792751306758112,0.8768511274460304,12,23,0.35294117647058826,0.8426960093349578,2352.3478260869565,23,1.0,0.5724387082160924,24,PID,pid_weight,USCHAD_alt64_b10_w128_s32|USCHAD_alt64_b13_w144_s24|USCHAD_alt64_b14_w144_s36|USCHAD_alt64_b16_w144_s72|USCHAD_alt64_b18_w160_s40|USCHAD_alt64_b21_w176_s29|USCHAD_alt64_b25_w192_s32|USCHAD_alt64_b28_w192_s96|USCHAD_alt64_b32_w208_s104|USCHAD_alt64_b33_w224_s37|USCHAD_alt64_b34_w224_s56|USCHAD_alt64_b35_w224_s84|USCHAD_alt64_b41_w256_s50|USCHAD_alt64_b43_w256_s96|USCHAD_alt64_b46_w272_s68|USCHAD_alt64_b61_w336_s56
18,0,0.7918613211792551,0.8747807242499596,13,25,0.3333333333333333,0.8202675679697986,2164.16,25,0.0,0.4050668919924496,24,PID,pid_weight,USCHAD_alt64_b10_w128_s32|USCHAD_alt64_b13_w144_s24|USCHAD_alt64_b14_w144_s36|USCHAD_alt64_b16_w144_s72|USCHAD_alt64_b18_w160_s40|USCHAD_alt64_b21_w176_s29|USCHAD_alt64_b25_w192_s32|USCHAD_alt64_b28_w192_s96|USCHAD_alt64_b32_w208_s104|USCHAD_alt64_b33_w224_s37|USCHAD_alt64_b34_w224_s56|USCHAD_alt64_b35_w224_s84|USCHAD_alt64_b41_w256_s50|USCHAD_alt64_b43_w256_s96|USCHAD_alt64_b46_w272_s68|USCHAD_alt64_b61_w336_s56
