K,dominant_ratio,balance_entropy,mean_segment_length,segment_count,meta_min_len,coherence,selection_score
15,0.4,0.8718227091937424,1689.9375,32,24,0.871875,0.5887369272984355
16,0.375,0.8300928581707905,1744.4516129032259,31,24,1.0,0.5825232145426976
17,0.35294117647058826,0.8225705860622509,1461.5675675675675,37,24,0.3351351351351349,0.4676776226681859
18,0.3333333333333333,0.8117707202802555,1386.6153846153845,39,24,0.15897435897435871,0.42678883391621764
19,0.3157894736842105,0.7990531839598479,1318.9756097560976,41,24,0.0,0.38923698020048825
