K,dominant_ratio,balance_entropy,mean_segment_length,segment_count,meta_min_len,coherence,selection_score
14,0.35714285714285715,0.8075387835099543,3340.875,16,24,1.0,0.5661704101632029
15,0.3333333333333333,0.7822840436285978,2969.6666666666665,18,24,0.691358024691358,0.4992747146108531
16,0.3125,0.7822840436285978,2969.6666666666665,18,24,0.691358024691358,0.48677471461085314
17,0.29411764705882354,0.7605697496496288,2813.3684210526317,19,24,0.5614035087719299,0.4508235519634908
18,0.3333333333333333,0.7996925871043609,2227.25,24,24,0.07407407407407418,0.4110342578872013
19,0.3157894736842105,0.7803174115523073,2138.16,25,24,0.0,0.3845530370986031
