K,dominant_ratio,balance_entropy,mean_segment_length,segment_count,meta_min_len,coherence,selection_score
13,0.5384615384615384,0.8573771296729962,2115.75,24,24,1.0,0.6874212054951722
14,0.5,0.856685213837928,2115.75,24,24,1.0,0.6641713034594819
12,0.4166666666666667,0.8573771296729962,2115.75,24,24,1.0,0.614344282418249
15,0.4666666666666667,0.8408042329537201,1953.0,26,24,0.3076923076923075,0.5363549043922761
16,0.4375,0.8408042329537201,1953.0,26,24,0.3076923076923075,0.5188549043922761
17,0.4117647058823529,0.8408042329537201,1953.0,26,24,0.3076923076923075,0.5034137279216879
18,0.3888888888888889,0.8205740007463002,1880.6666666666667,27,24,0.0,0.4384768335199084
19,0.3684210526315789,0.8205740007463002,1880.6666666666667,27,24,0.0,0.4261961317655224
20,0.35,0.8205740007463002,1880.6666666666667,27,24,0.0,0.41514350018657503
