K,dominant_ratio,balance_entropy,mean_segment_length,segment_count,meta_min_len,coherence,selection_score
13,0.38461538461538464,0.8649547732202597,2275.8260869565215,23,24,1.0,0.5970079240742957
12,0.4166666666666667,0.8648599930661302,2181.0,24,24,0.838541666666667,0.5919962482665326
14,0.35714285714285715,0.8648934772455698,2275.8260869565215,23,24,1.0,0.5805090835971067
15,0.4,0.8998810499860151,1938.6666666666667,27,24,0.4259259259259262,0.5288591513853926
16,0.375,0.874885792387682,1869.4285714285713,28,24,0.30803571428571425,0.4899268052397776
19,0.3684210526315789,0.8688374849688348,1688.516129032258,31,24,0.0,0.43826200282115607
17,0.35294117647058826,0.8688176278265429,1688.516129032258,31,24,0.0,0.42896911283898864
18,0.3333333333333333,0.8688176278265429,1688.516129032258,31,24,0.0,0.41720440695663574
