K,dominant_ratio,balance_entropy,mean_segment_length,segment_count,meta_min_len,coherence,selection_score
15,0.4666666666666667,0.853891790036784,1742.8,30,24,0.6666666666666666,0.593472947509196
17,0.47058823529411764,0.8392719381074145,1742.8,30,24,0.6666666666666666,0.5921709257033242
16,0.375,0.8377197823305389,1867.2857142857142,28,24,1.0,0.5844299455826347
14,0.42857142857142855,0.8789004109464637,1742.8,30,24,0.6666666666666666,0.576867959879473
18,0.4444444444444444,0.8392346484733231,1742.8,30,24,0.6666666666666666,0.5764753287849974
19,0.42105263157894735,0.8272665810614339,1493.8285714285714,35,24,0.0,0.45944822421272685
