K,dominant_ratio,balance_entropy,mean_segment_length,segment_count,meta_min_len,coherence,selection_score
14,0.35714285714285715,0.801718988124528,2130.0416666666665,24,24,0.8518518518518515,0.542493239094624
13,0.3076923076923077,0.8147776521773237,2222.6521739130435,23,24,1.0,0.5383097976597155
15,0.3333333333333333,0.8024229799606554,2130.0416666666665,24,24,0.8518518518518515,0.5283835227679415
19,0.3684210526315789,0.8631078203040868,1597.53125,32,24,0.0,0.43682958665496907
18,0.3333333333333333,0.8145839009399426,1704.0333333333333,30,24,0.1703703703703703,0.4292015307905412
16,0.25,0.7737279316502002,1825.75,28,24,0.36507936507936506,0.3981938876744548
17,0.23529411764705882,0.7737279316502002,1825.75,28,24,0.36507936507936506,0.38937035826269006
