K,dominant_ratio,balance_entropy,mean_segment_length,segment_count,meta_min_len,coherence,selection_score
13,0.38461538461538464,0.8179321110378326,1720.1379310344828,29,24,1.0,0.5852522585286889
14,0.35714285714285715,0.8179321110378326,1720.1379310344828,29,24,1.0,0.5687687420451725
15,0.3333333333333333,0.8475590551687998,1662.8,30,24,0.0,0.41188976379219994
18,0.3333333333333333,0.845202607689814,1662.8,30,24,0.0,0.41130065192245346
19,0.3157894736842105,0.845202607689814,1662.8,30,24,0.0,0.4007743361329798
16,0.25,0.8455745587414334,1662.8,30,24,0.0,0.3613936396853583
17,0.23529411764705882,0.845202607689814,1662.8,30,24,0.0,0.3524771225106888
