K,dominant_ratio,balance_entropy,mean_segment_length,segment_count,meta_min_len,coherence,selection_score
10,0.3,0.7349208217281255,4263.9,10,24,1.0,0.5137302054320314
12,0.3333333333333333,0.7433649519207709,2244.157894736842,19,24,0.0526315789473685,0.393735974822298
13,0.3076923076923077,0.729439407249375,2244.157894736842,19,24,0.0526315789473685,0.3748699732698336
14,0.2857142857142857,0.729439407249375,2244.157894736842,19,24,0.0526315789473685,0.3616831600830204
11,0.2727272727272727,0.7433649519207709,2244.157894736842,19,24,0.0526315789473685,0.3573723384586616
15,0.26666666666666666,0.738896802326164,2131.95,20,24,0.0,0.34472420058154096
16,0.25,0.738896802326164,2131.95,20,24,0.0,0.33472420058154095
17,0.23529411764705882,0.738896802326164,2131.95,20,24,0.0,0.3259006711697763
