K,dominant_ratio,balance_entropy,mean_segment_length,segment_count,meta_min_len,coherence,selection_score
17,0.35294117647058826,0.7616097147463464,1666.875,24,24,1.0,0.5521671345689395
15,0.3333333333333333,0.7741151828205748,1666.875,24,24,1.0,0.5435287957051437
16,0.3125,0.7616156912424593,1666.875,24,24,1.0,0.5279039228106148
14,0.2857142857142857,0.7741151828205748,1666.875,24,24,1.0,0.5149573671337151
18,0.3888888888888889,0.829830235510148,1538.6538461538462,26,24,0.3076923076923076,0.48694473836471647
19,0.3684210526315789,0.8291814779675423,1538.6538461538462,26,24,0.3076923076923076,0.4745018472246791
20,0.35,0.8131346283125992,1481.6666666666667,27,24,0.0,0.4132836570781498
