K,dominant_ratio,balance_entropy,mean_segment_length,segment_count,meta_min_len,coherence,selection_score
10,0.2,0.8242924804987545,2311.7368421052633,19,24,1.0,0.4760731201246886
14,0.42857142857142855,0.8096964491636612,1909.695652173913,23,24,0.0,0.4595669694337724
17,0.4117647058823529,0.8098303889840129,1909.695652173913,23,24,0.0,0.449516420775415
15,0.4,0.8098255550553157,1909.695652173913,23,24,0.0,0.4424563887638289
13,0.38461538461538464,0.8096964491636612,1909.695652173913,23,24,0.0,0.4331933430601461
16,0.375,0.8098255550553157,1909.695652173913,23,24,0.0,0.4274563887638289
12,0.25,0.8096964491636612,1909.695652173913,23,24,0.0,0.3524241122909153
11,0.18181818181818182,0.8395049322729929,1996.5,22,24,0.21590909090909088,0.35135350579552094
