K,dominant_ratio,balance_entropy,mean_segment_length,segment_count,meta_min_len,coherence,selection_score
11,0.45454545454545453,0.8454128505843419,2682.866666666667,15,24,1.0,0.6340804853733581
12,0.5,0.8395989064634134,2515.1875,16,24,0.7812499999999999,0.6270872266158534
13,0.46153846153846156,0.8395989064634134,2515.1875,16,24,0.7812499999999999,0.6040103035389303
14,0.42857142857142855,0.8395989064634134,2515.1875,16,24,0.7812499999999999,0.5842300837587104
15,0.4,0.8137863887093023,2367.235294117647,17,24,0.5882352941176467,0.5316818912949726
16,0.375,0.7940251011655138,1916.3333333333333,21,24,0.0,0.4235062752913784
17,0.35294117647058826,0.793861040968322,1916.3333333333333,21,24,0.0,0.4102299661244334
