K,dominant_ratio,balance_entropy,mean_segment_length,segment_count,meta_min_len,coherence,selection_score
12,0.5,0.757275084287964,1879.1304347826087,23,24,0.7652173913043481,0.6041013797676431
17,0.35294117647058826,0.7772468191310782,1964.5454545454545,22,24,1.0,0.5560764106651225
16,0.375,0.7777100562247536,1800.8333333333333,24,24,0.5499999999999999,0.5019275140561884
14,0.42857142857142855,0.7833851245481853,1662.3076923076924,26,24,0.16923076923076966,0.4783737536645189
15,0.4,0.7833851245481853,1662.3076923076924,26,24,0.16923076923076966,0.46123089652166177
13,0.38461538461538464,0.7585790681614758,1600.7407407407406,27,24,0.0,0.42041399780959976
