K,dominant_ratio,balance_entropy,mean_segment_length,segment_count,meta_min_len,coherence,selection_score
13,0.46153846153846156,0.8678800586703999,2754.4666666666667,15,24,1.0,0.6438930915906769
14,0.42857142857142855,0.8678800586703999,2754.4666666666667,15,24,1.0,0.624112871810457
12,0.4166666666666667,0.8482735731407989,2754.4666666666667,15,24,1.0,0.6120683932851997
15,0.4666666666666667,0.9019355563303032,2430.4117647058824,17,24,0.4411764705882352,0.5716603596708111
17,0.47058823529411764,0.8928487712585729,2174.5789473684213,19,24,0.0,0.5055651339911138
16,0.4375,0.8928487712585729,2174.5789473684213,19,24,0.0,0.48571219281464323
