K,dominant_ratio,balance_entropy,mean_segment_length,segment_count,meta_min_len,coherence,selection_score
17,0.47058823529411764,0.9213418024925979,2695.1428571428573,14,24,1.0,0.6626883917996201
11,0.5454545454545454,0.8875757723476705,2358.25,16,24,0.4374999999999999,0.6147916703596448
16,0.375,0.8841340696691847,2695.1428571428573,14,24,1.0,0.5960335174172962
12,0.5,0.8875757723476705,2358.25,16,24,0.4374999999999999,0.5875189430869175
18,0.4444444444444444,0.9069151050627575,2219.529411764706,17,24,0.20588235294117643,0.5242777958735325
13,0.46153846153846156,0.8681085277936413,2096.222222222222,18,24,0.0,0.4939502088714873
14,0.42857142857142855,0.8681405670465601,2096.222222222222,18,24,0.0,0.47417799890449713
15,0.4,0.8831945117560681,2096.222222222222,18,24,0.0,0.46079862793901705
