K,dominant_ratio,balance_entropy,mean_segment_length,segment_count,meta_min_len,coherence,selection_score
11,0.45454545454545453,0.82131532694154,1901.0,21,24,1.0,0.6280561044626577
12,0.4166666666666667,0.8212290975681499,1901.0,21,24,1.0,0.6053072743920375
13,0.38461538461538464,0.8212290975681499,1901.0,21,24,1.0,0.5860765051612683
14,0.35714285714285715,0.8038094477959573,1735.695652173913,23,24,0.8169336384439359,0.5377781220012939
15,0.4,0.8196565010772925,1050.5526315789473,38,24,0.0581717451523545,0.4536398870421763
16,0.375,0.8099713850879579,998.025,40,24,0.0,0.42749284627198947
17,0.35294117647058826,0.8099713850879579,998.025,40,24,0.0,0.4142575521543424
