K,dominant_ratio,balance_entropy,mean_segment_length,segment_count,meta_min_len,coherence,selection_score
13,0.5384615384615384,0.8830279262396658,1310.0625,32,24,0.7932692307692306,0.662824289252224
12,0.5,0.8437876110436621,1397.4,30,24,1.0,0.6609469027609155
14,0.5,0.8829672966984587,1310.0625,32,24,0.7932692307692306,0.6397322087899993
11,0.5454545454545454,0.8445292705862202,1233.0,34,24,0.6108597285067872,0.6300340041953004
15,0.4666666666666667,0.8829672966984587,1310.0625,32,24,0.7932692307692306,0.6197322087899992
16,0.4375,0.8829672966984587,1310.0625,32,24,0.7932692307692306,0.6022322087899993
18,0.4444444444444444,0.8564612809926824,974.9302325581396,43,24,0.0,0.48078198691483726
17,0.4117647058823529,0.8421956333847791,998.1428571428571,42,24,0.05494505494505482,0.46584949011736476
