K,dominant_ratio,balance_entropy,mean_segment_length,segment_count,meta_min_len,coherence,selection_score
10,0.4,0.8779836087605112,2463.0,14,24,1.0,0.6094959021901278
11,0.45454545454545453,0.8600014059663336,2155.125,16,24,0.625,0.5814776242188561
12,0.4166666666666667,0.8600014059663336,2155.125,16,24,0.625,0.5587503514915834
13,0.38461538461538464,0.8368632304718033,1724.1,20,24,0.0999999999999999,0.4549850383871816
14,0.35714285714285715,0.8146623611837701,1642.0,21,24,0.0,0.4179513045816568
15,0.3333333333333333,0.8146623611837701,1642.0,21,24,0.0,0.4036655902959425
16,0.3125,0.8146623611837701,1642.0,21,24,0.0,0.39116559029594256
