K,dominant_ratio,balance_entropy,mean_segment_length,segment_count,meta_min_len,coherence,selection_score
13,0.46153846153846156,0.8837593526799198,1709.95,20,24,1.0,0.6478629150930569
12,0.4166666666666667,0.8845866507237886,1709.95,20,24,1.0,0.6211466626809472
15,0.4666666666666667,0.8587618403259318,1628.5238095238096,21,24,0.6349206349206354,0.5899285553195782
14,0.42857142857142855,0.8588673960145506,1628.5238095238096,21,24,0.6349206349206354,0.5670978013845901
16,0.375,0.8435593082388672,1486.9130434782608,23,24,0.0,0.4358898270597168
