K,dominant_ratio,balance_entropy,mean_segment_length,segment_count,meta_min_len,coherence,selection_score
10,0.4,0.8035468011648369,2771.3846153846152,13,24,1.0,0.5908867002912093
11,0.36363636363636365,0.7932405322089654,2001.5555555555557,18,24,0.5652173913043479,0.5012745599297117
12,0.3333333333333333,0.8132000559698623,1242.344827586207,29,24,0.13643178410794607,0.4237647816086575
13,0.3076923076923077,0.8279245026550162,1125.875,32,24,0.07065217391304346,0.4021943363660952
16,0.3125,0.849511116480695,1000.7777777777778,36,24,0.0,0.39987777912017375
14,0.2857142857142857,0.8279245026550162,1125.875,32,24,0.07065217391304346,0.38900752317928194
15,0.26666666666666666,0.809448025544128,1091.7575757575758,33,24,0.05138339920948614,0.37006951626745493
