K,dominant_ratio,balance_entropy,mean_segment_length,segment_count,meta_min_len,coherence,selection_score
11,0.45454545454545453,0.8243137202497182,1215.551724137931,29,24,1.0,0.6288057027897023
12,0.4166666666666667,0.8243137202497182,1215.551724137931,29,24,1.0,0.6060784300624296
13,0.38461538461538464,0.8243137202497182,1215.551724137931,29,24,1.0,0.5868476608316603
14,0.35714285714285715,0.8004131769947913,1215.551724137931,29,24,1.0,0.5643890085344121
15,0.3333333333333333,0.8006420945648982,1215.551724137931,29,24,1.0,0.5501605236412246
16,0.3125,0.8006420945648982,1215.551724137931,29,24,1.0,0.5376605236412245
17,0.29411764705882354,0.800930999634404,1215.551724137931,29,24,1.0,0.5267033381438951
