K,dominant_ratio,balance_entropy,mean_segment_length,segment_count,meta_min_len,coherence,selection_score
11,0.45454545454545453,0.82642783560618,1453.5416666666667,24,24,0.8625000000000004,0.6087092316288177
13,0.38461538461538464,0.8470872551135948,1516.7391304347825,23,24,1.0,0.5925410445476295
14,0.35714285714285715,0.8470872551135948,1516.7391304347825,23,24,1.0,0.576057528064113
12,0.4166666666666667,0.8484922448726425,1395.4,25,24,0.7360000000000004,0.5725230612181607
17,0.47058823529411764,0.895403633027908,1057.121212121212,33,24,0.0,0.5062038494334475
16,0.4375,0.895403633027908,1057.121212121212,33,24,0.0,0.486350908256977
15,0.3333333333333333,0.8588989884010754,1125.3225806451612,31,24,0.14838709677419365,0.4369828116163979
