K,dominant_ratio,balance_entropy,mean_segment_length,segment_count,meta_min_len,coherence,selection_score
13,0.38461538461538464,0.8211784218411581,2117.6666666666665,15,24,0.8296296296296293,0.5605082806739646
14,0.42857142857142855,0.8578504036742604,1868.5294117647059,17,24,0.5490196078431371,0.5539583992378927
12,0.3333333333333333,0.7901967040501418,2268.9285714285716,14,24,1.0,0.5475491760125354
15,0.4,0.8388487841719361,1764.7222222222222,18,24,0.4320987654320986,0.5145270108577988
16,0.375,0.8388473412592271,1764.7222222222222,18,24,0.4320987654320986,0.4995266501296215
17,0.35294117647058826,0.8219384581257809,1588.25,20,24,0.2333333333333332,0.4522493204137981
18,0.3888888888888889,0.8634053091660187,1381.0869565217392,23,24,0.0,0.449184660624838
