K,dominant_ratio,balance_entropy,mean_segment_length,segment_count,meta_min_len,coherence,selection_score
11,0.45454545454545453,0.8025283035400483,1868.357142857143,14,24,1.0,0.6233593486122848
17,0.47058823529411764,0.8810060594377503,1538.6470588235295,17,24,0.20588235294117654,0.5334868089770847
18,0.4444444444444444,0.8810060594377503,1538.6470588235295,17,24,0.20588235294117654,0.5178005344672807
13,0.46153846153846156,0.8495406833867055,1453.1666666666667,18,24,0.0,0.48930824776975335
16,0.4375,0.8496396364779656,1453.1666666666667,18,24,0.0,0.4749099091194914
14,0.42857142857142855,0.8496396364779656,1453.1666666666667,18,24,0.0,0.46955276626234854
15,0.4,0.8496396364779656,1453.1666666666667,18,24,0.0,0.4524099091194914
12,0.4166666666666667,0.7939688857541782,1453.1666666666667,18,24,0.0,0.44849222143854456
