K,dominant_ratio,balance_entropy,mean_segment_length,segment_count,meta_min_len,coherence,selection_score
10,0.4,0.838481416382036,2024.9285714285713,14,24,1.0,0.599620354095509
15,0.5333333333333333,0.9029397310629863,1574.9444444444443,18,24,0.0,0.5457349327657466
17,0.47058823529411764,0.9033132248261785,1667.5882352941176,17,24,0.20588235294117652,0.5390636003241916
16,0.5,0.9029397310629863,1574.9444444444443,18,24,0.0,0.5257349327657466
18,0.4444444444444444,0.9033132248261785,1667.5882352941176,17,24,0.20588235294117652,0.5233773258143878
11,0.36363636363636365,0.8080617047663688,1771.8125,16,24,0.4375000000000002,0.48582224437341043
14,0.42857142857142855,0.9029397310629863,1574.9444444444443,18,24,0.0,0.4828777899086037
13,0.38461538461538464,0.8501482421513141,1667.5882352941176,17,24,0.20588235294117652,0.4741886442482358
12,0.3333333333333333,0.8080617047663688,1771.8125,16,24,0.4375000000000002,0.46764042619159224
