K,dominant_ratio,balance_entropy,mean_segment_length,segment_count,meta_min_len,coherence,selection_score
11,0.45454545454545453,0.8520306292019177,1918.0714285714287,14,24,1.0,0.6357349300277522
14,0.5,0.9060396695943949,1413.3157894736842,19,24,0.0,0.5265099173985988
12,0.5,0.9059867459727541,1413.3157894736842,19,24,0.0,0.5264966864931885
15,0.4666666666666667,0.9060396695943949,1413.3157894736842,19,24,0.0,0.5065099173985987
13,0.46153846153846156,0.9060396695943949,1413.3157894736842,19,24,0.0,0.5034329943216757
