K,dominant_ratio,balance_entropy,mean_segment_length,segment_count,meta_min_len,coherence,selection_score
10,0.5,0.8541264209228572,2333.0,12,24,1.0,0.6635316052307143
11,0.45454545454545453,0.8541479835449313,2333.0,12,24,1.0,0.6362642686135055
12,0.4166666666666667,0.8541479835449313,2333.0,12,24,1.0,0.6135369958862328
13,0.38461538461538464,0.8541479835449313,2333.0,12,24,1.0,0.5943062266554636
14,0.35714285714285715,0.8541479835449313,2333.0,12,24,1.0,0.5778227101719471
15,0.3333333333333333,0.8541479835449313,2333.0,12,24,1.0,0.5635369958862328
