K,dominant_ratio,balance_entropy,mean_segment_length,segment_count,meta_min_len,coherence,selection_score
10,0.4,0.8666246684956131,1783.0,15,24,1.0,0.6066561671239032
11,0.36363636363636365,0.8666246684956131,1783.0,15,24,1.0,0.5848379853057215
12,0.4166666666666667,0.8938246294967823,1407.6315789473683,19,24,0.394736842105263,0.532666683689985
15,0.4,0.8735563921761365,1162.8260869565217,23,24,0.0,0.4583890980440341
13,0.38461538461538464,0.8744673904178608,1162.8260869565217,23,24,0.0,0.449386078373696
14,0.35714285714285715,0.8743406523848529,1162.8260869565217,23,24,0.0,0.43287087738192753
