K,dominant_ratio,balance_entropy,mean_segment_length,segment_count,meta_min_len,coherence,selection_score
12,0.3333333333333333,0.835672132262578,2323.769230769231,13,24,1.0,0.5589180330656445
13,0.3076923076923077,0.835672132262578,2323.769230769231,13,24,1.0,0.5435334176810291
14,0.35714285714285715,0.8083500509127938,2157.785714285714,14,24,0.7428571428571425,0.5278017984424841
15,0.3333333333333333,0.8083500509127938,2157.785714285714,14,24,0.7428571428571425,0.5135160841567699
16,0.375,0.8317298672064446,1777.0,17,24,0.15294117647058814,0.45587364327219937
17,0.4117647058823529,0.8096152439773322,1678.2777777777778,18,24,0.0,0.4494626345237448
