K,dominant_ratio,balance_entropy,mean_segment_length,segment_count,meta_min_len,coherence,selection_score
11,0.45454545454545453,0.8762360104754664,1517.7619047619048,21,24,1.0,0.6417862753461393
12,0.4166666666666667,0.8762360104754664,1517.7619047619048,21,24,1.0,0.6190590026188666
13,0.46153846153846156,0.8433536389923332,1274.92,25,24,0.16799999999999998,0.5129614866711603
14,0.42857142857142855,0.8433536389923332,1274.92,25,24,0.16799999999999998,0.49318126689094044
15,0.4,0.8669696478408423,1225.8846153846155,26,24,0.0,0.4567424119602106
