K,dominant_ratio,balance_entropy,mean_segment_length,segment_count,meta_min_len,coherence,selection_score
10,0.4,0.8495178301823576,2927.3636363636365,11,24,1.0,0.6023794575455894
11,0.36363636363636365,0.8495178301823576,2927.3636363636365,11,24,1.0,0.5805612757274076
12,0.3333333333333333,0.8279671852015708,2477.0,13,24,0.28205128205128216,0.449299488608085
13,0.3076923076923077,0.8275532716646203,2300.0714285714284,14,24,0.0,0.3915037025315397
14,0.2857142857142857,0.8141261944625876,2300.0714285714284,14,24,0.0,0.3749601200442183
15,0.26666666666666666,0.8141261944625876,2300.0714285714284,14,24,0.0,0.3635315486156469
