K,dominant_ratio,balance_entropy,mean_segment_length,segment_count,meta_min_len,coherence,selection_score
12,0.5,0.861960269446204,1890.6470588235295,17,24,0.7843137254901962,0.6331371261850804
14,0.42857142857142855,0.8362026832557854,2008.8125,16,24,1.0,0.6161935279568035
13,0.46153846153846156,0.8341976748212389,1785.611111111111,18,24,0.5925925925925926,0.5743613845172756
15,0.4,0.8170246498294046,1785.611111111111,18,24,0.5925925925925926,0.53314505134624
16,0.375,0.8048309758862585,1460.9545454545455,22,24,0.0,0.4262077439715646
17,0.35294117647058826,0.8048309758862585,1460.9545454545455,22,24,0.0,0.41297244985391757
