K,dominant_ratio,balance_entropy,mean_segment_length,segment_count,meta_min_len,coherence,selection_score
11,0.36363636363636365,0.7935835707090737,2033.9375,16,24,1.0,0.5665777108590866
12,0.3333333333333333,0.7935835707090737,2033.9375,16,24,1.0,0.5483958926772684
13,0.3076923076923077,0.7935835707090737,2033.9375,16,24,1.0,0.5330112772926531
14,0.2857142857142857,0.770150149657044,1807.9444444444443,18,24,0.2962962962962957,0.40841055328727677
15,0.26666666666666666,0.7839943387144664,1712.7894736842106,19,24,0.0,0.3559985846786166
16,0.25,0.7839943387144664,1712.7894736842106,19,24,0.0,0.3459985846786166
