K,dominant_ratio,balance_entropy,mean_segment_length,segment_count,meta_min_len,coherence,selection_score
11,0.36363636363636365,0.8490175239891197,1395.2,20,24,1.0,0.5804361991790981
12,0.3333333333333333,0.840283163941981,1328.7619047619048,21,24,0.7619047619047619,0.5243565052712096
14,0.35714285714285715,0.8040825134605365,1268.3636363636363,22,24,0.5454545454545449,0.49712452446903016
13,0.3076923076923077,0.8233604445289324,1268.3636363636363,22,24,0.5454545454545449,0.47227367756579947
15,0.3333333333333333,0.7897621496581161,1162.6666666666667,24,24,0.16666666666666666,0.422440537414529
16,0.3125,0.7897621496581161,1162.6666666666667,24,24,0.16666666666666666,0.40994053741452907
17,0.29411764705882354,0.7758076874893205,1116.16,25,24,0.0,0.3704225101076243
