K,dominant_ratio,balance_entropy,mean_segment_length,segment_count,meta_min_len,coherence,selection_score
10,0.4,0.8361529853370868,2439.0833333333335,12,24,1.0,0.5990382463342717
11,0.36363636363636365,0.8361529853370868,2439.0833333333335,12,24,1.0,0.5772200645160899
12,0.3333333333333333,0.8361529853370868,2439.0833333333335,12,24,1.0,0.5590382463342717
13,0.3076923076923077,0.8361529853370868,2439.0833333333335,12,24,1.0,0.5436536309496564
14,0.2857142857142857,0.8361529853370868,2439.0833333333335,12,24,1.0,0.5304668177628431
15,0.26666666666666666,0.8381422227376741,2251.4615384615386,13,24,0.8391608391608392,0.49540968155854437
16,0.25,0.8643666134868122,1393.7619047619048,21,24,0.103896103896104,0.3816760689561186
17,0.23529411764705882,0.8418124469980248,1272.5652173913043,23,24,0.0,0.3516295823377415
18,0.2222222222222222,0.8418124469980248,1272.5652173913043,23,24,0.0,0.3437864450828395
