K,dominant_ratio,balance_entropy,mean_segment_length,segment_count,meta_min_len,coherence,selection_score
11,0.2727272727272727,0.7418932103349751,1786.4,15,24,1.0,0.49910966622010744
16,0.375,0.8142393490987677,1218.0,22,24,0.0852272727272728,0.4413439281837829
14,0.35714285714285715,0.792835026654749,1165.0434782608695,23,24,0.0,0.4124944709494015
15,0.3333333333333333,0.7816236832324276,1218.0,22,24,0.0852272727272728,0.4081900117171978
12,0.25,0.741876160360428,1410.3157894736842,19,24,0.3947368421052631,0.3946795664058965
13,0.23076923076923078,0.7297167507749177,1218.0,22,24,0.0852272727272728,0.33367481706435886
