K,dominant_ratio,balance_entropy,mean_segment_length,segment_count,meta_min_len,coherence,selection_score
14,0.35714285714285715,0.8403838765857988,1988.0714285714287,14,24,1.0,0.574381683432164
12,0.3333333333333333,0.8404391722544128,1988.0714285714287,14,24,1.0,0.5601097930636032
15,0.3333333333333333,0.8404142242429598,1988.0714285714287,14,24,1.0,0.5601035560607399
13,0.3076923076923077,0.8404391722544128,1988.0714285714287,14,24,1.0,0.5447251776789879
16,0.3125,0.8207448407068398,1855.5333333333333,15,24,0.0,0.39268621017670996
17,0.29411764705882354,0.8207448407068398,1855.5333333333333,15,24,0.0,0.38165679841200406
