K,dominant_ratio,balance_entropy,mean_segment_length,segment_count,meta_min_len,coherence,selection_score
12,0.3333333333333333,0.8033831383405926,1871.8666666666666,15,24,1.0,0.5508457845851481
13,0.3076923076923077,0.7942269249029196,1651.6470588235295,17,24,0.4411764705882355,0.4493485864293499
14,0.35714285714285715,0.7963886064434117,1559.888888888889,18,24,0.20833333333333323,0.4446328658965672
15,0.3333333333333333,0.7793711451527705,1477.7894736842106,19,24,0.0,0.3948427862881926
16,0.3125,0.7793711451527705,1477.7894736842106,19,24,0.0,0.3823427862881926
