K,dominant_ratio,balance_entropy,mean_segment_length,segment_count,meta_min_len,coherence,selection_score
9,0.5555555555555556,0.860147076226228,2432.3571428571427,14,24,1.0,0.6983701023898904
11,0.5454545454545454,0.8671970236952959,2270.2,15,24,0.7466666666666666,0.6560719831965512
10,0.5,0.8230496476894825,2270.2,15,24,0.7466666666666666,0.6177624119223706
12,0.4166666666666667,0.8709850615227491,2003.1176470588234,17,24,0.32941176470588224,0.5171580300865697
13,0.46153846153846156,0.8417448896674067,1891.8333333333333,18,24,0.15555555555555545,0.5106926326732619
14,0.42857142857142855,0.8417448896674067,1891.8333333333333,18,24,0.15555555555555545,0.4909124128930421
15,0.4,0.8417448896674067,1891.8333333333333,18,24,0.15555555555555545,0.473769555750185
16,0.375,0.826938201751124,1792.2631578947369,19,24,0.0,0.431734550437781
