K,dominant_ratio,balance_entropy,mean_segment_length,segment_count,meta_min_len,coherence,selection_score
11,0.5454545454545454,0.845443159063023,2121.9333333333334,15,24,1.0,0.688633517038483
12,0.5,0.845443159063023,2121.9333333333334,15,24,1.0,0.6613607897657557
13,0.46153846153846156,0.8397130233849786,1989.3125,16,24,0.0,0.4868513327693216
14,0.42857142857142855,0.8397130233849786,1989.3125,16,24,0.0,0.46707111298910176
15,0.4,0.8397130233849786,1989.3125,16,24,0.0,0.44992825584624463
