K,dominant_ratio,balance_entropy,mean_segment_length,segment_count,meta_min_len,coherence,selection_score
10,0.6,0.9139112733284693,2142.6,15,24,1.0,0.7384778183321173
9,0.5555555555555556,0.9139112733284693,2142.6,15,24,1.0,0.7118111516654507
11,0.5454545454545454,0.8907546256176133,1890.5294117647059,17,24,0.661764705882353,0.6492260895594835
12,0.5,0.8674543156305762,1785.5,18,24,0.5208333333333334,0.594988578907644
13,0.46153846153846156,0.8674543156305762,1785.5,18,24,0.5208333333333334,0.571911655830721
14,0.42857142857142855,0.8674543156305762,1785.5,18,24,0.5208333333333334,0.5521314360505012
15,0.4,0.8674543156305762,1785.5,18,24,0.5208333333333334,0.5349885789076441
16,0.375,0.8726656573033488,1397.3478260869565,23,24,0.0,0.44316641432583714
