K,dominant_ratio,balance_entropy,mean_segment_length,segment_count,meta_min_len,coherence,selection_score
12,0.5,0.8905069573375171,1594.2,20,24,1.0,0.6726267393343793
13,0.46153846153846156,0.8905069573375171,1594.2,20,24,1.0,0.6495498162574562
14,0.42857142857142855,0.889952652321944,1594.2,20,24,1.0,0.6296310202233432
15,0.4,0.8722492778846425,1518.2857142857142,21,24,0.7619047619047616,0.5723480337568748
16,0.375,0.8532454622482117,1518.2857142857142,21,24,0.7619047619047616,0.5525970798477672
17,0.35294117647058826,0.8420877148016329,1275.36,25,24,0.0,0.42228663458276117
