K,dominant_ratio,balance_entropy,mean_segment_length,segment_count,meta_min_len,coherence,selection_score
12,0.3333333333333333,0.8209119453533045,1519.578947368421,19,24,1.0,0.5552279863383262
13,0.38461538461538464,0.7989091496613786,1443.6,20,24,0.7599999999999998,0.5444965181845755
14,0.35714285714285715,0.7989091496613786,1443.6,20,24,0.7599999999999998,0.5280130017010589
15,0.4,0.7872464953483113,1203.0,24,24,0.0,0.43681162383707783
16,0.375,0.7718543166917997,1203.0,24,24,0.0,0.4179635791729499
17,0.35294117647058826,0.7718543166917997,1203.0,24,24,0.0,0.4047282850553029
