K,dominant_ratio,balance_entropy,mean_segment_length,segment_count,meta_min_len,coherence,selection_score
14,0.42857142857142855,0.8387600377911258,1510.7058823529412,17,24,1.0,0.6168328665906386
12,0.4166666666666667,0.8589145169036592,1510.7058823529412,17,24,1.0,0.6147286292259148
15,0.4,0.8390066531019192,1510.7058823529412,17,24,1.0,0.5997516632754798
13,0.38461538461538464,0.8589145169036592,1510.7058823529412,17,24,1.0,0.5954978599951456
16,0.375,0.8254838028876632,1351.6842105263158,19,24,0.0,0.4313709507219158
17,0.35294117647058826,0.8254838028876632,1351.6842105263158,19,24,0.0,0.41813565660426877
