K,dominant_ratio,balance_entropy,mean_segment_length,segment_count,meta_min_len,coherence,selection_score
13,0.46153846153846156,0.8441998591192618,1552.111111111111,18,24,1.0,0.6379730417028924
14,0.42857142857142855,0.8400052188321466,1470.421052631579,19,24,0.7578947368421054,0.5808283723772096
15,0.4,0.8400052188321466,1470.421052631579,19,24,0.7578947368421054,0.5636855152343525
17,0.47058823529411764,0.8553720084718872,1269.909090909091,22,24,0.163636363636364,0.520741397839897
16,0.4375,0.8252944801507782,1269.909090909091,22,24,0.163636363636364,0.49336907458314916
18,0.3888888888888889,0.8528211053796653,1214.695652173913,23,24,0.0,0.44653860967824965
19,0.3684210526315789,0.8528211053796653,1214.695652173913,23,24,0.0,0.43425790792386365
