K,dominant_ratio,balance_entropy,mean_segment_length,segment_count,meta_min_len,coherence,selection_score
11,0.5454545454545454,0.9256270181764965,1811.142857142857,14,24,1.0,0.7086794818168514
12,0.5833333333333334,0.9112702782239323,1491.5294117647059,17,24,0.4705882352941177,0.6484058048501007
13,0.5384615384615384,0.9123638195074804,1334.5263157894738,19,24,0.21052631578947395,0.5827468253222142
14,0.5,0.8965348570325794,1334.5263157894738,19,24,0.21052631578947395,0.5557126616265659
15,0.4666666666666667,0.8773045939484403,1207.4285714285713,21,24,0.0,0.49932614848711004
16,0.4375,0.8773045939484403,1207.4285714285713,21,24,0.0,0.4818261484871101
17,0.4117647058823529,0.877795074001951,1207.4285714285713,21,24,0.0,0.4665075920298995
