K,dominant_ratio,balance_entropy,mean_segment_length,segment_count,meta_min_len,coherence,selection_score
11,0.5454545454545454,0.8461510007697225,1776.9375,16,24,1.0,0.6888104774651579
12,0.5,0.8250967827029402,1672.4117647058824,17,24,0.7843137254901963,0.6239212544992645
13,0.5384615384615384,0.8667687258307154,1496.3684210526317,19,24,0.4210526315789476,0.6029269992714441
14,0.5,0.8641210174465811,1292.3181818181818,22,24,0.0,0.5160302543616453
17,0.4117647058823529,0.8554372394229913,1421.55,20,24,0.26666666666666666,0.5009181333851596
15,0.4666666666666667,0.8649691864015322,1292.3181818181818,22,24,0.0,0.496242296600383
16,0.4375,0.8644443691942891,1292.3181818181818,22,24,0.0,0.4786110922985723
18,0.3888888888888889,0.8398905527543107,1353.857142857143,21,24,0.12698412698412717,0.46235359056953007
