K,dominant_ratio,balance_entropy,mean_segment_length,segment_count,meta_min_len,coherence,selection_score
12,0.5833333333333334,0.8832844397298485,2095.230769230769,13,24,1.0,0.7208211099324622
13,0.5384615384615384,0.8750420645432951,1815.8666666666666,15,24,0.7222222222222222,0.6501707725460801
14,0.42857142857142855,0.8634991441460702,1513.2222222222222,18,24,0.42129629629629634,0.5362120876238191
16,0.4375,0.8843154796845277,1238.090909090909,22,24,0.14772727272727268,0.5057379608302228
15,0.4,0.8543848430024326,1433.578947368421,19,24,0.3421052631578948,0.5049120002242924
17,0.4117647058823529,0.8694007244195965,1089.52,25,24,0.0,0.4644090046343109
