K,dominant_ratio,balance_entropy,mean_segment_length,segment_count,meta_min_len,coherence,selection_score
11,0.45454545454545453,0.898237830693266,1279.6,30,24,1.0,0.6472867304005893
10,0.4,0.898237830693266,1279.6,30,24,1.0,0.6145594576733165
12,0.4166666666666667,0.8887147138770577,1199.625,32,24,0.6250000000000004,0.5659286784692645
13,0.46153846153846156,0.8503947590258701,1129.0588235294117,34,24,0.29411764705882365,0.5336394137383681
16,0.375,0.8190188821018733,1199.625,32,24,0.6250000000000004,0.5235047205254684
14,0.42857142857142855,0.8174368146000534,1129.0588235294117,34,24,0.29411764705882365,0.5056197078516941
15,0.4,0.8202997540008451,1066.3333333333333,36,24,0.0,0.4450749385002113
