K,dominant_ratio,balance_entropy,mean_segment_length,segment_count,meta_min_len,coherence,selection_score
10,0.5,0.8530735666725016,2514.6666666666665,18,24,1.0,0.6632683916681253
11,0.45454545454545453,0.8530735666725016,2514.6666666666665,18,24,1.0,0.6359956643953981
17,0.47058823529411764,0.8563450300337035,1331.2941176470588,34,24,0.0,0.4964391986848965
16,0.4375,0.8564948668170436,1331.2941176470588,34,24,0.0,0.4766237167042609
13,0.38461538461538464,0.844508398987134,1414.5,32,24,0.07031250000000004,0.4524432055160143
15,0.4,0.816079740618866,1331.2941176470588,34,24,0.0,0.4440199351547165
14,0.35714285714285715,0.844508398987134,1414.5,32,24,0.07031250000000004,0.43595968903249777
12,0.3333333333333333,0.844508398987134,1414.5,32,24,0.07031250000000004,0.42167397474678353
