K,dominant_ratio,balance_entropy,mean_segment_length,segment_count,meta_min_len,coherence,selection_score
12,0.5,0.8418902095136792,1517.84,25,24,1.0,0.6604725523784198
13,0.46153846153846156,0.8419010749731153,1517.84,25,24,1.0,0.6373983456663558
11,0.45454545454545453,0.8418902095136792,1517.84,25,24,1.0,0.6331998251056925
14,0.5,0.8719981870993204,1405.4074074074074,27,24,0.0,0.5179995467748301
15,0.4666666666666667,0.8719981870993204,1405.4074074074074,27,24,0.0,0.49799954677483005
16,0.4375,0.8719981870993204,1405.4074074074074,27,24,0.0,0.4804995467748301
10,0.4,0.8436829811339516,1405.4074074074074,27,24,0.0,0.4509207452834879
