K,dominant_ratio,balance_entropy,mean_segment_length,segment_count,meta_min_len,coherence,selection_score
10,0.4,0.8671032709979583,2764.2,15,24,1.0,0.6067758177494895
11,0.36363636363636365,0.8542904205755671,2591.4375,16,24,0.7500000000000001,0.54425442332571
12,0.3333333333333333,0.8542904205755671,2591.4375,16,24,0.7500000000000001,0.5260726051438918
15,0.4666666666666667,0.8247179776905779,2073.15,20,24,0.0,0.4861794944226444
13,0.46153846153846156,0.8248545862249818,2073.15,20,24,0.0,0.48313672347932235
16,0.4375,0.8247179776905779,2073.15,20,24,0.0,0.46867949442264445
14,0.42857142857142855,0.8248545862249818,2073.15,20,24,0.0,0.46335650369910253
17,0.4117647058823529,0.8247179776905779,2073.15,20,24,0.0,0.4532383179520562
