K,dominant_ratio,balance_entropy,mean_segment_length,segment_count,meta_min_len,coherence,selection_score
12,0.4166666666666667,0.9474038432879751,3649.1666666666665,12,24,1.0,0.6368509608219938
16,0.5625,0.9131880410777239,2919.3333333333335,15,24,0.0,0.565797010269431
13,0.38461538461538464,0.9306697514488707,3368.4615384615386,13,24,0.6153846153846155,0.5557443609391408
17,0.5294117647058824,0.9131880410777239,2919.3333333333335,15,24,0.0,0.5459440690929603
15,0.4666666666666667,0.9028220022653634,2919.3333333333335,15,24,0.0,0.5057055005663408
14,0.42857142857142855,0.9028220022653634,2919.3333333333335,15,24,0.0,0.482848357709198
