K,dominant_ratio,balance_entropy,mean_segment_length,segment_count,meta_min_len,coherence,selection_score
14,0.5,0.8771948311967653,3030.823529411765,17,24,1.0,0.6692987077991913
16,0.5,0.857026947119649,2711.7894736842104,19,24,0.0,0.5142567367799122
18,0.5,0.8565949541070785,2711.7894736842104,19,24,0.0,0.5141487385267696
17,0.47058823529411764,0.857026947119649,2711.7894736842104,19,24,0.0,0.49660967795638283
15,0.4666666666666667,0.857026947119649,2711.7894736842104,19,24,0.0,0.4942567367799122
