K,dominant_ratio,balance_entropy,mean_segment_length,segment_count,meta_min_len,coherence,selection_score
16,0.4375,0.9054581917861034,4066.846153846154,13,24,1.0,0.6388645479465259
14,0.42857142857142855,0.9054581917861034,4066.846153846154,13,24,1.0,0.633507405089383
12,0.4166666666666667,0.9056000742355647,4066.846153846154,13,24,1.0,0.6264000185588912
15,0.4,0.9054581917861034,4066.846153846154,13,24,1.0,0.6163645479465258
13,0.38461538461538464,0.9054581917861034,4066.846153846154,13,24,1.0,0.6071337787157567
11,0.36363636363636365,0.9056000742355647,4066.846153846154,13,24,1.0,0.5945818367407093
18,0.4444444444444444,0.8771509087657994,3304.3125,16,24,0.0,0.4859543938581165
17,0.4117647058823529,0.8771509087657994,3304.3125,16,24,0.0,0.4663465507208616
