K,dominant_ratio,balance_entropy,mean_segment_length,segment_count,meta_min_len,coherence,selection_score
14,0.42857142857142855,0.9324969054121929,3199.875,16,24,1.0,0.6402670834959053
15,0.4,0.9324969054121929,3199.875,16,24,1.0,0.6231242263530482
16,0.4375,0.8996091357053856,2694.6315789473683,19,24,0.4812030075187969,0.559582735054166
17,0.4117647058823529,0.899533271856103,2694.6315789473683,19,24,0.4812030075187969,0.5441225926212571
19,0.42105263157894735,0.8715373675094276,2694.6315789473683,19,24,0.4812030075187969,0.5426963719525448
18,0.3888888888888889,0.8714753614539047,2694.6315789473683,19,24,0.4812030075187969,0.523382624824629
20,0.35,0.8284794950803568,2226.0,23,24,0.0,0.4171198737700892
