K,dominant_ratio,balance_entropy,mean_segment_length,segment_count,meta_min_len,coherence,selection_score
14,0.5,0.8734610902128918,2037.3076923076924,26,24,1.0,0.668365272553223
15,0.4666666666666667,0.853990782457757,1961.851851851852,27,24,0.0,0.49349769561443924
16,0.4375,0.853990782457757,1961.851851851852,27,24,0.0,0.4759976956144393
19,0.42105263157894735,0.83297646718802,1961.851851851852,27,24,0.0,0.46087569574437337
17,0.4117647058823529,0.8543727300184368,1961.851851851852,27,24,0.0,0.46065200603402096
18,0.3888888888888889,0.8543727300184368,1961.851851851852,27,24,0.0,0.4469265158379425
