K,dominant_ratio,balance_entropy,mean_segment_length,segment_count,meta_min_len,coherence,selection_score
14,0.5,0.9067939237096265,3480.4,15,24,1.0,0.6766984809274067
13,0.38461538461538464,0.9310633663471948,3262.875,16,24,0.9051724137931034,0.599310934424995
15,0.4666666666666667,0.9118025220911586,1373.842105263158,38,24,0.08166969147005446,0.5202010842432978
19,0.47368421052631576,0.8823229394972983,1186.5,44,24,0.0,0.5047912611901141
17,0.47058823529411764,0.8822252300943333,1186.5,44,24,0.0,0.5029092487000539
16,0.4375,0.8995664814823242,1214.093023255814,43,24,0.01202886928628708,0.4891959507635241
18,0.4444444444444444,0.8823229394972983,1186.5,44,24,0.0,0.4872474015409912
