K,dominant_ratio,balance_entropy,mean_segment_length,segment_count,meta_min_len,coherence,selection_score
8,0.5,0.8213420167659422,909.0,22,24,1.0,0.6553355041914856
9,0.4444444444444444,0.8245814150080497,740.6666666666666,27,24,0.0,0.4728120204186791
10,0.4,0.789662319388232,740.6666666666666,27,24,0.0,0.437415579847058
