K,dominant_ratio,balance_entropy,mean_segment_length,segment_count,meta_min_len,coherence,selection_score
7,0.42857142857142855,0.8358578461093518,952.2857142857143,21,24,1.0,0.6161073186701951
8,0.5,0.8418388416363087,740.6666666666666,27,24,0.259259259259259,0.549348599297966
10,0.5,0.8023323460250155,714.2142857142857,28,24,0.1666666666666664,0.5255830865062537
9,0.4444444444444444,0.8023323460250155,714.2142857142857,28,24,0.1666666666666664,0.49224975317292047
11,0.45454545454545453,0.7784357308695615,666.6,30,24,0.0,0.4673362054446631
12,0.4166666666666667,0.7477824598613791,666.6,30,24,0.0,0.4369456149653448
