K,dominant_ratio,balance_entropy,mean_segment_length,segment_count,meta_min_len,coherence,selection_score
6,0.5,0.908815545403175,869.4782608695652,23,24,1.0,0.6772038863507938
7,0.42857142857142855,0.9097942101411669,833.25,24,24,0.4791666666666668,0.5564664096781489
8,0.5,0.850229816130582,799.92,25,24,0.0,0.5125574540326455
9,0.4444444444444444,0.8486764124682543,799.92,25,24,0.0,0.4788357697837302
10,0.4,0.8486400057375177,799.92,25,24,0.0,0.4521600014343794
11,0.36363636363636365,0.7653731574682945,799.92,25,24,0.0,0.4095251075488918
12,0.3333333333333333,0.7653731574682945,799.92,25,24,0.0,0.39134328936707363
