K,dominant_ratio,balance_entropy,mean_segment_length,segment_count,meta_min_len,coherence,selection_score
7,0.42857142857142855,0.7776722130823852,999.9,20,24,1.0,0.6015609104134534
8,0.375,0.735324157879329,909.0,22,24,0.7692307692307693,0.5242156548544477
9,0.3333333333333333,0.7237741991174317,769.1538461538462,26,24,0.4142011834319528,0.44307372729415084
12,0.3333333333333333,0.6566212866187343,645.0967741935484,31,24,0.09925558312655094,0.3790436591236662
10,0.3,0.7217677555712477,624.9375,32,24,0.04807692307692308,0.3676534773543504
11,0.2727272727272727,0.6880559901284191,606.0,33,24,0.0,0.33565036116846836
