K,dominant_ratio,balance_entropy,mean_segment_length,segment_count,meta_min_len,coherence,selection_score
8,0.375,0.785282195235327,645.0967741935484,31,24,1.0,0.5713205488088318
9,0.3333333333333333,0.7458210964392467,645.0967741935484,31,24,1.0,0.5364552741098116
10,0.3,0.744954645217251,645.0967741935484,31,24,1.0,0.5162386613043127
11,0.2727272727272727,0.744954645217251,645.0967741935484,31,24,1.0,0.49987502494067637
