K,dominant_ratio,balance_entropy,mean_segment_length,segment_count,meta_min_len,coherence,selection_score
8,0.625,0.8520310826599582,624.9375,32,24,0.3625000000000002,0.6423827706649896
7,0.42857142857142855,0.8779333363051253,689.5862068965517,29,24,1.0,0.6266261912191384
9,0.5555555555555556,0.8196154190411644,624.9375,32,24,0.3625000000000002,0.5926121880936245
10,0.5,0.7957611113171335,588.1764705882352,34,24,0.0,0.49894027782928335
11,0.45454545454545453,0.7957611113171335,588.1764705882352,34,24,0.0,0.47166755055655607
12,0.4166666666666667,0.7925853730190716,588.1764705882352,34,24,0.0,0.4481463432547679
