K,dominant_ratio,balance_entropy,mean_segment_length,segment_count,meta_min_len,coherence,selection_score
7,0.5714285714285714,0.8389834610136623,952.2857142857143,21,24,1.0,0.7026030081105584
8,0.5,0.7973743846806765,909.0,22,24,0.7636363636363633,0.6138890507156236
9,0.4444444444444444,0.7973743846806765,909.0,22,24,0.7636363636363633,0.5805557173822903
10,0.4,0.7795404804884845,769.1538461538462,26,24,0.0,0.4348851201221211
11,0.36363636363636365,0.7469928118511878,769.1538461538462,26,24,0.0,0.4049300211446151
