K,dominant_ratio,balance_entropy,mean_segment_length,segment_count,meta_min_len,coherence,selection_score
8,0.5,0.8350184620369486,869.4782608695652,23,24,1.0,0.6587546155092372
9,0.4444444444444444,0.8350569926714385,869.4782608695652,23,24,1.0,0.6254309148345263
10,0.4,0.7991793616232779,833.25,24,24,0.7986111111111109,0.5595865070724861
12,0.4166666666666667,0.8078835414984351,689.5862068965517,29,24,0.0,0.4519708853746088
11,0.36363636363636365,0.8078835414984351,689.5862068965517,29,24,0.0,0.420152703556427
