K,dominant_ratio,balance_entropy,mean_segment_length,segment_count,meta_min_len,coherence,selection_score
6,0.3333333333333333,0.8910439497872326,1176.3529411764705,17,24,1.0,0.5727609874468081
10,0.4,0.7962987469654496,799.92,25,24,0.0,0.4390746867413624
7,0.2857142857142857,0.8502460726263646,869.4782608695652,23,24,0.18478260869565238,0.4117074808895104
8,0.25,0.8502473694462553,869.4782608695652,23,24,0.18478260869565238,0.3902792336659117
9,0.2222222222222222,0.8502473694462553,869.4782608695652,23,24,0.18478260869565238,0.373612566999245
