K,dominant_ratio,balance_entropy,mean_segment_length,segment_count,meta_min_len,coherence,selection_score
6,0.6666666666666666,0.8900171857466478,1111.0,18,24,1.0,0.772504296436662
7,0.5714285714285714,0.867669783313289,833.25,24,24,0.18749999999999992,0.587899588685465
8,0.5,0.8263191020368947,769.1538461538462,26,24,0.0,0.5065797755092236
9,0.4444444444444444,0.8263840235226491,769.1538461538462,26,24,0.0,0.4732626725473289
10,0.4,0.8262521113029566,769.1538461538462,26,24,0.0,0.44656302782573915
