K,dominant_ratio,balance_entropy,mean_segment_length,segment_count,meta_min_len,coherence,selection_score
8,0.5,0.8344446963324689,740.6666666666666,27,24,1.0,0.6586111740831172
7,0.42857142857142855,0.8344446963324689,740.6666666666666,27,24,1.0,0.6157540312259744
9,0.5555555555555556,0.8702435000177893,714.2142857142857,28,24,0.0,0.5508942083377806
10,0.5,0.8253054204254854,714.2142857142857,28,24,0.0,0.5063263551063714
