K,dominant_ratio,balance_entropy,mean_segment_length,segment_count,meta_min_len,coherence,selection_score
8,0.5,0.8273138542178786,769.1538461538462,26,24,1.0,0.6568284635544697
9,0.4444444444444444,0.7916214725066847,740.6666666666666,27,24,0.48148148148148096,0.53679425701556
11,0.45454545454545453,0.7620836595277597,714.2142857142857,28,24,0.0,0.4632481876092126
10,0.4,0.7620836595277597,714.2142857142857,28,24,0.0,0.4305209148819399
