K,dominant_ratio,balance_entropy,mean_segment_length,segment_count,meta_min_len,coherence,selection_score
6,0.5,0.8471735853725222,1111.0,18,24,1.0,0.6617933963431305
7,0.5714285714285714,0.8074527927696379,999.9,20,24,0.6749999999999999,0.6459703410495522
8,0.5,0.79506256026401,833.25,24,24,0.18749999999999992,0.5268906400660025
9,0.4444444444444444,0.7687209753297661,769.1538461538462,26,24,0.0,0.4588469104991082
10,0.4,0.7687209753297661,769.1538461538462,26,24,0.0,0.4321802438324415
11,0.36363636363636365,0.7682405923566964,769.1538461538462,26,24,0.0,0.4102419662709923
