K,dominant_ratio,balance_entropy,mean_segment_length,segment_count,meta_min_len,coherence,selection_score
7,0.5714285714285714,0.853978802116386,869.4782608695652,23,24,1.0,0.7063518433862394
8,0.5,0.853962409344654,869.4782608695652,23,24,1.0,0.6634906023361635
11,0.45454545454545453,0.8276486191146305,740.6666666666666,27,24,0.0,0.47963942750593036
9,0.4444444444444444,0.8281944617697132,740.6666666666666,27,24,0.0,0.47371528210909497
10,0.4,0.8281944617697132,740.6666666666666,27,24,0.0,0.4470486154424283
