K,dominant_ratio,balance_entropy,mean_segment_length,segment_count,meta_min_len,coherence,selection_score
8,0.5,0.9226511030674484,689.5862068965517,29,24,1.0,0.6806627757668621
9,0.4444444444444444,0.8779456980939228,666.6,30,24,0.48333333333333334,0.5586530911901474
10,0.4,0.8378873684504947,645.0967741935484,31,24,0.0,0.4494718421126237
