K,dominant_ratio,balance_entropy,mean_segment_length,segment_count,meta_min_len,coherence,selection_score
8,0.625,0.8587633827639055,740.6666666666666,27,24,1.0,0.7396908456909764
9,0.5555555555555556,0.821527172787156,740.6666666666666,27,24,1.0,0.6887151265301223
10,0.5,0.7906490247273743,714.2142857142857,28,24,0.6428571428571425,0.5940908276104149
11,0.45454545454545453,0.774776942830931,666.6,30,24,0.0,0.46642150843500546
12,0.4166666666666667,0.7747799038521902,666.6,30,24,0.0,0.4436949759630475
