K,dominant_ratio,balance_entropy,mean_segment_length,segment_count,meta_min_len,coherence,selection_score
7,0.5714285714285714,0.8619615178336052,769.1538461538462,26,24,1.0,0.7083475223155441
8,0.5,0.8349071462567633,689.5862068965517,29,24,0.560344827586207,0.5927785107021218
10,0.5,0.7995333000863536,666.6,30,24,0.4333333333333335,0.5648833250215884
9,0.4444444444444444,0.7997479114978496,666.6,30,24,0.4333333333333335,0.5316036445411291
11,0.45454545454545453,0.8010677749315481,645.0967741935484,31,24,0.31451612903225834,0.5201716358149985
12,0.4166666666666667,0.7966878007524122,588.1764705882352,34,24,0.0,0.4491719501881031
