K,dominant_ratio,balance_entropy,mean_segment_length,segment_count,meta_min_len,coherence,selection_score
7,0.5714285714285714,0.878147043553292,909.0,22,24,1.0,0.7123939037454659
8,0.625,0.8401879471568002,869.4782608695652,23,24,0.7652173913043481,0.6998295954848524
9,0.5555555555555556,0.8284226090730563,769.1538461538462,26,24,0.16923076923076963,0.5658236009862129
10,0.5,0.8284226090730563,769.1538461538462,26,24,0.16923076923076963,0.5324902676528795
11,0.45454545454545453,0.7953848987042192,740.6666666666666,27,24,0.0,0.47157349740332755
12,0.4166666666666667,0.7954086189823787,740.6666666666666,27,24,0.0,0.4488521547455947
