K,dominant_ratio,balance_entropy,mean_segment_length,segment_count,meta_min_len,coherence,selection_score
6,0.5,0.8985326946434861,869.4782608695652,23,24,1.0,0.6746331736608715
7,0.42857142857142855,0.8985326946434861,869.4782608695652,23,24,1.0,0.6317760308037287
10,0.5,0.7887571364181232,769.1538461538462,26,24,0.0,0.4971892841045308
8,0.375,0.8428141051098521,799.92,25,24,0.3066666666666659,0.4817035262774629
11,0.45454545454545453,0.7884737111670266,769.1538461538462,26,24,0.0,0.46984570051902935
9,0.3333333333333333,0.7887571364181232,769.1538461538462,26,24,0.0,0.3971892841045308
