K,dominant_ratio,balance_entropy,mean_segment_length,segment_count,meta_min_len,coherence,selection_score
11,0.45454545454545453,0.8247186216280664,740.6666666666666,27,24,1.0,0.6289069281342893
9,0.4444444444444444,0.8246407227908308,740.6666666666666,27,24,1.0,0.6228268473643743
10,0.4,0.8248447701486439,740.6666666666666,27,24,1.0,0.5962111925371609
7,0.5714285714285714,0.8690137808348507,714.2142857142857,28,24,0.0,0.5601105880658555
8,0.5,0.8263226747764365,714.2142857142857,28,24,0.0,0.5065806686941091
