K,dominant_ratio,balance_entropy,mean_segment_length,segment_count,meta_min_len,coherence,selection_score
6,0.5,0.9040454289763551,869.4782608695652,23,24,1.0,0.6760113572440888
8,0.625,0.8570615882867975,606.0,33,24,0.06336088154269988,0.5987695293031043
7,0.42857142857142855,0.8609163279893552,769.1538461538462,26,24,0.6433566433566434,0.5688754356436925
9,0.5555555555555556,0.8122383077145864,606.0,33,24,0.06336088154269988,0.5458970424933849
10,0.5,0.780963014327642,588.1764705882352,34,24,0.0,0.4952407535819105
11,0.45454545454545453,0.7522812152613055,588.1764705882352,34,24,0.0,0.4607975765425991
12,0.4166666666666667,0.7280787872821343,588.1764705882352,34,24,0.0,0.43201969682053354
