K,dominant_ratio,balance_entropy,mean_segment_length,segment_count,meta_min_len,coherence,selection_score
8,0.375,0.875861801029126,714.2142857142857,28,24,1.0,0.5939654502572815
9,0.3333333333333333,0.8458770797199126,714.2142857142857,28,24,1.0,0.5614692699299781
11,0.36363636363636365,0.8138287781986657,689.5862068965517,29,24,0.0,0.42163901273148463
10,0.3,0.8143993381954198,689.5862068965517,29,24,0.0,0.38359983454885493
