K,dominant_ratio,balance_entropy,mean_segment_length,segment_count,meta_min_len,coherence,selection_score
7,0.42857142857142855,0.840158797176133,909.0,22,24,1.0,0.6171825564368904
8,0.5,0.8264052204988819,769.1538461538462,26,24,0.36263736263736274,0.5609969095203249
9,0.4444444444444444,0.8263444455055546,769.1538461538462,26,24,0.36263736263736274,0.5276483824386597
10,0.4,0.8095977176081991,689.5862068965517,29,24,0.0,0.4423994294020498
11,0.36363636363636365,0.8087390012032195,689.5862068965517,29,24,0.0,0.42036656848262305
