K,dominant_ratio,balance_entropy,mean_segment_length,segment_count,meta_min_len,coherence,selection_score
7,0.42857142857142855,0.8584102204807028,909.0,22,24,1.0,0.6217454122630328
10,0.5,0.80921036280388,833.25,24,24,0.4583333333333332,0.5710525907009699
8,0.5,0.8091800956097475,833.25,24,24,0.4583333333333332,0.5710450239024368
11,0.45454545454545453,0.8090017030947236,833.25,24,24,0.4583333333333332,0.5437276985009536
9,0.4444444444444444,0.8091800956097475,833.25,24,24,0.4583333333333332,0.5377116905691035
12,0.4166666666666667,0.7815165019253281,769.1538461538462,26,24,0.0,0.445379125481332
