K,dominant_ratio,balance_entropy,mean_segment_length,segment_count,meta_min_len,coherence,selection_score
8,0.5,0.7988061897120495,869.4782608695652,23,24,1.0,0.6497015474280123
9,0.4444444444444444,0.7764198533286754,799.92,25,24,0.3066666666666659,0.5067716299988354
10,0.4,0.7454403988096004,799.92,25,24,0.3066666666666659,0.47236009970239995
11,0.36363636363636365,0.7293694533348145,769.1538461538462,26,24,0.0,0.4005241815155218
