K,dominant_ratio,balance_entropy,mean_segment_length,segment_count,meta_min_len,coherence,selection_score
6,0.6666666666666666,0.9340968359543121,1111.0,18,24,1.0,0.783524208988578
7,0.5714285714285714,0.9340968359543121,1111.0,18,24,1.0,0.7263813518457208
8,0.5,0.9341063510785722,1111.0,18,24,1.0,0.683526587769643
9,0.4444444444444444,0.8527318750881421,999.9,20,24,0.29999999999999966,0.5248496354387021
10,0.4,0.7880223264412931,952.2857142857143,21,24,0.0,0.43700558161032327
