K,dominant_ratio,balance_entropy,mean_segment_length,segment_count,meta_min_len,coherence,selection_score
7,0.5714285714285714,0.8596766753513668,869.4782608695652,23,24,1.0,0.7077763116949846
8,0.5,0.8189549151708544,833.25,24,24,0.0,0.5047387287927136
9,0.4444444444444444,0.7865683970052233,833.25,24,24,0.0,0.4633087659179725
10,0.4,0.7865683970052233,833.25,24,24,0.0,0.4366420992513058
11,0.36363636363636365,0.7865683970052233,833.25,24,24,0.0,0.41482391743312397
