K,dominant_ratio,balance_entropy,mean_segment_length,segment_count,meta_min_len,coherence,selection_score
7,0.42857142857142855,0.8427770107216191,1111.0,18,24,1.0,0.6178371098232619
8,0.5,0.8419559157153248,869.4782608695652,23,24,0.0,0.5104889789288312
9,0.4444444444444444,0.8033221007181279,869.4782608695652,23,24,0.0,0.46749719184619865
10,0.4,0.8033221007181279,869.4782608695652,23,24,0.0,0.440830525179532
