K,dominant_ratio,balance_entropy,mean_segment_length,segment_count,meta_min_len,coherence,selection_score
7,0.5714285714285714,0.8161427511686542,952.2857142857143,21,24,1.0,0.6968928306493064
8,0.5,0.8161138242369633,740.6666666666666,27,24,0.0,0.5040284560592408
9,0.4444444444444444,0.779314579096371,740.6666666666666,27,24,0.0,0.4614953114407594
10,0.4,0.7796969828028452,740.6666666666666,27,24,0.0,0.4349242457007113
11,0.36363636363636365,0.7794315414918863,740.6666666666666,27,24,0.0,0.41303970355478975
12,0.3333333333333333,0.7788394886091824,740.6666666666666,27,24,0.0,0.3947098721522956
