K,dominant_ratio,balance_entropy,mean_segment_length,segment_count,meta_min_len,coherence,selection_score
10,0.4,0.7663319082574102,740.6666666666666,27,24,1.0,0.5815829770643526
8,0.375,0.8091860212514256,740.6666666666666,27,24,1.0,0.5772965053128564
11,0.36363636363636365,0.7663319082574102,740.6666666666666,27,24,1.0,0.5597647952461707
9,0.3333333333333333,0.8091860212514256,740.6666666666666,27,24,1.0,0.5522965053128563
12,0.3333333333333333,0.7323918380947095,740.6666666666666,27,24,1.0,0.5330979595236773
