K,dominant_ratio,balance_entropy,mean_segment_length,segment_count,meta_min_len,coherence,selection_score
7,0.42857142857142855,0.8475587322293904,999.9,20,24,1.0,0.6190325402002047
10,0.5,0.8016972350599687,952.2857142857143,21,24,0.47619047619047683,0.5718528801935637
8,0.5,0.80155826323352,952.2857142857143,21,24,0.47619047619047683,0.5718181372369515
11,0.45454545454545453,0.8016972350599687,952.2857142857143,21,24,0.47619047619047683,0.5445801529208364
9,0.4444444444444444,0.8016972350599687,952.2857142857143,21,24,0.47619047619047683,0.5385195468602304
12,0.4166666666666667,0.7646902269472311,909.0,22,24,0.0,0.4411725567368078
