K,dominant_ratio,balance_entropy,mean_segment_length,segment_count,meta_min_len,coherence,selection_score
8,0.625,0.8505840999171739,689.5862068965517,29,24,0.35862068965517235,0.6414391284275692
7,0.42857142857142855,0.8790978219011207,769.1538461538462,26,24,1.0,0.6269173126181373
9,0.5555555555555556,0.8100115287040974,689.5862068965517,29,24,0.35862068965517235,0.5896293189576335
10,0.5,0.7791639328332448,666.6,30,24,0.17333333333333328,0.5207909832083112
11,0.45454545454545453,0.7505575822535885,645.0967741935484,31,24,0.0,0.46036666829066986
