K,dominant_ratio,balance_entropy,mean_segment_length,segment_count,meta_min_len,coherence,selection_score
6,0.6666666666666666,0.8910361137726659,999.9,20,24,1.0,0.7727590284431665
7,0.5714285714285714,0.8357439644494635,909.0,22,24,0.6060606060606061,0.6427022248785996
8,0.5,0.7873421469912256,869.4782608695652,23,24,0.4347826086956523,0.5620529280521542
9,0.4444444444444444,0.7579170300786354,769.1538461538462,26,24,0.0,0.4561459241863255
12,0.4166666666666667,0.7548338631351905,769.1538461538462,26,24,0.0,0.43870846578379763
10,0.4,0.7568636902846702,769.1538461538462,26,24,0.0,0.42921592257116753
11,0.36363636363636365,0.7563141490177481,769.1538461538462,26,24,0.0,0.40726035543625516
