K,dominant_ratio,balance_entropy,mean_segment_length,segment_count,meta_min_len,coherence,selection_score
7,0.5714285714285714,0.840012560622911,769.1538461538462,26,24,1.0,0.7028602830128706
8,0.5,0.840012560622911,769.1538461538462,26,24,1.0,0.6600031401557277
9,0.4444444444444444,0.8475177870113708,740.6666666666666,27,24,0.0,0.47854611341950937
10,0.4,0.8475177870113708,740.6666666666666,27,24,0.0,0.4518794467528427
11,0.36363636363636365,0.8055769981539371,740.6666666666666,27,24,0.0,0.4195760677203024
