K,dominant_ratio,balance_entropy,mean_segment_length,segment_count,meta_min_len,coherence,selection_score
6,0.5,0.8203380753138335,1176.3529411764705,17,24,1.0,0.6550845188284584
7,0.42857142857142855,0.7679805107705796,1111.0,18,24,0.8585858585858588,0.5779258636233808
8,0.375,0.7733400747837599,869.4782608695652,23,24,0.33596837944664054,0.468730275612936
9,0.3333333333333333,0.7519810970990124,769.1538461538462,26,24,0.11888111888111907,0.40582744210692095
12,0.3333333333333333,0.7346456079088012,714.2142857142857,28,24,0.0,0.3836614019772003
10,0.3,0.7356699175359297,714.2142857142857,28,24,0.0,0.36391747938398245
11,0.2727272727272727,0.7356353017715098,714.2142857142857,28,24,0.0,0.34754518907924103
