K,dominant_ratio,balance_entropy,mean_segment_length,segment_count,meta_min_len,coherence,selection_score
7,0.2857142857142857,0.8585869673730536,1111.0,18,24,1.0,0.5360753132718348
8,0.25,0.7996442750102932,1052.5263157894738,19,24,0.710526315789474,0.4564900161209944
10,0.3,0.7266536134986036,909.0,22,24,0.0,0.36166340337465086
9,0.2222222222222222,0.7646613823282008,952.2857142857143,21,24,0.21428571428571452,0.3566415360582407
