K,dominant_ratio,balance_entropy,mean_segment_length,segment_count,meta_min_len,coherence,selection_score
9,0.5555555555555556,0.8459191581892108,909.0,22,24,1.0,0.694813122880636
10,0.5,0.845917748544718,909.0,22,24,1.0,0.6614794371361795
8,0.625,0.8488052537733267,869.4782608695652,23,24,0.0,0.5872013134433317
11,0.45454545454545453,0.8014962445184255,869.4782608695652,23,24,0.0,0.4731013338568791
