K,dominant_ratio,balance_entropy,mean_segment_length,segment_count,meta_min_len,coherence,selection_score
8,0.375,0.8032526983797297,769.1538461538462,26,24,1.0,0.5758131745949324
9,0.4444444444444444,0.8159890466251016,645.0967741935484,31,24,0.1397849462365593,0.49163167025842597
12,0.4166666666666667,0.7916363002754632,624.9375,32,24,0.0,0.4479090750688658
10,0.4,0.7918221383633147,624.9375,32,24,0.0,0.4379555345908287
11,0.36363636363636365,0.7918221383633147,624.9375,32,24,0.0,0.41613735277264685
