K,dominant_ratio,balance_entropy,mean_segment_length,segment_count,meta_min_len,coherence,selection_score
7,0.5714285714285714,0.8571215167175747,833.25,24,24,1.0,0.7071375220365365
8,0.5,0.8075067065674879,799.92,25,24,0.7679999999999997,0.6170766766418719
10,0.5,0.7890777262743572,689.5862068965517,29,24,0.0,0.49726943156858927
11,0.45454545454545453,0.788702653248306,689.5862068965517,29,24,0.0,0.4699029360393492
9,0.4444444444444444,0.7890777262743572,689.5862068965517,29,24,0.0,0.46393609823525594
