K,dominant_ratio,balance_entropy,mean_segment_length,segment_count,meta_min_len,coherence,selection_score
7,0.7142857142857143,0.8809367537501986,799.92,25,24,1.0,0.7988056170089782
8,0.625,0.8808090068436425,799.92,25,24,1.0,0.7452022517109106
9,0.5555555555555556,0.8369844870315005,799.92,25,24,1.0,0.6925794550912084
10,0.5,0.8102234743111152,714.2142857142857,28,24,0.22321428571428523,0.5360380114349216
11,0.45454545454545453,0.7770668047289033,689.5862068965517,29,24,0.0,0.46699397390949854
