K,dominant_ratio,balance_entropy,mean_segment_length,segment_count,meta_min_len,coherence,selection_score
7,0.42857142857142855,0.8693337458766098,909.0,22,24,1.0,0.6244762936120096
8,0.5,0.8388696763586613,769.1538461538462,26,24,0.4700854700854702,0.5802302396024858
9,0.4444444444444444,0.8388696763586613,769.1538461538462,26,24,0.4700854700854702,0.5468969062691524
10,0.4,0.8270933359686754,645.0967741935484,31,24,0.0,0.44677333399216884
