K,dominant_ratio,balance_entropy,mean_segment_length,segment_count,meta_min_len,coherence,selection_score
8,0.625,0.8054586082675862,769.1538461538462,26,24,1.0,0.7263646520668966
9,0.5555555555555556,0.8077290461454116,645.0967741935484,31,24,0.1397849462365593,0.5562333368051702
7,0.2857142857142857,0.8536494385013421,769.1538461538462,26,24,1.0,0.534840931053907
10,0.5,0.7764634757365926,645.0967741935484,31,24,0.1397849462365593,0.5150836108696321
11,0.45454545454545453,0.7557968536730464,624.9375,32,24,0.0,0.4616764861455343
12,0.4166666666666667,0.734526872012482,624.9375,32,24,0.0,0.4336317180031205
