K,dominant_ratio,balance_entropy,mean_segment_length,segment_count,meta_min_len,coherence,selection_score
7,0.5714285714285714,0.8403762482036156,909.0,22,24,1.0,0.7029512049080467
8,0.5,0.8371210780182802,769.1538461538462,26,24,0.5384615384615385,0.5900495002738009
9,0.4444444444444444,0.81207880813363,714.2142857142857,28,24,0.357142857142857,0.5232577972715027
10,0.5,0.8043568884412207,606.0,33,24,0.0,0.5010892221103052
11,0.45454545454545453,0.7762929135131623,606.0,33,24,0.0,0.46680050110556326
12,0.4166666666666667,0.7760675603010773,606.0,33,24,0.0,0.44401689007526934
