K,dominant_ratio,balance_entropy,mean_segment_length,segment_count,meta_min_len,coherence,selection_score
7,0.5714285714285714,0.8727150996381222,769.1538461538462,26,24,1.0,0.7110359177666734
11,0.45454545454545453,0.8444654222107103,714.2142857142857,28,24,0.3095238095238086,0.5302721997085216
8,0.5,0.8490648180807426,689.5862068965517,29,24,0.0,0.5122662045201857
10,0.4,0.8450104176643516,714.2142857142857,28,24,0.3095238095238086,0.49768117584465915
9,0.4444444444444444,0.8494494988771363,689.5862068965517,29,24,0.0,0.4790290413859507
