K,dominant_ratio,balance_entropy,mean_segment_length,segment_count,meta_min_len,coherence,selection_score
7,0.7142857142857143,0.8784562061059049,799.92,25,24,1.0,0.7981854800979048
8,0.625,0.8543352539300261,689.5862068965517,29,24,0.4310344827586209,0.6532389858962997
9,0.5555555555555556,0.8429550703238617,606.0,33,24,0.0,0.5440721009142988
10,0.5,0.8429550703238617,606.0,33,24,0.0,0.5107387675809654
11,0.45454545454545453,0.8429550703238617,606.0,33,24,0.0,0.48346604030823814
12,0.4166666666666667,0.8428607707962874,606.0,33,24,0.0,0.46071519269907185
13,0.38461538461538464,0.8427686149522061,606.0,33,24,0.0,0.44146138450728234
