K,dominant_ratio,balance_entropy,mean_segment_length,segment_count,meta_min_len,coherence,selection_score
7,0.42857142857142855,0.890942316496226,833.25,24,24,1.0,0.6298784362669136
8,0.375,0.890942316496226,833.25,24,24,1.0,0.5977355791240565
10,0.4,0.8285966099046084,833.25,24,24,1.0,0.5971491524761521
9,0.3333333333333333,0.8906215208282728,833.25,24,24,1.0,0.5726553802070682
11,0.36363636363636365,0.7966053796226793,769.1538461538462,26,24,0.3076923076923084,0.4634870092413343
12,0.4166666666666667,0.7662755154465158,740.6666666666666,27,24,0.0,0.441568878861629
