K,dominant_ratio,balance_entropy,mean_segment_length,segment_count,meta_min_len,coherence,selection_score
7,0.5714285714285714,0.8268612107095317,952.2857142857143,21,24,1.0,0.6995724455345257
8,0.5,0.8292874123457696,769.1538461538462,26,24,0.4711538461538462,0.5779949300095193
9,0.4444444444444444,0.8012103474026464,714.2142857142857,28,24,0.31249999999999983,0.5138442535173282
10,0.4,0.7960254927894305,645.0967741935484,31,24,0.11290322580645167,0.45594185706832535
12,0.4166666666666667,0.7880238929903427,606.0,33,24,0.0,0.4470059732475857
13,0.38461538461538464,0.7880238929903427,606.0,33,24,0.0,0.42777520401681646
11,0.36363636363636365,0.7880812391368999,606.0,33,24,0.0,0.41520212796604317
14,0.35714285714285715,0.7623027292515336,606.0,33,24,0.0,0.40486139659859766
