K,dominant_ratio,balance_entropy,mean_segment_length,segment_count,meta_min_len,coherence,selection_score
7,0.5714285714285714,0.8361765706637898,952.2857142857143,21,24,1.0,0.7019012855230903
10,0.5,0.7660392241864934,833.25,24,24,0.4375,0.5571348060466234
8,0.5,0.8090168305234103,799.92,25,24,0.27999999999999986,0.5442542076308525
9,0.4444444444444444,0.7648784335472415,833.25,24,24,0.4375,0.523511275053477
11,0.45454545454545453,0.746881972177035,740.6666666666666,27,24,0.0,0.45944776577153146
