K,dominant_ratio,balance_entropy,mean_segment_length,segment_count,meta_min_len,coherence,selection_score
6,0.3333333333333333,0.8891400359559322,689.5862068965517,29,24,1.0,0.572285008988983
7,0.42857142857142855,0.856451323003122,606.0,33,24,0.0,0.4712556878936376
8,0.375,0.856451323003122,606.0,33,24,0.0,0.43911283075078045
9,0.3333333333333333,0.810642868929742,606.0,33,24,0.0,0.40266071723243546
