K,dominant_ratio,balance_entropy,mean_segment_length,segment_count,meta_min_len,coherence,selection_score
8,0.5,0.8155263104135168,769.1538461538462,26,24,1.0,0.6538815776033792
9,0.4444444444444444,0.7793974725503496,714.2142857142857,28,24,0.3095238095238086,0.5079446062328253
10,0.4,0.7550001337211238,689.5862068965517,29,24,0.0,0.42875003343028095
11,0.36363636363636365,0.7552777531774142,689.5862068965517,29,24,0.0,0.4070012564761717
12,0.3333333333333333,0.7552777531774142,689.5862068965517,29,24,0.0,0.3888194382943535
13,0.3076923076923077,0.7552777531774142,689.5862068965517,29,24,0.0,0.3734348229097382
