K,dominant_ratio,balance_entropy,mean_segment_length,segment_count,meta_min_len,coherence,selection_score
6,0.5,0.9508098827220602,666.6,30,24,1.0,0.687702470680515
8,0.5,0.890375197847606,645.0967741935484,31,24,0.48387096774193583,0.5951744446231918
9,0.4444444444444444,0.890375197847606,645.0967741935484,31,24,0.48387096774193583,0.5618411112898585
7,0.42857142857142855,0.890375197847606,645.0967741935484,31,24,0.48387096774193583,0.552317301766049
10,0.4,0.8468061621814014,645.0967741935484,31,24,0.48387096774193583,0.5242821857066406
11,0.45454545454545453,0.8102099189596988,624.9375,32,24,0.0,0.47527975246719745
