K,dominant_ratio,balance_entropy,mean_segment_length,segment_count,meta_min_len,coherence,selection_score
7,0.42857142857142855,0.8503108343493816,952.2857142857143,21,24,1.0,0.6197205657302025
8,0.375,0.8412259203396625,799.92,25,24,0.16799999999999957,0.4605064800849155
11,0.36363636363636365,0.775759683135956,769.1538461538462,26,24,0.0,0.41212173896580717
9,0.3333333333333333,0.8052412278782746,769.1538461538462,26,24,0.0,0.4013103069695686
10,0.3,0.8050718175869046,769.1538461538462,26,24,0.0,0.3812679543967261
