K,dominant_ratio,balance_entropy,mean_segment_length,segment_count,meta_min_len,coherence,selection_score
8,0.5,0.8791975797424073,869.4782608695652,23,24,1.0,0.6697993949356018
7,0.42857142857142855,0.8791975797424073,869.4782608695652,23,24,1.0,0.626942252078459
9,0.4444444444444444,0.8412925211612646,769.1538461538462,26,24,0.22115384615384662,0.5101628738800599
10,0.4,0.798209341032471,740.6666666666666,27,24,0.0,0.43955233525811777
