K,dominant_ratio,balance_entropy,mean_segment_length,segment_count,meta_min_len,coherence,selection_score
5,0.2,0.5510574067585267,593.2222222222222,9,0,1.0,0.40776435168963165
6,0.16666666666666666,0.5510574067585267,593.2222222222222,9,0,1.0,0.38776435168963164
7,0.2857142857142857,0.7356193669274979,222.45833333333334,24,0,0.10714285714285718,0.37140484173187444
8,0.25,0.7260484907784809,177.96666666666667,30,0,0.0,0.3315121226946202
