K,dominant_ratio,balance_entropy,mean_segment_length,segment_count,meta_min_len,coherence,selection_score
4,0.5,0.7836688821502137,876.0,10,0,1.0,0.6459172205375534
5,0.4,0.7836688821502137,876.0,10,0,1.0,0.5859172205375535
3,0.3333333333333333,0.7836688821502137,876.0,10,0,1.0,0.5459172205375534
6,0.3333333333333333,0.7836688821502137,876.0,10,0,1.0,0.5459172205375534
