K,dominant_ratio,balance_entropy,mean_segment_length,segment_count,meta_min_len,coherence,selection_score
4,0.75,0.9907020716267793,285.57142857142856,7,0,1.0,0.8476755179066948
3,0.6666666666666666,0.9907020716267793,285.57142857142856,7,0,1.0,0.7976755179066948
5,0.6,0.9907020716267793,285.57142857142856,7,0,1.0,0.7576755179066949
6,0.5,0.9907020716267793,285.57142857142856,7,0,1.0,0.6976755179066948
