K,dominant_ratio,balance_entropy,mean_segment_length,segment_count,meta_min_len,coherence,selection_score
3,0.6666666666666666,0.8461255547308376,499.75,4,0,1.0,0.7615313886827094
4,0.5,0.8461255547308376,499.75,4,0,1.0,0.6615313886827094
5,0.4,0.8461255547308376,499.75,4,0,1.0,0.6015313886827094
6,0.3333333333333333,0.8245497750811398,333.1666666666667,6,0,0.0,0.40613744377028493
