K,dominant_ratio,balance_entropy,mean_segment_length,segment_count,meta_min_len,coherence,selection_score
5,0.6,0.8628704440449955,2999.8333333333335,6,0,1.0,0.7257176110112489
6,0.5,0.8628704440449955,2999.8333333333335,6,0,1.0,0.6657176110112489
7,0.42857142857142855,0.8632480366563642,2999.8333333333335,6,0,1.0,0.6229548663069482
8,0.375,0.8211874855770748,1499.9166666666667,12,0,0.0,0.43029687139426864
