K,dominant_ratio,balance_entropy,mean_segment_length,segment_count,meta_min_len,coherence,selection_score
6,0.5,0.8743500123505799,2303.875,8,0,1.0,0.668587503087645
7,0.42857142857142855,0.8743500123505799,2303.875,8,0,1.0,0.6257303602305021
5,0.4,0.8743500123505799,2303.875,8,0,1.0,0.608587503087645
8,0.375,0.8743500123505799,2303.875,8,0,1.0,0.593587503087645
9,0.3333333333333333,0.7803556675427461,1023.9444444444445,18,0,0.0,0.3950889168856865
