K,dominant_ratio,balance_entropy,mean_segment_length,segment_count,meta_min_len,coherence,selection_score
3,0.6666666666666666,0.7080291340788317,1738.6666666666667,6,0,1.0,0.7270072835197079
4,0.5,0.7080291340788317,1738.6666666666667,6,0,1.0,0.6270072835197079
5,0.4,0.7080291340788317,1738.6666666666667,6,0,1.0,0.567007283519708
6,0.3333333333333333,0.7038341690503412,1738.6666666666667,6,0,1.0,0.5259585422625853
