K,dominant_ratio,balance_entropy,mean_segment_length,segment_count,meta_min_len,coherence,selection_score
4,0.5,0.9803904144467703,671.2857142857143,7,0,1.0,0.6950976036116926
5,0.6,0.9784030686480024,335.64285714285717,14,0,0.0,0.6046007671620006
6,0.5,0.9751613934611718,427.1818181818182,11,0,0.27272727272727265,0.5846994392743838
