K,dominant_ratio,balance_entropy,mean_segment_length,segment_count,meta_min_len,coherence,selection_score
3,0.3333333333333333,0.4704106458121587,1566.3333333333333,3,0,1.0,0.46760266145303964
4,0.25,0.3941653227560913,939.8,5,0,0.44999999999999996,0.3160413306890228
5,0.2,0.38739179345506874,939.8,5,0,0.44999999999999996,0.2843479483637672
6,0.16666666666666666,0.4645536708027674,427.1818181818182,11,0,0.0,0.21613841770069184
7,0.14285714285714285,0.4757763185703608,427.1818181818182,11,0,0.0,0.2046583653568759
8,0.125,0.4757763185703608,427.1818181818182,11,0,0.0,0.1939440796425902
