K,dominant_ratio,balance_entropy,mean_segment_length,segment_count,meta_min_len,coherence,selection_score
4,0.25,0.6752147602499962,1545.4545454545455,11,0,1.0,0.468803690062499
6,0.3333333333333333,0.5836234055368946,708.3333333333334,24,0,0.03273809523809528,0.3508165656699379
5,0.2,0.6106366471216982,1000.0,17,0,0.36974789915966383,0.3281213466543741
7,0.2857142857142857,0.5410161473334318,739.1304347826087,23,0,0.06832298136645969,0.31693105546689837
8,0.25,0.5421962298863718,680.0,25,0,0.0,0.285549057471593
