K,dominant_ratio,balance_entropy,mean_segment_length,segment_count,meta_min_len,coherence,selection_score
7,0.42857142857142855,0.8043132151682111,437.5,16,0,1.0,0.6082211609349099
6,0.3333333333333333,0.8043132151682111,437.5,16,0,1.0,0.5510783037920528
8,0.375,0.7323996486201074,411.7647058823529,17,0,0.8627450980392156,0.5375116768609092
10,0.5,0.8119672734218766,250.0,28,0,0.0,0.5029918183554691
9,0.4444444444444444,0.8281132658160132,250.0,28,0,0.0,0.47369498312066993
