K,dominant_ratio,balance_entropy,mean_segment_length,segment_count,meta_min_len,coherence,selection_score
7,0.5714285714285714,0.9645026713395756,312.5,32,0,1.0,0.7339828106920367
6,0.5,0.9645026713395756,312.5,32,0,1.0,0.6911256678348939
8,0.5,0.8712788991585644,277.77777777777777,36,0,0.7272727272727272,0.6269106338805501
9,0.5555555555555556,0.876673782771389,188.67924528301887,53,0,0.02744425385934819,0.5566184171050829
10,0.5,0.8774116850482861,185.1851851851852,54,0,0.0,0.5193529212620716
