K,dominant_ratio,balance_entropy,mean_segment_length,segment_count,meta_min_len,coherence,selection_score
5,0.6,0.8973657965108103,463.4146341463415,41,0,1.0,0.7343414491277026
6,0.6666666666666666,0.9636236417861153,275.3623188405797,69,0,0.2802843861088323,0.6829485683628537
7,0.5714285714285714,0.8807060572354228,267.6056338028169,71,0,0.25059792718575596,0.6006233462438619
8,0.5,0.8777078037552595,253.33333333333334,75,0,0.1959748427672956,0.5488231773539092
9,0.4444444444444444,0.8326375902376373,228.9156626506024,83,0,0.10252330075017044,0.4902045593386015
11,0.36363636363636365,0.8401921296836612,202.12765957446808,94,0,0.0,0.42822985060273344
10,0.3,0.8409245699045479,206.52173913043478,92,0,0.016817063166529943,0.3927537019511165
