K,dominant_ratio,balance_entropy,mean_segment_length,segment_count,meta_min_len,coherence,selection_score
3,0.3333333333333333,0.5605284767744856,820.2222222222222,9,0,1.0,0.49013211919362143
4,0.25,0.5605284767744856,820.2222222222222,9,0,1.0,0.4401321191936214
5,0.2,0.5605284767744856,820.2222222222222,9,0,1.0,0.41013211919362136
6,0.16666666666666666,0.5605284767744856,820.2222222222222,9,0,1.0,0.39013211919362134
8,0.25,0.36442662432706446,567.8461538461538,13,0,0.0,0.24110665608176612
7,0.14285714285714285,0.36442662432706446,567.8461538461538,13,0,0.0,0.17682094179605182
