K,dominant_ratio,balance_entropy,mean_segment_length,segment_count,meta_min_len,coherence,selection_score
6,0.3333333333333333,0.6998054251822668,356.4761904761905,42,0,1.0,0.5249513562955667
7,0.2857142857142857,0.6734464384642456,340.27272727272725,44,0,0.8909090909090908,0.4734265446809964
8,0.375,0.7883976681108753,249.53333333333333,60,0,0.2799999999999999,0.4640994170277188
10,0.4,0.6981598484478583,237.65079365079364,63,0,0.19999999999999987,0.4445399621119645
9,0.3333333333333333,0.7339221282733921,241.48387096774192,62,0,0.22580645161290305,0.4173514998102834
11,0.2727272727272727,0.7073249600030134,207.94444444444446,72,0,0.0,0.3404676036371169
