K,dominant_ratio,balance_entropy,mean_segment_length,segment_count,meta_min_len,coherence,selection_score
4,0.5,0.9479051542100667,348.1860465116279,43,0,1.0,0.6869762885525167
5,0.6,0.8796761758549216,267.35714285714283,56,0,0.398148148148148,0.6396412661859526
6,0.3333333333333333,0.8419739384568694,213.88571428571427,70,0,0.0,0.4104934846142173
7,0.2857142857142857,0.8419739384568694,213.88571428571427,70,0,0.0,0.3819220560427887
