K,dominant_ratio,balance_entropy,mean_segment_length,segment_count,meta_min_len,coherence,selection_score
4,0.5,0.7687597347487403,960.125,8,0,0.1875,0.5203149336871851
3,0.3333333333333333,0.28912824115247276,2560.3333333333335,3,0,1.0,0.4222820602881182
5,0.4,0.650658242627803,590.8461538461538,13,0,0.0,0.4026645606569508
6,0.3333333333333333,0.650658242627803,590.8461538461538,13,0,0.0,0.36266456065695074
7,0.2857142857142857,0.650658242627803,590.8461538461538,13,0,0.0,0.33409313208552216
8,0.25,0.6443129875787349,590.8461538461538,13,0,0.0,0.3110782468946837
