K,dominant_ratio,balance_entropy,mean_segment_length,segment_count,meta_min_len,coherence,selection_score
7,0.2857142857142857,0.6507097493296434,604.1379310344828,29,0,0.034482758620689676,0.33927842255408575
5,0.2,0.21220440648421232,2190.0,8,0,1.0,0.3230511016210531
8,0.25,0.6488325866710378,648.8888888888889,27,0,0.06172839506172841,0.32146740592701867
6,0.16666666666666666,0.21220440648421232,2190.0,8,0,1.0,0.3030511016210531
9,0.2222222222222222,0.5869404517378787,547.5,32,0,0.0,0.28006844626780303
10,0.2,0.5869404517378787,547.5,32,0,0.0,0.26673511293446966
