K,dominant_ratio,balance_entropy,mean_segment_length,segment_count,meta_min_len,coherence,selection_score
5,0.4,0.7070666825790822,486.6666666666667,36,0,1.0,0.5667666706447706
6,0.3333333333333333,0.7048360502251275,417.14285714285717,42,0,0.6734693877551021,0.47722942071954716
7,0.2857142857142857,0.6472285382088975,278.0952380952381,63,0,0.02040816326530602,0.33629693047059167
8,0.25,0.6323368781102167,273.75,64,0,0.0,0.30808421952755416
