K,dominant_ratio,balance_entropy,mean_segment_length,segment_count,meta_min_len,coherence,selection_score
5,0.4,0.8012453294800576,288.59090909090907,44,0,1.0,0.5903113323700144
6,0.3333333333333333,0.7721578845165616,264.5416666666667,48,0,0.4583333333333342,0.46178947112914054
7,0.2857142857142857,0.7363644007653778,259.14285714285717,49,0,0.33673469387755195,0.40602987570154864
8,0.25,0.7365147804428824,244.19230769230768,52,0,0.0,0.33412869511072063
