K,dominant_ratio,balance_entropy,mean_segment_length,segment_count,meta_min_len,coherence,selection_score
3,0.6666666666666666,0.9904675780465364,439.96,25,0,1.0,0.7976168945116341
4,0.5,0.8200843324023406,314.25714285714287,35,0,0.1190476190476192,0.522878225957728
5,0.4,0.6101746073066119,297.27027027027026,37,0,0.0,0.39254365182665296
6,0.3333333333333333,0.6101746073066119,297.27027027027026,37,0,0.0,0.3525436518266529
9,0.2222222222222222,0.5794264039609052,343.71875,32,0,0.3255208333333334,0.32701805932355965
7,0.2857142857142857,0.6101746073066119,297.27027027027026,37,0,0.0,0.32397222325522435
8,0.25,0.6101746073066119,297.27027027027026,37,0,0.0,0.302543651826653
