K,dominant_ratio,balance_entropy,mean_segment_length,segment_count,meta_min_len,coherence,selection_score
5,0.2,0.5905723495688663,773.578947368421,19,0,1.0,0.41764308739221656
6,0.3333333333333333,0.8210036868256787,312.72340425531917,47,0,0.0269503546099291,0.409293474897909
10,0.3,0.8183810627318198,299.9591836734694,49,0,0.0,0.38459526568295493
7,0.2857142857142857,0.820813271905907,299.9591836734694,49,0,0.0,0.37663188940504816
8,0.25,0.8197469434259619,299.9591836734694,49,0,0.0,0.35493673585649044
9,0.2222222222222222,0.8184797947679557,299.9591836734694,49,0,0.0,0.33795328202532227
