K,dominant_ratio,balance_entropy,mean_segment_length,segment_count,meta_min_len,coherence,selection_score
4,0.5,0.8449431720156574,1090.8181818181818,11,0,1.0,0.6612357930039143
5,0.4,0.8265129196900282,923.0,13,0,0.0,0.44662822992250706
6,0.3333333333333333,0.8265129196900282,923.0,13,0,0.0,0.406628229922507
7,0.2857142857142857,0.8265129196900282,923.0,13,0,0.0,0.37805680135107844
