K,dominant_ratio,balance_entropy,mean_segment_length,segment_count,meta_min_len,coherence,selection_score
4,0.5,0.9139014134899841,545.4545454545455,22,0,1.0,0.678475353372496
5,0.4,0.771852218669167,352.94117647058823,34,0,0.0,0.43296305466729174
6,0.3333333333333333,0.771852218669167,352.94117647058823,34,0,0.0,0.39296305466729176
8,0.25,0.7107551670091492,413.7931034482759,29,0,0.3160919540229885,0.37510258485573555
7,0.2857142857142857,0.771852218669167,352.94117647058823,34,0,0.0,0.3643916260958632
9,0.2222222222222222,0.7107551670091492,413.7931034482759,29,0,0.3160919540229885,0.35843591818906895
