K,dominant_ratio,balance_entropy,mean_segment_length,segment_count,meta_min_len,coherence,selection_score
4,0.5,0.8716803414343146,363.6363636363636,33,0,1.0,0.6679200853585786
5,0.4,0.752400146178509,324.3243243243243,37,0,0.0,0.42810003654462725
9,0.3333333333333333,0.7531683930100704,333.3333333333333,36,0,0.22916666666666627,0.4226670982525175
7,0.2857142857142857,0.7536125482090996,333.3333333333333,36,0,0.22916666666666627,0.39420670848084627
6,0.3333333333333333,0.752400146178509,324.3243243243243,37,0,0.0,0.3881000365446272
8,0.25,0.7530851256924611,333.3333333333333,36,0,0.22916666666666627,0.3726462814231152
