K,dominant_ratio,balance_entropy,mean_segment_length,segment_count,meta_min_len,coherence,selection_score
6,0.3333333333333333,0.6094187538620549,1249.96875,32,0,1.0,0.5023546884655137
7,0.2857142857142857,0.6094187538620549,1249.96875,32,0,1.0,0.4737832598940851
8,0.25,0.6094187538620549,1249.96875,32,0,1.0,0.45235468846551374
9,0.2222222222222222,0.6094919420138448,1176.4411764705883,34,0,0.0,0.28570631883679454
10,0.2,0.6094919420138448,1176.4411764705883,34,0,0.0,0.27237298550346123
11,0.18181818181818182,0.6094919420138448,1176.4411764705883,34,0,0.0,0.2614638945943703
