K,dominant_ratio,balance_entropy,mean_segment_length,segment_count,meta_min_len,coherence,selection_score
3,0.6666666666666666,0.9542934034914039,13333.0,3,0,1.0,0.788573350872851
4,0.5,0.9542934034914039,13333.0,3,0,1.0,0.688573350872851
5,0.4,0.9542934034914039,13333.0,3,0,1.0,0.6285733508728509
6,0.3333333333333333,0.9542934034914039,13333.0,3,0,1.0,0.588573350872851
7,0.2857142857142857,0.9542934034914039,13333.0,3,0,1.0,0.5600019223014224
8,0.25,0.6702469724202378,1333.3,30,0,0.0,0.31756174310505947
9,0.2222222222222222,0.6702469724202378,1333.3,30,0,0.0,0.30089507643839275
