K,dominant_ratio,balance_entropy,mean_segment_length,segment_count,meta_min_len,coherence,selection_score
4,0.75,0.878347026183763,909.0909090909091,11,0,1.0,0.8195867565459407
5,0.6,0.7672479417916049,833.3333333333334,12,0,0.8148148148148149,0.6740342076701235
6,0.5,0.7563640702618191,500.0,20,0,0.0,0.48909101756545476
7,0.42857142857142855,0.7563640702618191,500.0,20,0,0.0,0.4462338747083119
8,0.375,0.7563640702618191,500.0,20,0,0.0,0.41409101756545474
