K,dominant_ratio,balance_entropy,mean_segment_length,segment_count,meta_min_len,coherence,selection_score
4,0.5,0.7335705847755428,833.3333333333334,12,0,1.0,0.6333926461938857
5,0.4,0.6414211937823022,714.2857142857143,14,0,0.7428571428571429,0.511783869874147
6,0.5,0.8075422960456132,370.3703703703704,27,0,0.0,0.5018855740114033
7,0.42857142857142855,0.8075422960456132,370.3703703703704,27,0,0.0,0.4590284311542604
