K,dominant_ratio,balance_entropy,mean_segment_length,segment_count,meta_min_len,coherence,selection_score
7,0.5714285714285714,0.8420813956839358,1176.3529411764705,17,24,1.0,0.7033774917781268
8,0.5,0.797093685971191,1111.0,18,24,0.0,0.49927342149279774
10,0.5,0.7968398668661644,1111.0,18,24,0.0,0.49920996671654105
11,0.45454545454545453,0.7968398668661644,1111.0,18,24,0.0,0.4719372394438138
9,0.4444444444444444,0.7969656553066894,1111.0,18,24,0.0,0.465908080493339
