K,dominant_ratio,balance_entropy,mean_segment_length,segment_count,meta_min_len,coherence,selection_score
6,0.6666666666666666,0.9746115533084946,999.9,20,24,1.0,0.7936528883271237
7,0.5714285714285714,0.9438308304097678,799.92,25,24,0.0,0.5788148504595847
8,0.5,0.9438261512238493,799.92,25,24,0.0,0.5359565378059623
10,0.5,0.9434805884266381,799.92,25,24,0.0,0.5358701471066595
9,0.4444444444444444,0.9433280489794467,799.92,25,24,0.0,0.5024986789115283
11,0.45454545454545453,0.8704417395140999,799.92,25,24,0.0,0.49033770760579765
