K,dominant_ratio,balance_entropy,mean_segment_length,segment_count,meta_min_len,coherence,selection_score
7,0.2857142857142857,0.8300973381622663,833.25,24,24,1.0,0.528952905969138
10,0.5,0.8512225414302061,645.0967741935484,31,24,0.0,0.5128056353575515
8,0.5,0.8510591754405636,645.0967741935484,31,24,0.0,0.512764793860141
11,0.45454545454545453,0.8510711848739497,645.0967741935484,31,24,0.0,0.4854950689457601
9,0.4444444444444444,0.8512225414302061,645.0967741935484,31,24,0.0,0.4794723020242182
