K,dominant_ratio,balance_entropy,mean_segment_length,segment_count,meta_min_len,coherence,selection_score
7,0.5714285714285714,0.8323754548709396,909.0,22,24,1.0,0.7009510065748777
8,0.625,0.845319080309445,689.5862068965517,29,24,0.3160919540229887,0.6337435631808096
9,0.5555555555555556,0.8199329592632228,624.9375,32,24,0.11458333333333347,0.5555040731491391
10,0.5,0.7974686344278407,588.1764705882352,34,24,0.0,0.4993671586069601
11,0.45454545454545453,0.7974376207053381,588.1764705882352,34,24,0.0,0.47208667790360725
12,0.4166666666666667,0.7610773809745416,588.1764705882352,34,24,0.0,0.44026934524363537
