K,dominant_ratio,balance_entropy,mean_segment_length,segment_count,meta_min_len,coherence,selection_score
6,0.5,0.8834132893425726,714.2142857142857,28,24,1.0,0.6708533223356431
7,0.42857142857142855,0.8220407476289988,714.2142857142857,28,24,1.0,0.6126530440501068
8,0.5,0.7811752009188432,666.6,30,24,0.3111111111111114,0.5419604668963776
9,0.4444444444444444,0.7536493835437387,666.6,30,24,0.3111111111111114,0.501745679219268
10,0.4,0.726466507188507,645.0967741935484,31,24,0.0,0.42161662679712675
11,0.36363636363636365,0.7047812318279961,645.0967741935484,31,24,0.0,0.3943771261388172
12,0.3333333333333333,0.6802358462891013,645.0967741935484,31,24,0.0,0.3700589615722753
