K,dominant_ratio,balance_entropy,mean_segment_length,segment_count,meta_min_len,coherence,selection_score
7,0.42857142857142855,0.8253655081676796,799.92,25,24,1.0,0.613484234184777
8,0.375,0.8253655081676796,799.92,25,24,1.0,0.5813413770419199
9,0.3333333333333333,0.7990722451105877,689.5862068965517,29,24,0.0,0.3997680612776469
10,0.3,0.7598551137678804,689.5862068965517,29,24,0.0,0.3699637784419701
