K,dominant_ratio,balance_entropy,mean_segment_length,segment_count,meta_min_len,coherence,selection_score
6,0.3333333333333333,0.8917010042571177,1176.3529411764705,17,24,1.0,0.5729252510642794
10,0.4,0.7514119306487554,769.1538461538462,26,24,0.0,0.42785298266218885
7,0.2857142857142857,0.8509751770944711,869.4782608695652,23,24,0.24637681159420297,0.4211288874413196
8,0.25,0.797233201352208,799.92,25,24,0.07555555555555539,0.3606416336713853
9,0.2222222222222222,0.7970193694749066,799.92,25,24,0.07555555555555539,0.3439215090353933
