K,dominant_ratio,balance_entropy,mean_segment_length,segment_count,meta_min_len,coherence,selection_score
7,0.5714285714285714,0.8624925288465355,769.1538461538462,26,24,1.0,0.7084802750687768
8,0.5,0.8263233114832623,714.2142857142857,28,24,0.5571428571428565,0.5901522564422441
10,0.5,0.756433310778591,666.6,30,24,0.17333333333333328,0.5151083276946478
9,0.4444444444444444,0.7941779175562238,666.6,30,24,0.17333333333333328,0.4912111460557226
11,0.45454545454545453,0.7304449083940852,645.0967741935484,31,24,0.0,0.455338499825794
12,0.4166666666666667,0.7304449083940852,645.0967741935484,31,24,0.0,0.4326112270985213
