K,dominant_ratio,balance_entropy,mean_segment_length,segment_count,meta_min_len,coherence,selection_score
7,0.42857142857142855,0.8016427473121043,952.2857142857143,21,24,1.0,0.6075535439708832
8,0.375,0.7512681467867776,952.2857142857143,21,24,1.0,0.5628170366966944
9,0.4444444444444444,0.7181143225431441,909.0,22,24,0.7636363636363633,0.5607407018479071
10,0.3,0.7109668207566692,769.1538461538462,26,24,0.0,0.35774170518916726
11,0.2727272727272727,0.7109668207566692,769.1538461538462,26,24,0.0,0.3413780688255309
