K,dominant_ratio,balance_entropy,mean_segment_length,segment_count,meta_min_len,coherence,selection_score
7,0.5714285714285714,0.8565399023486387,833.25,24,24,0.5303030303030303,0.6365375729897571
6,0.3333333333333333,0.8747396157721402,999.9,20,24,1.0,0.5686849039430351
8,0.5,0.8102328697800509,799.92,25,24,0.43636363636363623,0.5680127628995582
10,0.5,0.749110505770933,740.6666666666666,27,24,0.26936026936026924,0.5276816668467736
9,0.4444444444444444,0.776055629727915,769.1538461538462,26,24,0.34965034965034975,0.5131281265461979
11,0.45454545454545453,0.749110505770933,740.6666666666666,27,24,0.26936026936026924,0.5004089395740463
12,0.4166666666666667,0.7334753024564632,689.5862068965517,29,24,0.12539184952978055,0.4521776030435829
13,0.38461538461538464,0.7193522726802446,645.0967741935484,31,24,0.0,0.41060729893929193
