K,dominant_ratio,balance_entropy,mean_segment_length,segment_count,meta_min_len,coherence,selection_score
8,0.5,0.8057442581526536,909.0,22,24,1.0,0.6514360645381634
9,0.4444444444444444,0.8119517476244872,740.6666666666666,27,24,0.36213991769547305,0.5239755912271093
10,0.4,0.7775754400894889,714.2142857142857,28,24,0.26190476190476164,0.4736795743080865
11,0.45454545454545453,0.7562570082044192,645.0967741935484,31,24,0.0,0.4617915247783775
12,0.4166666666666667,0.7318496929794726,645.0967741935484,31,24,0.0,0.4329624232448681
