K,dominant_ratio,balance_entropy,mean_segment_length,segment_count,meta_min_len,coherence,selection_score
7,0.7142857142857143,0.9118480763060113,999.9,20,24,1.0,0.8065334476479314
8,0.625,0.872231331908504,869.4782608695652,23,24,0.34782608695652206,0.6452317460206043
9,0.5555555555555556,0.8370834288300799,799.92,25,24,0.0,0.5426041905408533
10,0.5,0.8339758890405006,833.25,24,24,0.16666666666666685,0.5334939722601252
