K,dominant_ratio,balance_entropy,mean_segment_length,segment_count,meta_min_len,coherence,selection_score
7,0.5714285714285714,0.8499269808769532,869.4782608695652,23,24,1.0,0.7053388880763811
8,0.5,0.8507034705428955,869.4782608695652,23,24,1.0,0.662675867635724
9,0.4444444444444444,0.8506853536601184,869.4782608695652,23,24,1.0,0.6293380050816962
10,0.4,0.8506853536601184,869.4782608695652,23,24,1.0,0.6026713384150296
11,0.45454545454545453,0.8225254521992085,740.6666666666666,27,24,0.0,0.4783586357770748
