K,dominant_ratio,balance_entropy,mean_segment_length,segment_count,meta_min_len,coherence,selection_score
8,0.5,0.8473303535198166,952.2857142857143,21,24,1.0,0.6618325883799542
7,0.42857142857142855,0.8473303535198166,952.2857142857143,21,24,1.0,0.6189754455228113
9,0.4444444444444444,0.8169350766001332,833.25,24,24,0.0,0.47090043581669994
11,0.45454545454545453,0.7738816513728513,833.25,24,24,0.0,0.4661976855704855
10,0.4,0.8169350766001332,833.25,24,24,0.0,0.4442337691500333
