K,dominant_ratio,balance_entropy,mean_segment_length,segment_count,meta_min_len,coherence,selection_score
7,0.5714285714285714,0.8308763857264821,1111.0,18,24,1.0,0.7005762392887633
8,0.5,0.8056035985064568,952.2857142857143,21,24,0.42857142857142877,0.5656866139123284
9,0.4444444444444444,0.8056035985064568,952.2857142857143,21,24,0.42857142857142877,0.5323532805789951
10,0.4,0.7787053884610472,833.25,24,24,0.0,0.4346763471152618
