K,dominant_ratio,balance_entropy,mean_segment_length,segment_count,meta_min_len,coherence,selection_score
8,0.625,0.8789309377534433,606.0,33,24,1.0,0.7447327344383609
9,0.5555555555555556,0.8789309377534433,606.0,33,24,1.0,0.7030660677716941
10,0.5,0.8796036656433572,606.0,33,24,1.0,0.6699009164108393
11,0.45454545454545453,0.8792522855555346,606.0,33,24,1.0,0.6425403441161563
