K,dominant_ratio,balance_entropy,mean_segment_length,segment_count,meta_min_len,coherence,selection_score
7,0.5714285714285714,0.8668600186135569,714.2142857142857,28,24,1.0,0.709572147510532
8,0.5,0.8394910896818633,645.0967741935484,31,24,0.5645161290322585,0.5945501917753045
9,0.4444444444444444,0.8041578459618014,624.9375,32,24,0.4375000000000001,0.533331128157117
11,0.45454545454545453,0.805280186845158,606.0,33,24,0.3181818181818183,0.521774592165835
10,0.4,0.8039437860572375,624.9375,32,24,0.4375000000000001,0.5066109465143094
12,0.4166666666666667,0.8007074632676474,555.5,36,24,0.0,0.45017686581691185
