K,dominant_ratio,balance_entropy,mean_segment_length,segment_count,meta_min_len,coherence,selection_score
8,0.375,0.7529477560023796,833.25,24,24,1.0,0.5632369390005949
9,0.3333333333333333,0.7521583263096061,833.25,24,24,1.0,0.5380395815774015
10,0.3,0.7521583263096061,833.25,24,24,1.0,0.5180395815774015
11,0.2727272727272727,0.752404307599795,833.25,24,24,1.0,0.5017374405363124
12,0.25,0.717082033776024,799.92,25,24,0.0,0.32927050844400596
