K,dominant_ratio,balance_entropy,mean_segment_length,segment_count,meta_min_len,coherence,selection_score
7,0.42857142857142855,0.8929416109210887,833.25,24,24,1.0,0.6303782598731293
8,0.5,0.839100296666868,799.92,25,24,0.0,0.509775074166717
9,0.4444444444444444,0.8009301617478707,799.92,25,24,0.0,0.4668992071036343
11,0.45454545454545453,0.7701342268006431,799.92,25,24,0.0,0.4652608294274335
10,0.4,0.7697146622495621,799.92,25,24,0.0,0.4324286655623905
