K,dominant_ratio,balance_entropy,mean_segment_length,segment_count,meta_min_len,coherence,selection_score
7,0.5714285714285714,0.8604348232845437,869.4782608695652,23,24,1.0,0.7079658486782787
8,0.5,0.8604348232845437,869.4782608695652,23,24,1.0,0.6651087058211359
9,0.4444444444444444,0.8604348232845437,869.4782608695652,23,24,1.0,0.6317753724878026
10,0.4,0.8604348232845437,869.4782608695652,23,24,1.0,0.605108705821136
11,0.36363636363636365,0.8603006007112424,869.4782608695652,23,24,1.0,0.5832569683596288
