K,dominant_ratio,balance_entropy,mean_segment_length,segment_count,meta_min_len,coherence,selection_score
7,0.5714285714285714,0.8200756821968558,1111.0,18,24,1.0,0.6978760634063568
8,0.5,0.7717860571698818,1052.5263157894738,19,24,0.8289473684210529,0.6172886195556284
9,0.4444444444444444,0.7733909137281991,833.25,24,24,0.18749999999999992,0.48813939509871646
11,0.45454545454545453,0.759344501688217,769.1538461538462,26,24,0.0,0.46256339814932695
10,0.4,0.759344501688217,769.1538461538462,26,24,0.0,0.42983612542205424
