K,dominant_ratio,balance_entropy,mean_segment_length,segment_count,meta_min_len,coherence,selection_score
7,0.42857142857142855,0.8430065095783369,909.0,22,24,1.0,0.6178944845374413
8,0.5,0.8295811858009515,769.1538461538462,26,24,0.36263736263736274,0.5617909008458423
9,0.4444444444444444,0.814931603583991,689.5862068965517,29,24,0.0,0.47039956756266443
10,0.4,0.814931603583991,689.5862068965517,29,24,0.0,0.4437329008959977
11,0.36363636363636365,0.8145491944691716,689.5862068965517,29,24,0.0,0.4218191167991111
