K,dominant_ratio,balance_entropy,mean_segment_length,segment_count,meta_min_len,coherence,selection_score
7,0.5714285714285714,0.8712740729873529,799.92,25,24,1.0,0.7106756611039811
8,0.5,0.870396085244552,799.92,25,24,1.0,0.667599021311138
9,0.4444444444444444,0.8295059037029209,740.6666666666666,27,24,0.0,0.4740431425923969
10,0.4,0.8291481720048468,740.6666666666666,27,24,0.0,0.4472870430012117
