K,dominant_ratio,balance_entropy,mean_segment_length,segment_count,meta_min_len,coherence,selection_score
6,0.6666666666666666,0.9288556986793294,833.25,24,24,1.0,0.7822139246698323
7,0.5714285714285714,0.8811080790137282,769.1538461538462,26,24,0.46153846153846206,0.6323649318413441
8,0.5,0.8362446852933172,769.1538461538462,26,24,0.46153846153846206,0.5782919405540986
11,0.45454545454545453,0.8124499974265625,714.2142857142857,28,24,0.0,0.47583977208391337
9,0.4444444444444444,0.8124499974265625,714.2142857142857,28,24,0.0,0.46977916602330727
12,0.4166666666666667,0.8108407517541877,714.2142857142857,28,24,0.0,0.4527101879385469
10,0.4,0.8124499974265625,714.2142857142857,28,24,0.0,0.44311249935664065
