K,dominant_ratio,balance_entropy,mean_segment_length,segment_count,meta_min_len,coherence,selection_score
7,0.5714285714285714,0.8884163262873221,1052.5263157894738,19,24,1.0,0.7149612244289734
8,0.5,0.8259580532268459,999.9,20,24,0.8444444444444442,0.633156179973378
9,0.4444444444444444,0.8053859582140265,869.4782608695652,23,24,0.45893719806763295,0.5368537359303182
11,0.45454545454545453,0.7542376962686754,740.6666666666666,27,24,0.07818930041152264,0.47301509185616997
12,0.4166666666666667,0.7228722328223607,740.6666666666666,27,24,0.07818930041152264,0.4424464532673186
10,0.4,0.7575912525446453,714.2142857142857,28,24,0.0,0.4293978131361613
