K,dominant_ratio,balance_entropy,mean_segment_length,segment_count,meta_min_len,coherence,selection_score
6,0.3333333333333333,0.8871995543108577,1052.5263157894738,19,24,1.0,0.5717998885777145
7,0.42857142857142855,0.8291667445387096,999.9,20,24,0.7124999999999996,0.5713095432775345
8,0.375,0.8282750453639185,999.9,20,24,0.7124999999999996,0.5389437613409795
11,0.45454545454545453,0.7474869722093527,869.4782608695652,23,24,0.0,0.4595990157796109
9,0.3333333333333333,0.7832960103870931,909.0,22,24,0.2159090909090907,0.42821036623313685
10,0.3,0.7474869722093527,869.4782608695652,23,24,0.0,0.36687174305233816
