K,dominant_ratio,balance_entropy,mean_segment_length,segment_count,meta_min_len,coherence,selection_score
7,0.5714285714285714,0.8982477737332556,624.9375,32,24,1.0,0.7174190862904567
8,0.5,0.853747418067254,588.1764705882352,34,24,0.470588235294117,0.584025089810931
9,0.4444444444444444,0.801581164767956,588.1764705882352,34,24,0.470588235294117,0.5376501931527732
10,0.4,0.784385030555889,588.1764705882352,34,24,0.470588235294117,0.5066844929330898
11,0.36363636363636365,0.784385030555889,588.1764705882352,34,24,0.470588235294117,0.484866311114908
12,0.3333333333333333,0.790836773133394,555.5,36,24,0.0,0.39770919328334847
