K,dominant_ratio,balance_entropy,mean_segment_length,segment_count,meta_min_len,coherence,selection_score
6,0.5,0.8516683690467126,999.9,20,24,1.0,0.6629170922616782
7,0.42857142857142855,0.819676427661699,833.25,24,24,0.5952380952380953,0.5513476783439961
8,0.5,0.8198875909669798,689.5862068965517,29,24,0.24630541871921197,0.5419177105496268
9,0.4444444444444444,0.7978274965186244,624.9375,32,24,0.0892857142857144,0.47951639793917994
10,0.4,0.7653846957168207,606.0,33,24,0.0432900432900434,0.43783968042271165
11,0.36363636363636365,0.7400915334564878,588.1764705882352,34,24,0.0,0.4032047015459401
12,0.3333333333333333,0.7166188326620089,606.0,33,24,0.0432900432900434,0.3856482146590087
