K,dominant_ratio,balance_entropy,mean_segment_length,segment_count,meta_min_len,coherence,selection_score
8,0.5,0.7998340973089886,869.4782608695652,23,24,1.0,0.6499585243272471
9,0.4444444444444444,0.7777392610295765,799.92,25,24,0.3066666666666659,0.5071014819240607
10,0.4,0.7562730087061961,769.1538461538462,26,24,0.0,0.429068252176549
11,0.36363636363636365,0.7302650461309389,769.1538461538462,26,24,0.0,0.4007480797145529
