K,dominant_ratio,balance_entropy,mean_segment_length,segment_count,meta_min_len,coherence,selection_score
8,0.5,0.806064622566824,769.1538461538462,26,24,1.0,0.6515161556417061
9,0.4444444444444444,0.795245098386181,666.6,30,24,0.3714285714285715,0.5211922269774977
10,0.4,0.7848141101665422,606.0,33,24,0.0,0.43620352754163555
11,0.36363636363636365,0.7572504719217288,606.0,33,24,0.0,0.40749443616225034
12,0.3333333333333333,0.7572504719217288,606.0,33,24,0.0,0.38931261798043215
