K,dominant_ratio,balance_entropy,mean_segment_length,segment_count,meta_min_len,coherence,selection_score
7,0.5714285714285714,0.9058642554590429,909.0,22,24,1.0,0.7193232067219035
6,0.5,0.9059957945511043,909.0,22,24,1.0,0.676498948637776
8,0.5,0.9056509524158437,909.0,22,24,1.0,0.676412738103961
9,0.4444444444444444,0.8360796814857533,909.0,22,24,1.0,0.625686587038105
10,0.4,0.835867720252801,909.0,22,24,1.0,0.5989669300632002
