K,dominant_ratio,balance_entropy,mean_segment_length,segment_count,meta_min_len,coherence,selection_score
8,0.625,0.9202492270432907,714.2142857142857,28,24,1.0,0.7550623067608228
7,0.5714285714285714,0.9729767066436042,714.2142857142857,28,24,1.0,0.7361013195180439
9,0.5555555555555556,0.8866312075287963,645.0967741935484,31,24,0.0,0.5549911352155323
10,0.5,0.8866312075287963,645.0967741935484,31,24,0.0,0.5216578018821991
11,0.45454545454545453,0.8866312075287963,645.0967741935484,31,24,0.0,0.4943850746094718
