K,dominant_ratio,balance_entropy,mean_segment_length,segment_count,meta_min_len,coherence,selection_score
11,0.45454545454545453,0.7449779083587694,833.25,24,24,1.0,0.6089717498169651
10,0.4,0.7485406717105315,833.25,24,24,1.0,0.5771351679276329
9,0.3333333333333333,0.7482857970369635,833.25,24,24,1.0,0.5370714492592409
7,0.42857142857142855,0.8294676499888279,799.92,25,24,0.4799999999999991,0.5365097696400639
8,0.375,0.7898214173612957,769.1538461538462,26,24,0.0,0.4224553543403239
