K,dominant_ratio,balance_entropy,mean_segment_length,segment_count,meta_min_len,coherence,selection_score
8,0.375,0.8123169847331758,769.1538461538462,26,24,1.0,0.578079246183294
9,0.3333333333333333,0.7730582529098821,740.6666666666666,27,24,0.7703703703703698,0.5088201187830259
13,0.38461538461538464,0.72448359304629,714.2142857142857,28,24,0.5571428571428565,0.4954615576022317
10,0.3,0.7400606312762356,740.6666666666666,27,24,0.7703703703703698,0.4805707133746144
12,0.4166666666666667,0.7355391867899314,645.0967741935484,31,24,0.0,0.4338847966974828
11,0.36363636363636365,0.7355391867899314,645.0967741935484,31,24,0.0,0.402066614879301
