K,dominant_ratio,balance_entropy,mean_segment_length,segment_count,meta_min_len,coherence,selection_score
6,0.5,0.9146692197183587,999.9,20,24,1.0,0.6786673049295897
8,0.625,0.8688062386995553,909.0,22,24,0.0,0.5922015596748889
7,0.5714285714285714,0.8688062386995553,909.0,22,24,0.0,0.5600587025320316
9,0.5555555555555556,0.8688169596095581,909.0,22,24,0.0,0.5505375732357228
10,0.5,0.8686398991410879,909.0,22,24,0.0,0.517159974785272
11,0.45454545454545453,0.8686398991410879,909.0,22,24,0.0,0.48988724751254464
