K,dominant_ratio,balance_entropy,mean_segment_length,segment_count,meta_min_len,coherence,selection_score
7,0.5714285714285714,0.8394556516926401,952.2857142857143,21,24,1.0,0.7027210557803029
8,0.5,0.8395694064432341,952.2857142857143,21,24,1.0,0.6598923516108085
9,0.4444444444444444,0.819162461329401,833.25,24,24,0.0,0.47145728199901693
10,0.4,0.8189436837619435,833.25,24,24,0.0,0.44473592094048586
11,0.36363636363636365,0.8189436837619435,833.25,24,24,0.0,0.422917739122304
12,0.3333333333333333,0.8175805254227031,833.25,24,24,0.0,0.40439513135567573
