K,dominant_ratio,balance_entropy,mean_segment_length,segment_count,meta_min_len,coherence,selection_score
7,0.5714285714285714,0.9623571064536638,1111.0,18,24,1.0,0.7334464194705588
8,0.5,0.888366057301499,999.9,20,24,0.6428571428571428,0.6185200857539461
9,0.4444444444444444,0.8305958876967404,952.2857142857143,21,24,0.48979591836734715,0.5477850263459538
11,0.45454545454545453,0.7903072685954057,833.25,24,24,0.10714285714285726,0.4863755184475527
10,0.4,0.7930288296505791,799.92,25,24,0.0,0.43825720741264473
