K,dominant_ratio,balance_entropy,mean_segment_length,segment_count,meta_min_len,coherence,selection_score
6,0.5,0.8202224546371033,1176.3529411764705,17,24,1.0,0.6550556136592759
7,0.42857142857142855,0.7678671612775515,1111.0,18,24,0.8585858585858588,0.5778975262501238
8,0.375,0.7732096548445854,869.4782608695652,23,24,0.33596837944664054,0.4686976706281424
9,0.3333333333333333,0.7518577527760599,769.1538461538462,26,24,0.11888111888111907,0.4057966060261828
12,0.3333333333333333,0.7339113389740829,714.2142857142857,28,24,0.0,0.3834778347435207
10,0.3,0.7349010328367915,714.2142857142857,28,24,0.0,0.3637252582091979
11,0.2727272727272727,0.7349010328367915,714.2142857142857,28,24,0.0,0.3473616218455615
