K,dominant_ratio,balance_entropy,mean_segment_length,segment_count,meta_min_len,coherence,selection_score
7,0.7142857142857143,0.86803440269521,869.4782608695652,23,24,1.0,0.7955800292452311
8,0.625,0.8417094254702183,769.1538461538462,26,24,0.0,0.5854273563675546
9,0.5555555555555556,0.8417094254702183,769.1538461538462,26,24,0.0,0.5437606897008879
10,0.5,0.8401056768720147,769.1538461538462,26,24,0.0,0.5100264192180036
11,0.45454545454545453,0.8401056768720147,769.1538461538462,26,24,0.0,0.4827536919452764
