K,dominant_ratio,balance_entropy,mean_segment_length,segment_count,meta_min_len,coherence,selection_score
6,0.5,0.8883612030422319,999.9,20,24,1.0,0.672090300760558
7,0.5714285714285714,0.846598924736115,869.4782608695652,23,24,0.4968944099378884,0.6290410355318549
8,0.5,0.846598924736115,869.4782608695652,23,24,0.4968944099378884,0.5861838926747119
11,0.45454545454545453,0.8194339926841808,740.6666666666666,27,24,0.0,0.4775857708983179
9,0.4444444444444444,0.8193805251628383,740.6666666666666,27,24,0.0,0.47151179795737624
10,0.4,0.8193805251628383,740.6666666666666,27,24,0.0,0.4448451312907096
