K,dominant_ratio,balance_entropy,mean_segment_length,segment_count,meta_min_len,coherence,selection_score
8,0.5,0.9204878080799582,869.4782608695652,23,24,1.0,0.6801219520199896
9,0.4444444444444444,0.8960749967968683,666.6,30,24,0.0,0.49068541586588377
10,0.4,0.8960749967968683,666.6,30,24,0.0,0.46401874919921704
