K,dominant_ratio,balance_entropy,mean_segment_length,segment_count,meta_min_len,coherence,selection_score
8,0.375,0.8247523036522844,909.0,22,24,1.0,0.5811880759130711
9,0.3333333333333333,0.8247523036522844,909.0,22,24,1.0,0.5561880759130711
11,0.36363636363636365,0.7910613956221537,833.25,24,24,0.0,0.4159471670873566
10,0.3,0.7909487589624065,833.25,24,24,0.0,0.3777371897406016
