K,dominant_ratio,balance_entropy,mean_segment_length,segment_count,meta_min_len,coherence,selection_score
8,0.5,0.8188037530822663,833.25,24,24,1.0,0.6547009382705665
9,0.4444444444444444,0.8180556504274262,714.2142857142857,28,24,0.2857142857142853,0.514037722130666
11,0.45454545454545453,0.758651364104851,666.6,30,24,0.0,0.4623901137534855
10,0.4,0.7848720486850249,689.5862068965517,29,24,0.13793103448275862,0.45690766734367
12,0.4166666666666667,0.758651364104851,666.6,30,24,0.0,0.4396628410262128
