K,dominant_ratio,balance_entropy,mean_segment_length,segment_count,meta_min_len,coherence,selection_score
8,0.5,0.84905074452399,799.92,25,24,1.0,0.6622626861309975
9,0.4444444444444444,0.8334699267354165,689.5862068965517,29,24,0.17241379310344834,0.5008962173160381
10,0.4,0.7994837490973413,666.6,30,24,0.0,0.43987093727433535
11,0.36363636363636365,0.7982100375809535,666.6,30,24,0.0,0.41773432757705653
12,0.3333333333333333,0.7982100375809535,666.6,30,24,0.0,0.39955250939523834
