K,dominant_ratio,balance_entropy,mean_segment_length,segment_count,meta_min_len,coherence,selection_score
7,0.42857142857142855,0.7817364936304362,769.1538461538462,26,24,1.0,0.6025769805504662
9,0.3333333333333333,0.7609529035478443,769.1538461538462,26,24,1.0,0.540238225886961
8,0.375,0.789767230640162,740.6666666666666,27,24,0.48148148148148096,0.4946640298822626
11,0.36363636363636365,0.7072300610790916,714.2142857142857,28,24,0.0,0.39498933345159104
10,0.3,0.7403501772922674,714.2142857142857,28,24,0.0,0.36508754432306684
