K,dominant_ratio,balance_entropy,mean_segment_length,segment_count,meta_min_len,coherence,selection_score
7,0.7142857142857143,0.8808984564103655,799.92,25,24,1.0,0.7987960426740199
8,0.625,0.8808984564103655,799.92,25,24,1.0,0.7452246141025914
9,0.5555555555555556,0.8807707095038092,799.92,25,24,1.0,0.7035260107092857
10,0.5,0.8369486489563397,799.92,25,24,1.0,0.6592371622390849
11,0.45454545454545453,0.8106433680939166,714.2142857142857,28,24,0.0,0.4753881147507518
