K,dominant_ratio,balance_entropy,mean_segment_length,segment_count,meta_min_len,coherence,selection_score
6,0.5,0.8924316239774983,1333.2,15,24,1.0,0.6731079059943746
7,0.42857142857142855,0.8765853283767459,869.4782608695652,23,24,0.2508361204013379,0.5139146072972443
8,0.375,0.8379557163272626,740.6666666666666,27,24,0.04273504273504274,0.440899185492072
9,0.3333333333333333,0.7935570940612832,714.2142857142857,28,24,0.0,0.3983892735153208
10,0.3,0.7935570940612832,714.2142857142857,28,24,0.0,0.3783892735153208
