K,dominant_ratio,balance_entropy,mean_segment_length,segment_count,meta_min_len,coherence,selection_score
7,0.2857142857142857,0.794992717319471,1111.0,18,24,1.0,0.5201767507584392
9,0.4444444444444444,0.7851019064561988,909.0,22,24,0.0,0.46294214328071637
10,0.4,0.7835729267364929,909.0,22,24,0.0,0.4358932316841232
8,0.25,0.7851019064561988,909.0,22,24,0.0,0.34627547661404967
