K,dominant_ratio,balance_entropy,mean_segment_length,segment_count,meta_min_len,coherence,selection_score
8,0.5,0.8812260079210861,799.92,25,24,1.0,0.6703065019802715
9,0.4444444444444444,0.8403612805908076,799.92,25,24,1.0,0.6267569868143685
10,0.4,0.8403612805908076,799.92,25,24,1.0,0.6000903201477019
