K,dominant_ratio,balance_entropy,mean_segment_length,segment_count,meta_min_len,coherence,selection_score
8,0.5,0.8944266617184127,571.3714285714286,35,24,1.0,0.6736066654296032
9,0.4444444444444444,0.8944266617184127,571.3714285714286,35,24,1.0,0.6402733320962698
11,0.45454545454545453,0.8552894674476093,571.3714285714286,35,24,1.0,0.636549639589175
12,0.4166666666666667,0.8312456003301094,571.3714285714286,35,24,1.0,0.6078114000825273
10,0.4,0.8569792146232065,571.3714285714286,35,24,1.0,0.6042448036558016
