K,dominant_ratio,balance_entropy,mean_segment_length,segment_count,meta_min_len,coherence,selection_score
8,0.625,0.8456767710700099,769.1538461538462,26,24,1.0,0.7364191927675025
9,0.5555555555555556,0.8057370647260472,769.1538461538462,26,24,1.0,0.6847675995148451
13,0.38461538461538464,0.8052918863165762,769.1538461538462,26,24,1.0,0.5820922023483749
10,0.5,0.7714218358287879,740.6666666666666,27,24,0.0,0.49285545895719696
11,0.45454545454545453,0.7714558598388933,740.6666666666666,27,24,0.0,0.46559123768699606
12,0.4166666666666667,0.7714558598388933,740.6666666666666,27,24,0.0,0.44286396495972336
