K,dominant_ratio,balance_entropy,mean_segment_length,segment_count,meta_min_len,coherence,selection_score
9,0.3333333333333333,0.7682163083620825,799.92,25,24,1.0,0.5420540770905207
11,0.45454545454545453,0.7435148807973168,769.1538461538462,26,24,0.0,0.45860599292660187
12,0.4166666666666667,0.7435148807973168,769.1538461538462,26,24,0.0,0.43587872019932916
8,0.375,0.8041513880438413,769.1538461538462,26,24,0.0,0.4260378470109603
10,0.4,0.7435148807973168,769.1538461538462,26,24,0.0,0.42587872019932915
7,0.2857142857142857,0.8529929672738781,769.1538461538462,26,24,0.0,0.38467681324704095
