K,dominant_ratio,balance_entropy,mean_segment_length,segment_count,meta_min_len,coherence,selection_score
7,0.42857142857142855,0.8772684110976223,1052.5263157894738,19,24,1.0,0.6264599599172627
8,0.5,0.8389803801595035,909.0,22,24,0.43181818181818177,0.5745178223126031
9,0.4444444444444444,0.8074846939324865,799.92,25,24,0.0,0.4685378401497883
10,0.4,0.8074846939324865,799.92,25,24,0.0,0.4418711734831216
