K,dominant_ratio,balance_entropy,mean_segment_length,segment_count,meta_min_len,coherence,selection_score
8,0.625,0.8438717545579616,689.5862068965517,29,24,1.0,0.7359679386394904
11,0.45454545454545453,0.8096544017932541,666.6,30,24,0.6444444444444446,0.571807539842253
10,0.5,0.8114049881419935,645.0967741935484,31,24,0.3118279569892476,0.5496254405838855
9,0.5555555555555556,0.8159961758919033,624.9375,32,24,0.0,0.5373323773063091
