K,dominant_ratio,balance_entropy,mean_segment_length,segment_count,meta_min_len,coherence,selection_score
7,0.5714285714285714,0.7829925184416628,1111.0,18,24,1.0,0.6886052724675585
8,0.5,0.7960700765524777,799.92,25,24,0.15999999999999998,0.5230175191381194
9,0.4444444444444444,0.7733241966041324,740.6666666666666,27,24,0.0,0.45999771581769977
12,0.4166666666666667,0.7372792427209341,769.1538461538462,26,24,0.07692307692307711,0.44585827221869506
10,0.4,0.7733310128176049,740.6666666666666,27,24,0.0,0.43333275320440123
11,0.36363636363636365,0.7373224382889146,769.1538461538462,26,24,0.07692307692307711,0.4140508892925084
