K,dominant_ratio,balance_entropy,mean_segment_length,segment_count,meta_min_len,coherence,selection_score
5,0.2,0.5541939802411959,593.2222222222222,9,0,1.0,0.408548495060299
6,0.16666666666666666,0.5541939802411959,593.2222222222222,9,0,1.0,0.388548495060299
7,0.14285714285714285,0.5541939802411959,593.2222222222222,9,0,1.0,0.37426278077458464
8,0.125,0.5541939802411959,593.2222222222222,9,0,1.0,0.36354849506029896
