K,dominant_ratio,balance_entropy,mean_segment_length,segment_count,meta_min_len,coherence,selection_score
4,0.5,0.9760426652884276,1095.0,8,0,0.027777777777777776,0.5481773329887736
2,0.5,0.0,8760.0,1,0,1.0,0.44999999999999996
5,0.4,0.7821928496447107,1095.0,8,0,0.027777777777777776,0.43971487907784435
6,0.3333333333333333,0.785761099608854,876.0,10,0,0.0,0.39644027490221345
3,0.3333333333333333,0.0,8760.0,1,0,1.0,0.35
