K,dominant_ratio,balance_entropy,mean_segment_length,segment_count,meta_min_len,coherence,selection_score
3,0.6666666666666666,0.8208461467769826,499.75,4,0,1.0,0.7552115366942457
4,0.5,0.8392677834830098,333.1666666666667,6,0,0.4,0.5698169458707525
5,0.4,0.898974586314468,285.57142857142856,7,0,0.22857142857142848,0.49902936086433125
7,0.42857142857142855,0.9291655293815154,222.11111111111111,9,0,0.0,0.48943423948823594
6,0.3333333333333333,0.9071732496435346,285.57142857142856,7,0,0.22857142857142848,0.4610790266965979
