K,dominant_ratio,balance_entropy,mean_segment_length,segment_count,meta_min_len,coherence,selection_score
4,0.75,0.994662638822675,222.11111111111111,9,0,1.0,0.8486656597056688
3,0.6666666666666666,0.994662638822675,222.11111111111111,9,0,1.0,0.7986656597056687
5,0.6,0.994662638822675,222.11111111111111,9,0,1.0,0.7586656597056688
6,0.5,0.994662638822675,222.11111111111111,9,0,1.0,0.6986656597056687
