K,dominant_ratio,balance_entropy,mean_segment_length,segment_count,meta_min_len,coherence,selection_score
5,0.6,0.8633021589184157,2999.8333333333335,6,0,1.0,0.725825539729604
6,0.5,0.8633021589184157,2999.8333333333335,6,0,1.0,0.6658255397296039
7,0.42857142857142855,0.823367065652705,1124.9375,16,0,0.2540322580645161,0.5010894622657108
8,0.375,0.8538306193173621,486.4594594594595,37,0,0.0,0.4384576548293405
