K,dominant_ratio,balance_entropy,mean_segment_length,segment_count,meta_min_len,coherence,selection_score
3,0.6666666666666666,0.7187404336760792,1738.6666666666667,6,0,1.0,0.7296851084190198
4,0.5,0.7187404336760792,1738.6666666666667,6,0,1.0,0.6296851084190198
5,0.4,0.7187404336760792,1738.6666666666667,6,0,1.0,0.5696851084190198
6,0.3333333333333333,0.726409659107846,1738.6666666666667,6,0,1.0,0.5316024147769615
7,0.2857142857142857,0.726409659107846,1738.6666666666667,6,0,1.0,0.5030309862055329
8,0.25,0.7292029260080677,1738.6666666666667,6,0,1.0,0.4823007315020169
