K,dominant_ratio,balance_entropy,mean_segment_length,segment_count,meta_min_len,coherence,selection_score
6,0.5,0.8702375555233858,3071.8333333333335,6,0,1.0,0.6675593888808464
7,0.42857142857142855,0.8702375555233858,3071.8333333333335,6,0,1.0,0.6247022460237036
5,0.4,0.8702375555233858,3071.8333333333335,6,0,1.0,0.6075593888808465
8,0.375,0.8702375555233858,3071.8333333333335,6,0,1.0,0.5925593888808465
9,0.3333333333333333,0.7798695151101598,1151.9375,16,0,0.0,0.39496737877753996
