K,dominant_ratio,balance_entropy,mean_segment_length,segment_count,meta_min_len,coherence,selection_score
3,0.3333333333333333,0.4082092159600343,1566.3333333333333,3,0,1.0,0.4520523039900085
4,0.25,0.35535719869652116,939.8,5,0,0.4666666666666667,0.30883929967413026
5,0.2,0.49799440157868363,391.5833333333333,12,0,0.0,0.24449860039467092
6,0.16666666666666666,0.5045100458941845,391.5833333333333,12,0,0.0,0.2261275114735461
7,0.14285714285714285,0.42427945028173586,391.5833333333333,12,0,0.0,0.19178414828471968
8,0.125,0.42427945028173586,391.5833333333333,12,0,0.0,0.18106986257043395
