K,dominant_ratio,balance_entropy,mean_segment_length,segment_count,meta_min_len,coherence,selection_score
5,0.4,0.9787249916536915,671.2857142857143,7,0,0.0,0.4846812479134229
2,0.5,0.0,4699.0,1,0,1.0,0.44999999999999996
6,0.3333333333333333,0.9787249916536915,671.2857142857143,7,0,0.0,0.4446812479134229
3,0.3333333333333333,0.0,4699.0,1,0,1.0,0.35
4,0.25,0.0,4699.0,1,0,1.0,0.3
