K,dominant_ratio,balance_entropy,mean_segment_length,segment_count,meta_min_len,coherence,selection_score
3,0.6666666666666666,0.8482428127177131,538.4615384615385,13,0,1.0,0.7620607031794283
5,0.4,0.7889175135511065,318.1818181818182,22,0,0.40097402597402604,0.49737548228388057
4,0.25,0.8589137198462341,466.6666666666667,15,0,0.804761904761905,0.4854427156758443
6,0.3333333333333333,0.7137493212546229,304.3478260869565,23,0,0.36335403726708076,0.4329404359037178
8,0.375,0.8096568348480202,170.73170731707316,41,0,0.0,0.42741420871200503
9,0.3333333333333333,0.8096568348480202,170.73170731707316,41,0,0.0,0.40241420871200506
7,0.2857142857142857,0.6850479589039951,291.6666666666667,24,0,0.3288690476190477,0.39202091829742736
10,0.3,0.8096568348480202,170.73170731707316,41,0,0.0,0.38241420871200504
