K,dominant_ratio,balance_entropy,mean_segment_length,segment_count,meta_min_len,coherence,selection_score
5,0.6,0.9080554758378417,452.3809523809524,42,0,1.0,0.7370138689594604
6,0.5,0.7934957758151853,431.8181818181818,44,0,0.8677685950413221,0.6285392332099946
7,0.42857142857142855,0.8162985862289293,351.85185185185185,54,0,0.3535353535353534,0.5142478067303924
8,0.375,0.8267011824798063,327.58620689655174,58,0,0.19749216300940448,0.4612991200713622
9,0.3333333333333333,0.8102396956497989,311.4754098360656,61,0,0.09388971684053654,0.4166433814385302
10,0.3,0.8102396956497989,311.4754098360656,61,0,0.09388971684053654,0.39664338143853023
11,0.2727272727272727,0.7734053985510344,296.875,64,0,0.0,0.3569877132741222
