K,dominant_ratio,balance_entropy,mean_segment_length,segment_count,meta_min_len,coherence,selection_score
4,0.25,0.635984835511494,1545.4545454545455,11,0,1.0,0.4589962088778735
6,0.3333333333333333,0.6204910359586302,772.7272727272727,22,0,0.04166666666666663,0.3613727589896575
5,0.2,0.5914909409902356,1133.3333333333333,15,0,0.48888888888888876,0.3412060685808922
7,0.2857142857142857,0.5935225787946788,739.1304347826087,23,0,0.0,0.3198092161272411
8,0.25,0.593863986428374,739.1304347826087,23,0,0.0,0.2984659966070935
9,0.2222222222222222,0.593863986428374,739.1304347826087,23,0,0.0,0.28179932994042683
10,0.2,0.593863986428374,739.1304347826087,23,0,0.0,0.26846599660709347
11,0.18181818181818182,0.5882387931977586,739.1304347826087,23,0,0.0,0.25615060739034873
