K,dominant_ratio,balance_entropy,mean_segment_length,segment_count,meta_min_len,coherence,selection_score
8,0.5,0.8771766392474433,232.5581395348837,43,0,1.0,0.6692941598118608
7,0.5714285714285714,0.9692230783706067,212.7659574468085,47,0,0.5489361702127659,0.6675033379817094
6,0.5,0.9690819412272123,222.22222222222223,45,0,0.7644444444444448,0.6569371519734697
9,0.5555555555555556,0.8973491870806225,188.67924528301887,53,0,0.0,0.5576706301034889
10,0.5,0.8973491870806225,188.67924528301887,53,0,0.0,0.5243372967701556
