K,dominant_ratio,balance_entropy,mean_segment_length,segment_count,meta_min_len,coherence,selection_score
2,0.5,0.0,7382.0,1,0,1.0,0.44999999999999996
3,0.3333333333333333,0.0,7382.0,1,0,1.0,0.35
4,0.25,0.5160387868667976,820.2222222222222,9,0,0.0,0.2790096967166994
5,0.2,0.5160387868667976,820.2222222222222,9,0,0.0,0.2490096967166994
6,0.16666666666666666,0.5160387868667976,820.2222222222222,9,0,0.0,0.2290096967166994
