K,dominant_ratio,balance_entropy,mean_segment_length,segment_count,meta_min_len,coherence,selection_score
4,0.5,0.9471583467741385,348.1860465116279,43,0,1.0,0.6867895866935346
5,0.4,0.8875434931449483,267.35714285714283,56,0,0.398148148148148,0.5216080955084593
6,0.3333333333333333,0.8484675905050907,213.88571428571427,70,0,0.0,0.4121168976262727
