K,dominant_ratio,balance_entropy,mean_segment_length,segment_count,meta_min_len,coherence,selection_score
5,0.4,0.8189251968406288,267.35714285714283,56,0,1.0,0.5947312992101572
6,0.3333333333333333,0.7494898921754771,267.35714285714283,56,0,1.0,0.5373724730438693
9,0.3333333333333333,0.7184957935289349,262.6666666666667,57,0,0.8596491228070188,0.5085713168032865
7,0.2857142857142857,0.7170075221748939,262.6666666666667,57,0,0.8596491228070188,0.4796278203933477
8,0.25,0.7184957935289349,262.6666666666667,57,0,0.8596491228070188,0.45857131680328655
11,0.2727272727272727,0.7754437296839531,241.48387096774192,62,0,0.22580645161290297,0.39136826379928735
10,0.3,0.7720379185987842,233.9375,64,0,0.0,0.37300947964969605
