K,dominant_ratio,balance_entropy,mean_segment_length,segment_count,meta_min_len,coherence,selection_score
3,0.6666666666666666,0.9908746818912685,1097.2857142857142,7,0,1.0,0.7977186704728171
4,0.5,0.9908746818912685,1097.2857142857142,7,0,1.0,0.6977186704728171
5,0.4,0.6808610441995184,548.6428571428571,14,0,0.06249999999999987,0.41959026104987956
6,0.3333333333333333,0.649373305368415,512.0666666666667,15,0,0.0,0.36234332634210376
7,0.2857142857142857,0.649373305368415,512.0666666666667,15,0,0.0,0.3337718977706752
8,0.25,0.6485503591589142,512.0666666666667,15,0,0.0,0.31213758978972855
