K,dominant_ratio,balance_entropy,mean_segment_length,segment_count,meta_min_len,coherence,selection_score
2,0.5,0.0,17520.0,1,0,1.0,0.44999999999999996
3,0.3333333333333333,0.0,17520.0,1,0,1.0,0.35
8,0.25,0.6319255011710678,604.1379310344828,29,0,0.002298850574712647,0.30832620287897383
9,0.2222222222222222,0.6319201466084708,565.1612903225806,31,0,0.0,0.29131336998545104
10,0.2,0.6319201466084708,565.1612903225806,31,0,0.0,0.2779800366521177
4,0.25,0.11551756074276762,2190.0,8,0,0.09583333333333334,0.1932543901856919
5,0.2,0.11551756074276762,2190.0,8,0,0.09583333333333334,0.1632543901856919
6,0.16666666666666666,0.19102709692544093,1460.0,12,0,0.05277777777777778,0.15567344089802687
7,0.14285714285714285,0.19102709692544093,1460.0,12,0,0.05277777777777778,0.14138772661231258
