K,dominant_ratio,balance_entropy,mean_segment_length,segment_count,meta_min_len,coherence,selection_score
6,0.3333333333333333,0.6783214144855416,796.3636363636364,22,0,0.023715415019762858,0.3731376658743498
7,0.2857142857142857,0.577729678419235,673.8461538461538,26,0,0.0,0.31586099103338017
8,0.25,0.577729678419235,673.8461538461538,26,0,0.0,0.2944324196048087
5,0.2,0.08260397755911945,5840.0,3,0,1.0,0.2906509943897798
