K,dominant_ratio,balance_entropy,mean_segment_length,segment_count,meta_min_len,coherence,selection_score
4,0.5,0.9966583235422468,530.9090909090909,33,0,0.0017825311942958992,0.549431960564706
5,0.4,0.9966583235422468,530.9090909090909,33,0,0.0017825311942958992,0.48943196056470606
6,0.3333333333333333,0.995175559408899,500.57142857142856,35,0,0.0,0.44879388985222474
3,0.3333333333333333,0.0,17520.0,1,0,1.0,0.35
