K,dominant_ratio,balance_entropy,mean_segment_length,segment_count,meta_min_len,coherence,selection_score
4,0.25,0.7183704217152204,668.3157894736842,19,0,1.0,0.4795926054288051
5,0.2,0.7183704217152204,668.3157894736842,19,0,1.0,0.4495926054288051
6,0.16666666666666666,0.6393023034992877,604.6666666666666,21,0,0.8606271777003485,0.38891965252987415
7,0.2857142857142857,0.8578376265989326,211.63333333333333,60,0,0.0,0.38588797807830455
8,0.25,0.8570101225254427,211.63333333333333,60,0,0.0,0.36425253063136065
