K,dominant_ratio,balance_entropy,mean_segment_length,segment_count,meta_min_len,coherence,selection_score
3,0.3333333333333333,0.0,10999.0,1,0,1.0,0.35
8,0.25,0.6862767994448478,274.975,40,0,0.0,0.3215691998612119
9,0.2222222222222222,0.6864650127564734,282.02564102564105,39,0,0.0006574621959237346,0.3050482058518402
4,0.25,0.0,10999.0,1,0,1.0,0.3
5,0.2,0.0,10999.0,1,0,1.0,0.27
6,0.16666666666666666,0.23051305302200492,1222.111111111111,9,0,0.08831908831908832,0.17087612650336448
7,0.14285714285714285,0.1431081613365929,2199.8,5,0,0.17948717948717952,0.14841440297151087
