K,dominant_ratio,balance_entropy,mean_segment_length,segment_count,meta_min_len,coherence,selection_score
4,0.25,0.5937716731412186,544.3703703703703,27,0,1.0,0.4484429182853047
5,0.2,0.5939047752910969,524.9285714285714,28,0,0.9223602484472052,0.406830231089855
6,0.3333333333333333,0.788654309098387,293.96,50,0,0.0,0.3971635772745967
7,0.2857142857142857,0.7865777271243276,293.96,50,0,0.0,0.3680730032096533
8,0.25,0.7855550209947436,293.96,50,0,0.0,0.3463887552486859
9,0.2222222222222222,0.7855550209947436,293.96,50,0,0.0,0.32972208858201923
