K,dominant_ratio,balance_entropy,mean_segment_length,segment_count,meta_min_len,coherence,selection_score
3,0.3333333333333333,0.7857737068532583,2666.6666666666665,3,0,1.0,0.5464434267133146
4,0.25,0.7849192945221679,2666.6666666666665,3,0,1.0,0.496229823630542
6,0.3333333333333333,0.5367582122029377,2000.0,4,0,0.5000000000000001,0.4091895530507344
5,0.4,0.5325566733868068,1333.3333333333333,6,0,0.0,0.3731391683467017
