K,dominant_ratio,balance_entropy,mean_segment_length,segment_count,meta_min_len,coherence,selection_score
4,0.5,0.6950317171174026,461.53846153846155,26,0,1.0,0.6237579292793507
6,0.5,0.7801822227600312,333.3333333333333,36,0,0.4642857142857142,0.564688412832865
7,0.42857142857142855,0.7801822227600312,333.3333333333333,36,0,0.4642857142857142,0.521831269975722
5,0.4,0.7801822227600312,333.3333333333333,36,0,0.4642857142857142,0.5046884128328649
8,0.375,0.7788622314305353,333.3333333333333,36,0,0.4642857142857142,0.48935841500049093
9,0.2222222222222222,0.7034991456485687,222.22222222222223,54,0,0.0,0.3092081197454755
