K,dominant_ratio,balance_entropy,mean_segment_length,segment_count,meta_min_len,coherence,selection_score
4,0.5,0.8179770010247485,2399.8,5,0,1.0,0.6544942502561871
5,0.4,0.8208693383125815,599.95,20,0,0.0,0.4452173345781454
6,0.3333333333333333,0.6828789409822076,923.0,13,0,0.17948717948717946,0.39764281216862885
7,0.2857142857142857,0.6828789409822076,923.0,13,0,0.17948717948717946,0.36907138359720026
9,0.2222222222222222,0.8006417900759694,857.0714285714286,14,0,0.14285714285714282,0.3549223522808971
8,0.25,0.6927894131162181,799.9333333333333,15,0,0.11111111111111105,0.3398640199457212
