K,dominant_ratio,balance_entropy,mean_segment_length,segment_count,meta_min_len,coherence,selection_score
4,0.5,0.8720354133940106,333.3333333333333,36,0,1.0,0.6680088533485027
5,0.4,0.7735613674930463,300.0,40,0,0.7105263157894738,0.5399692892416826
6,0.3333333333333333,0.7735613674930463,300.0,40,0,0.7105263157894738,0.4999692892416826
8,0.375,0.7570619654483318,244.89795918367346,49,0,0.23200859291084852,0.44906678029871017
7,0.2857142857142857,0.7577306878284928,244.89795918367346,49,0,0.23200859291084852,0.39566253232232185
9,0.3333333333333333,0.7222456177059057,218.1818181818182,55,0,0.0,0.3805614044264764
