K,dominant_ratio,balance_entropy,mean_segment_length,segment_count,meta_min_len,coherence,selection_score
5,0.4,0.9553207931955189,13333.0,3,0,1.0,0.6288301982988798
6,0.3333333333333333,0.9553207931955189,13333.0,3,0,1.0,0.5888301982988797
9,0.3333333333333333,0.855155396871867,689.6379310344828,58,0,0.0,0.41378884921796677
10,0.3,0.855155396871867,689.6379310344828,58,0,0.0,0.39378884921796675
7,0.2857142857142857,0.7297549017595384,1666.625,24,0,0.07727272727272727,0.36545820595936507
8,0.25,0.7297549017595384,1666.625,24,0,0.07727272727272727,0.3440296345307937
