K,dominant_ratio,balance_entropy,mean_segment_length,segment_count,meta_min_len,coherence,selection_score
10,0.2,0.5272080812128893,999.975,40,0,1.0,0.4018020203032223
11,0.18181818181818182,0.5262227533402288,999.975,40,0,1.0,0.3906465974259663
6,0.3333333333333333,0.5270934288788316,909.0681818181819,44,0,0.0,0.3317733572197079
7,0.2857142857142857,0.5270934288788316,909.0681818181819,44,0,0.0,0.30320192864827933
8,0.25,0.527540408573983,909.0681818181819,44,0,0.0,0.2818851021434957
9,0.2222222222222222,0.527540408573983,909.0681818181819,44,0,0.0,0.2652184354768291
