K,dominant_ratio,balance_entropy,mean_segment_length,segment_count,meta_min_len,coherence,selection_score
4,0.5,0.630375261103393,769.2307692307693,13,0,1.0,0.6075938152758482
5,0.4,0.630375261103393,769.2307692307693,13,0,1.0,0.5475938152758483
6,0.5,0.8009910921377794,384.61538461538464,26,0,0.0,0.5002477730344448
7,0.42857142857142855,0.8009910921377794,384.61538461538464,26,0,0.0,0.45739063017730197
