K,dominant_ratio,balance_entropy,mean_segment_length,segment_count,meta_min_len,coherence,selection_score
5,0.6,0.7740845910724397,666.6666666666666,15,0,0.29999999999999993,0.5985211477681099
4,0.5,0.5842009385109725,1250.0,8,0,1.0,0.5960502346277431
6,0.5,0.7742055321971812,416.6666666666667,24,0,0.0,0.4935513830492953
7,0.42857142857142855,0.7742055321971812,416.6666666666667,24,0,0.0,0.45069424019215243
