K,dominant_ratio,balance_entropy,mean_segment_length,segment_count,meta_min_len,coherence,selection_score
6,0.5,0.9156303512204781,870.1,10,24,1.0,0.6789075878051195
7,0.42857142857142855,0.8805318858980586,725.0833333333334,12,24,0.0,0.4772758286173718
8,0.375,0.8803303619544931,725.0833333333334,12,24,0.0,0.44508259048862325
9,0.3333333333333333,0.8776009557045842,725.0833333333334,12,24,0.0,0.41940023892614603
