K,dominant_ratio,balance_entropy,mean_segment_length,segment_count,meta_min_len,coherence,selection_score
5,0.4,0.8561960482440446,1263.6666666666667,6,24,1.0,0.6040490120610111
7,0.42857142857142855,0.7771388438829782,631.8333333333334,12,24,0.12500000000000006,0.4701775681136016
8,0.375,0.7492769140526702,583.2307692307693,13,24,0.05769230769230778,0.42097307466701367
9,0.3333333333333333,0.7563118320019465,541.5714285714286,14,24,0.0,0.3890779580004866
6,0.16666666666666666,0.840795361817267,631.8333333333334,12,24,0.12500000000000006,0.3289488404543167
