K,dominant_ratio,balance_entropy,mean_segment_length,segment_count,meta_min_len,coherence,selection_score
7,0.2857142857142857,0.8524403004430521,599.125,8,24,1.0,0.5345386465393345
8,0.25,0.8319752812767768,532.5555555555555,9,24,0.0,0.3579938203191942
