K,dominant_ratio,balance_entropy,mean_segment_length,segment_count,meta_min_len,coherence,selection_score
5,0.6,0.8192765807870263,864.8571428571429,7,24,1.0,0.7148191451967566
6,0.5,0.7609887210237168,756.75,8,24,0.43750000000000006,0.5558721802559292
4,0.25,0.8192765807870263,864.8571428571429,7,24,1.0,0.5048191451967565
7,0.42857142857142855,0.8421717656194654,672.6666666666666,9,24,0.0,0.46768579854772346
8,0.375,0.8421717656194654,672.6666666666666,9,24,0.0,0.4355429414048663
