K,selected_by_rule,ARI,NMI,n_pred_states,segments,dominant_ratio,balance_entropy,mean_segment_length,segment_count_raw,coherence,selection_score,meta_min_len,branch_select_metric,meta_vote_weight_mode,selected_branch_names
5,1,0.8312939482646218,0.8057571153840403,5,9,0.6,0.8594427868253428,630.3333333333334,9,1.0,0.7248606967063357,24,PEER,pid_weight,MoCap_64core_b14_w176_s44|MoCap_64core_b19_w192_s64|MoCap_64core_b24_w208_s104|MoCap_64core_b25_w224_s45|MoCap_64core_b27_w224_s75|MoCap_64core_b33_w256_s50|MoCap_64core_b34_w256_s64|MoCap_64core_b37_w272_s54|MoCap_64core_b40_w272_s136|MoCap_64core_b41_w288_s58|MoCap_64core_b45_w304_s61|MoCap_64core_b46_w304_s76|MoCap_64core_b48_w304_s152|MoCap_64core_b55_w336_s112|MoCap_64core_b58_w352_s88|MoCap_64core_b62_w384_s96
6,0,0.8466278231942207,0.8126115645758345,6,10,0.5,0.7949014567424746,567.3,10,0.6749999999999997,0.5999753641856186,24,PEER,pid_weight,MoCap_64core_b14_w176_s44|MoCap_64core_b19_w192_s64|MoCap_64core_b24_w208_s104|MoCap_64core_b25_w224_s45|MoCap_64core_b27_w224_s75|MoCap_64core_b33_w256_s50|MoCap_64core_b34_w256_s64|MoCap_64core_b37_w272_s54|MoCap_64core_b40_w272_s136|MoCap_64core_b41_w288_s58|MoCap_64core_b45_w304_s61|MoCap_64core_b46_w304_s76|MoCap_64core_b48_w304_s152|MoCap_64core_b55_w336_s112|MoCap_64core_b58_w352_s88|MoCap_64core_b62_w384_s96
7,0,0.8401017346470324,0.807747370688207,7,13,0.42857142857142855,0.8123131482568984,436.38461538461536,13,0.0,0.4602211442070817,24,PEER,pid_weight,MoCap_64core_b14_w176_s44|MoCap_64core_b19_w192_s64|MoCap_64core_b24_w208_s104|MoCap_64core_b25_w224_s45|MoCap_64core_b27_w224_s75|MoCap_64core_b33_w256_s50|MoCap_64core_b34_w256_s64|MoCap_64core_b37_w272_s54|MoCap_64core_b40_w272_s136|MoCap_64core_b41_w288_s58|MoCap_64core_b45_w304_s61|MoCap_64core_b46_w304_s76|MoCap_64core_b48_w304_s152|MoCap_64core_b55_w336_s112|MoCap_64core_b58_w352_s88|MoCap_64core_b62_w384_s96
8,0,0.8154820687360932,0.784675864173878,7,13,0.375,0.8029594844997988,436.38461538461536,13,0.0,0.4257398711249497,24,PEER,pid_weight,MoCap_64core_b14_w176_s44|MoCap_64core_b19_w192_s64|MoCap_64core_b24_w208_s104|MoCap_64core_b25_w224_s45|MoCap_64core_b27_w224_s75|MoCap_64core_b33_w256_s50|MoCap_64core_b34_w256_s64|MoCap_64core_b37_w272_s54|MoCap_64core_b40_w272_s136|MoCap_64core_b41_w288_s58|MoCap_64core_b45_w304_s61|MoCap_64core_b46_w304_s76|MoCap_64core_b48_w304_s152|MoCap_64core_b55_w336_s112|MoCap_64core_b58_w352_s88|MoCap_64core_b62_w384_s96
