K,dominant_ratio,balance_entropy,mean_segment_length,segment_count,meta_min_len,coherence,selection_score
5,0.6,0.8594427868253428,630.3333333333334,9,24,1.0,0.7248606967063357
6,0.5,0.7949014567424746,567.3,10,24,0.6749999999999997,0.5999753641856186
7,0.42857142857142855,0.8123131482568984,436.38461538461536,13,24,0.0,0.4602211442070817
8,0.375,0.8029594844997988,436.38461538461536,13,24,0.0,0.4257398711249497
