K,dominant_ratio,balance_entropy,mean_segment_length,segment_count,meta_min_len,coherence,selection_score
6,0.6666666666666666,0.9767772185900093,920.5,10,24,1.0,0.7941943046475023
11,0.6363636363636364,0.9648169215158222,767.0833333333334,12,24,0.0,0.6230224121971373
12,0.5833333333333334,0.9637678655140353,767.0833333333334,12,24,0.0,0.5909419663785088
7,0.42857142857142855,0.9693977662777695,836.8181818181819,11,24,0.45454545454545475,0.5676741168941177
9,0.4444444444444444,0.9646047153701556,767.0833333333334,12,24,0.0,0.5078178455092055
10,0.4,0.9646047153701556,767.0833333333334,12,24,0.0,0.4811511788425389
8,0.25,0.9648338913797347,767.0833333333334,12,24,0.0,0.39120847284493365
