K,selected_by_rule,ARI,NMI,n_pred_states,segments,dominant_ratio,balance_entropy,mean_segment_length,segment_count_raw,coherence,selection_score,meta_min_len,branch_select_metric,meta_vote_weight_mode,selected_branch_names
6,1,0.9340465466080498,0.9201167884202699,6,10,0.5,0.9156303512204781,870.1,10,1.0,0.6789075878051195,24,PEER,pid_weight,MoCap_64core_b21_w208_s42|MoCap_64core_b23_w208_s69|MoCap_64core_b27_w224_s75|MoCap_64core_b30_w240_s60|MoCap_64core_b31_w240_s80|MoCap_64core_b33_w256_s50|MoCap_64core_b36_w256_s128|MoCap_64core_b37_w272_s54|MoCap_64core_b38_w272_s68|MoCap_64core_b45_w304_s61|MoCap_64core_b47_w304_s101|MoCap_64core_b53_w336_s67|MoCap_64core_b54_w336_s84|MoCap_64core_b55_w336_s112|MoCap_64core_b57_w352_s70|MoCap_64core_b62_w384_s96
7,0,0.9094167837826227,0.9019416655023302,7,12,0.42857142857142855,0.8805318858980586,725.0833333333334,12,0.0,0.4772758286173718,24,PEER,pid_weight,MoCap_64core_b21_w208_s42|MoCap_64core_b23_w208_s69|MoCap_64core_b27_w224_s75|MoCap_64core_b30_w240_s60|MoCap_64core_b31_w240_s80|MoCap_64core_b33_w256_s50|MoCap_64core_b36_w256_s128|MoCap_64core_b37_w272_s54|MoCap_64core_b38_w272_s68|MoCap_64core_b45_w304_s61|MoCap_64core_b47_w304_s101|MoCap_64core_b53_w336_s67|MoCap_64core_b54_w336_s84|MoCap_64core_b55_w336_s112|MoCap_64core_b57_w352_s70|MoCap_64core_b62_w384_s96
8,0,0.914867896262232,0.9083042702710836,7,12,0.375,0.8803303619544931,725.0833333333334,12,0.0,0.44508259048862325,24,PEER,pid_weight,MoCap_64core_b21_w208_s42|MoCap_64core_b23_w208_s69|MoCap_64core_b27_w224_s75|MoCap_64core_b30_w240_s60|MoCap_64core_b31_w240_s80|MoCap_64core_b33_w256_s50|MoCap_64core_b36_w256_s128|MoCap_64core_b37_w272_s54|MoCap_64core_b38_w272_s68|MoCap_64core_b45_w304_s61|MoCap_64core_b47_w304_s101|MoCap_64core_b53_w336_s67|MoCap_64core_b54_w336_s84|MoCap_64core_b55_w336_s112|MoCap_64core_b57_w352_s70|MoCap_64core_b62_w384_s96
9,0,0.9233447798434836,0.9160871133931122,7,12,0.3333333333333333,0.8776009557045842,725.0833333333334,12,0.0,0.41940023892614603,24,PEER,pid_weight,MoCap_64core_b21_w208_s42|MoCap_64core_b23_w208_s69|MoCap_64core_b27_w224_s75|MoCap_64core_b30_w240_s60|MoCap_64core_b31_w240_s80|MoCap_64core_b33_w256_s50|MoCap_64core_b36_w256_s128|MoCap_64core_b37_w272_s54|MoCap_64core_b38_w272_s68|MoCap_64core_b45_w304_s61|MoCap_64core_b47_w304_s101|MoCap_64core_b53_w336_s67|MoCap_64core_b54_w336_s84|MoCap_64core_b55_w336_s112|MoCap_64core_b57_w352_s70|MoCap_64core_b62_w384_s96
