K,dominant_ratio,balance_entropy,mean_segment_length,segment_count,meta_min_len,coherence,selection_score
6,0.3333333333333333,0.9267330925366304,933.3333333333334,9,24,1.0,0.5816832731341576
9,0.4444444444444444,0.8651894530369656,840.0,10,24,0.0,0.48296402992590803
7,0.14285714285714285,0.9131030287154942,933.3333333333334,9,24,1.0,0.46399004289315926
8,0.25,0.8651894530369656,840.0,10,24,0.0,0.3662973632592414
