K,dominant_ratio,balance_entropy,mean_segment_length,segment_count,meta_min_len,coherence,selection_score
6,0.5,0.8586489136824894,572.25,8,24,1.0,0.6646622284206224
5,0.4,0.8610698715582795,572.25,8,24,1.0,0.6052674678895699
7,0.5714285714285714,0.7853844211095977,508.6666666666667,9,24,0.0,0.5392032481345422
