K,selected_by_rule,ARI,NMI,n_pred_states,segments,dominant_ratio,balance_entropy,mean_segment_length,segment_count_raw,coherence,selection_score,meta_min_len,branch_select_metric,meta_vote_weight_mode,selected_branch_names
6,1,0.9077185563971527,0.9036368459130063,6,9,0.3333333333333333,0.9267330925366304,933.3333333333334,9,1.0,0.5816832731341576,24,PEER,pid_weight,MoCap_64core_b17_w192_s38|MoCap_64core_b20_w192_s96|MoCap_64core_b22_w208_s52|MoCap_64core_b24_w208_s104|MoCap_64core_b25_w224_s45|MoCap_64core_b26_w224_s56|MoCap_64core_b27_w224_s75|MoCap_64core_b30_w240_s60|MoCap_64core_b33_w256_s50|MoCap_64core_b34_w256_s64|MoCap_64core_b35_w256_s85|MoCap_64core_b38_w272_s68|MoCap_64core_b43_w288_s96|MoCap_64core_b44_w288_s144|MoCap_64core_b49_w320_s64|MoCap_64core_b60_w352_s176
7,0,0.9401799599882161,0.9257426227851495,7,9,0.14285714285714285,0.9131030287154942,933.3333333333334,9,1.0,0.46399004289315926,24,PEER,pid_weight,MoCap_64core_b17_w192_s38|MoCap_64core_b20_w192_s96|MoCap_64core_b22_w208_s52|MoCap_64core_b24_w208_s104|MoCap_64core_b25_w224_s45|MoCap_64core_b26_w224_s56|MoCap_64core_b27_w224_s75|MoCap_64core_b30_w240_s60|MoCap_64core_b33_w256_s50|MoCap_64core_b34_w256_s64|MoCap_64core_b35_w256_s85|MoCap_64core_b38_w272_s68|MoCap_64core_b43_w288_s96|MoCap_64core_b44_w288_s144|MoCap_64core_b49_w320_s64|MoCap_64core_b60_w352_s176
8,0,0.94264822402998,0.9304178522966094,8,10,0.25,0.8651894530369656,840.0,10,0.0,0.3662973632592414,24,PEER,pid_weight,MoCap_64core_b17_w192_s38|MoCap_64core_b20_w192_s96|MoCap_64core_b22_w208_s52|MoCap_64core_b24_w208_s104|MoCap_64core_b25_w224_s45|MoCap_64core_b26_w224_s56|MoCap_64core_b27_w224_s75|MoCap_64core_b30_w240_s60|MoCap_64core_b33_w256_s50|MoCap_64core_b34_w256_s64|MoCap_64core_b35_w256_s85|MoCap_64core_b38_w272_s68|MoCap_64core_b43_w288_s96|MoCap_64core_b44_w288_s144|MoCap_64core_b49_w320_s64|MoCap_64core_b60_w352_s176
9,0,0.94264822402998,0.9304178522966094,8,10,0.4444444444444444,0.8651894530369656,840.0,10,0.0,0.48296402992590803,24,PEER,pid_weight,MoCap_64core_b17_w192_s38|MoCap_64core_b20_w192_s96|MoCap_64core_b22_w208_s52|MoCap_64core_b24_w208_s104|MoCap_64core_b25_w224_s45|MoCap_64core_b26_w224_s56|MoCap_64core_b27_w224_s75|MoCap_64core_b30_w240_s60|MoCap_64core_b33_w256_s50|MoCap_64core_b34_w256_s64|MoCap_64core_b35_w256_s85|MoCap_64core_b38_w272_s68|MoCap_64core_b43_w288_s96|MoCap_64core_b44_w288_s144|MoCap_64core_b49_w320_s64|MoCap_64core_b60_w352_s176
