K,dominant_ratio,balance_entropy,mean_segment_length,segment_count,meta_min_len,coherence,selection_score
7,0.42857142857142855,0.8529329931482724,1179.5555555555557,9,24,1.0,0.6203761054299253
9,0.4444444444444444,0.8308994752186124,965.0909090909091,11,24,0.4909090909090908,0.5480278991076833
8,0.375,0.804701345050917,1061.6,10,24,0.7199999999999995,0.5341753362627291
10,0.4,0.8486085509345032,816.6153846153846,13,24,0.13846153846153839,0.47292136850285654
11,0.36363636363636365,0.8351279899351594,758.2857142857143,14,24,0.0,0.42696381566560804
12,0.3333333333333333,0.8351279899351594,758.2857142857143,14,24,0.0,0.40878199748378985
