K,dominant_ratio,balance_entropy,mean_segment_length,segment_count,meta_min_len,coherence,selection_score
7,0.42857142857142855,0.9083525567552271,1179.5555555555557,9,24,1.0,0.6342309963316639
6,0.3333333333333333,0.9083525567552271,1179.5555555555557,9,24,1.0,0.5770881391888067
8,0.375,0.9077878602661339,1061.6,10,24,0.6749999999999995,0.5531969650665334
9,0.4444444444444444,0.8531030714434896,965.0909090909091,11,24,0.409090909090909,0.5413060708911754
13,0.46153846153846156,0.8326989635309076,816.6153846153846,13,24,0.0,0.48509781780580385
10,0.4,0.8648707485186761,884.6666666666666,12,24,0.18749999999999978,0.484342687129669
11,0.36363636363636365,0.8319847270773181,816.6153846153846,13,24,0.0,0.4261779999511477
12,0.3333333333333333,0.8326989635309076,816.6153846153846,13,24,0.0,0.40817474088272687
