K,dominant_ratio,balance_entropy,mean_segment_length,segment_count,meta_min_len,coherence,selection_score
4,0.5,0.8479301910195594,1263.6666666666667,6,24,1.0,0.6619825477548898
7,0.42857142857142855,0.8481864042222791,1263.6666666666667,6,24,1.0,0.6191894581984269
5,0.4,0.8479301910195594,1263.6666666666667,6,24,1.0,0.6019825477548898
6,0.3333333333333333,0.8480501993276651,1263.6666666666667,6,24,1.0,0.5620125498319163
8,0.375,0.7668949494687524,947.75,8,24,0.24999999999999994,0.454223737367188
9,0.3333333333333333,0.7164169004255568,842.4444444444445,9,24,0.0,0.3791042251063892
10,0.3,0.7180732273335343,842.4444444444445,9,24,0.0,0.3595183068333836
11,0.2727272727272727,0.7180732273335343,842.4444444444445,9,24,0.0,0.3431546704697472
