K,dominant_ratio,balance_entropy,mean_segment_length,segment_count,meta_min_len,coherence,selection_score
5,0.6,0.8447748655090386,630.3333333333334,9,24,0.7111111111111112,0.6778603830439263
6,0.5,0.7883153334974977,567.3,10,24,0.47999999999999987,0.5690788333743744
4,0.25,0.9460497868561177,709.125,8,24,1.0,0.5365124467140294
7,0.42857142857142855,0.7853624743366622,567.3,10,24,0.47999999999999987,0.5254834757270226
10,0.4,0.7761478492397555,436.38461538461536,13,24,0.0,0.4340369623099389
8,0.375,0.7761478492397555,436.38461538461536,13,24,0.0,0.41903696230993887
9,0.3333333333333333,0.7761478492397555,436.38461538461536,13,24,0.0,0.3940369623099389
