K,dominant_ratio,balance_entropy,mean_segment_length,segment_count,meta_min_len,coherence,selection_score
6,0.5,0.9201199697516299,836.8181818181819,11,24,1.0,0.6800299924379075
7,0.42857142857142855,0.9201199697516299,836.8181818181819,11,24,1.0,0.6371728495807646
11,0.6363636363636364,0.9630818408382544,708.0769230769231,13,24,0.0,0.6225886420277453
12,0.5833333333333334,0.9630818408382544,708.0769230769231,13,24,0.0,0.5907704602095636
13,0.5384615384615384,0.9630818408382544,708.0769230769231,13,24,0.0,0.5638473832864866
10,0.3,0.9102469241431574,767.0833333333334,12,24,0.45833333333333337,0.4763117310357894
8,0.25,0.9101241005528707,767.0833333333334,12,24,0.45833333333333337,0.44628102513821766
9,0.2222222222222222,0.9101241005528707,767.0833333333334,12,24,0.45833333333333337,0.42961435847155105
