K,dominant_ratio,balance_entropy,mean_segment_length,segment_count,meta_min_len,coherence,selection_score
4,0.25,0.9361372620219832,654.0,7,24,1.0,0.5340343155054958
5,0.4,0.8385644246555773,572.25,8,24,0.43749999999999994,0.5152661061638943
6,0.5,0.7722160570237825,508.6666666666667,9,24,0.0,0.49305401425594564
8,0.5,0.7711947230080728,508.6666666666667,9,24,0.0,0.49279868075201816
9,0.4444444444444444,0.763407520759586,508.6666666666667,9,24,0.0,0.4575185468565631
7,0.42857142857142855,0.7722160570237825,508.6666666666667,9,24,0.0,0.4501968713988027
10,0.4,0.763407520759586,508.6666666666667,9,24,0.0,0.4308518801898965
