K,dominant_ratio,balance_entropy,mean_segment_length,segment_count,meta_min_len,coherence,selection_score
12,0.5,0.9037004750683247,933.3333333333334,9,24,0.0,0.5259251187670811
11,0.45454545454545453,0.9036515461834251,933.3333333333334,9,24,0.0,0.498640159273129
10,0.4,0.9036781797759268,933.3333333333334,9,24,0.0,0.4659195449439817
6,0.16666666666666666,0.8298193272582728,1050.0,8,24,1.0,0.45745483181456814
9,0.3333333333333333,0.9036781797759268,933.3333333333334,9,24,0.0,0.42591954494398165
8,0.25,0.9069617562958501,933.3333333333334,9,24,0.0,0.3767404390739625
7,0.14285714285714285,0.9069617562958501,933.3333333333334,9,24,0.0,0.3124547247882482
