K,dominant_ratio,balance_entropy,mean_segment_length,segment_count,meta_min_len,coherence,selection_score
5,0.6,0.8258000482577253,864.8571428571429,7,24,0.42857142857142866,0.6307357263501456
6,0.5,0.8258000482577253,864.8571428571429,7,24,0.42857142857142866,0.5707357263501456
7,0.42857142857142855,0.8241199228810637,864.8571428571429,7,24,0.42857142857142866,0.5274585521488373
4,0.25,0.6269929307279019,1210.8,5,24,1.0,0.4567482326819755
8,0.375,0.7715964145603805,605.4,10,24,0.0,0.4178991036400951
10,0.3,0.7651887350043508,756.75,8,24,0.25000000000000006,0.40879718375108764
9,0.3333333333333333,0.7762182823914996,605.4,10,24,0.0,0.39405457059787485
11,0.2727272727272727,0.7870332819326662,672.6666666666666,9,24,0.11111111111111109,0.3770613507861968
12,0.25,0.7870332819326662,672.6666666666666,9,24,0.11111111111111109,0.36342498714983323
