K,dominant_ratio,balance_entropy,mean_segment_length,segment_count,meta_min_len,coherence,selection_score
6,0.5,0.8633948201830743,1087.625,8,24,1.0,0.6658487050457685
7,0.42857142857142855,0.8646993740230926,1087.625,8,24,1.0,0.6233177006486302
5,0.4,0.8633948201830743,1087.625,8,24,1.0,0.6058487050457686
8,0.375,0.8636794465039587,1087.625,8,24,1.0,0.5909198616259896
9,0.3333333333333333,0.8638689006410785,1087.625,8,24,1.0,0.5659672251602696
10,0.3,0.8620389066598236,1087.625,8,24,1.0,0.5455097266649559
