K,dominant_ratio,balance_entropy,mean_segment_length,segment_count,meta_min_len,coherence,selection_score
6,0.3333333333333333,0.8811777050519192,684.7142857142857,7,24,1.0,0.5702944262629798
8,0.375,0.8424516928279879,599.125,8,24,0.43750000000000017,0.501237923206997
9,0.4444444444444444,0.8040708258542664,532.5555555555555,9,24,0.0,0.46768437313023326
7,0.2857142857142857,0.8431708204545577,599.125,8,24,0.43750000000000017,0.4478462765422109
10,0.4,0.8040708258542664,532.5555555555555,9,24,0.0,0.4410177064635666
11,0.36363636363636365,0.8049811738331473,532.5555555555555,9,24,0.0,0.419427111640105
