K,selected_by_rule,ARI,NMI,n_pred_states,segments,dominant_ratio,balance_entropy,mean_segment_length,segment_count_raw,coherence,selection_score,meta_min_len,branch_select_metric,meta_vote_weight_mode,selected_branch_names
8,0,0.8315145727449814,0.8718799404892285,8,12,0.25,0.9645816944016573,767.0833333333334,12,1.0,0.5411454236004143,24,PID,pid_weight,MoCap_alt64_b23_w176_s66|MoCap_alt64_b27_w192_s72|MoCap_alt64_b29_w208_s35|MoCap_alt64_b31_w208_s78|MoCap_alt64_b34_w224_s56|MoCap_alt64_b37_w240_s40|MoCap_alt64_b38_w240_s60|MoCap_alt64_b41_w256_s50
9,1,0.8969472674855468,0.9015482553284135,9,12,0.3333333333333333,0.9687839607861175,767.0833333333334,12,1.0,0.5921959901965294,24,PID,pid_weight,MoCap_alt64_b23_w176_s66|MoCap_alt64_b27_w192_s72|MoCap_alt64_b29_w208_s35|MoCap_alt64_b31_w208_s78|MoCap_alt64_b34_w224_s56|MoCap_alt64_b37_w240_s40|MoCap_alt64_b38_w240_s60|MoCap_alt64_b41_w256_s50
10,0,0.8855305907009524,0.8913672842081434,10,13,0.3,0.9347986342317509,708.0769230769231,13,0.46153846153846156,0.482930427788707,24,PID,pid_weight,MoCap_alt64_b23_w176_s66|MoCap_alt64_b27_w192_s72|MoCap_alt64_b29_w208_s35|MoCap_alt64_b31_w208_s78|MoCap_alt64_b34_w224_s56|MoCap_alt64_b37_w240_s40|MoCap_alt64_b38_w240_s60|MoCap_alt64_b41_w256_s50
11,0,0.8800070862259606,0.8854842200583821,11,14,0.5454545454545454,0.9096101008501684,657.5,14,0.0,0.5546752524852693,24,PID,pid_weight,MoCap_alt64_b23_w176_s66|MoCap_alt64_b27_w192_s72|MoCap_alt64_b29_w208_s35|MoCap_alt64_b31_w208_s78|MoCap_alt64_b34_w224_s56|MoCap_alt64_b37_w240_s40|MoCap_alt64_b38_w240_s60|MoCap_alt64_b41_w256_s50
12,0,0.8812093356469508,0.8865477616336964,11,14,0.5,0.9095983800254319,657.5,14,0.0,0.5273995950063579,24,PID,pid_weight,MoCap_alt64_b23_w176_s66|MoCap_alt64_b27_w192_s72|MoCap_alt64_b29_w208_s35|MoCap_alt64_b31_w208_s78|MoCap_alt64_b34_w224_s56|MoCap_alt64_b37_w240_s40|MoCap_alt64_b38_w240_s60|MoCap_alt64_b41_w256_s50
