K,selected_by_rule,ARI,NMI,n_pred_states,segments,dominant_ratio,balance_entropy,mean_segment_length,segment_count_raw,coherence,selection_score,meta_min_len,branch_select_metric,meta_vote_weight_mode,selected_branch_names
9,1,0.7974548881232688,0.8231063372016933,8,14,0.4444444444444444,0.8698514383484546,758.2857142857143,14,1.0,0.6341295262537803,24,PID,pid_weight,MoCap_alt64_b21_w176_s29|MoCap_alt64_b22_w176_s44|MoCap_alt64_b24_w176_s88|MoCap_alt64_b25_w192_s32|MoCap_alt64_b26_w192_s48|MoCap_alt64_b33_w224_s37|MoCap_alt64_b37_w240_s40|MoCap_alt64_b43_w256_s96
10,0,0.797916075491959,0.8237711315242676,8,14,0.4,0.8691985895743507,758.2857142857143,14,1.0,0.6072996473935877,24,PID,pid_weight,MoCap_alt64_b21_w176_s29|MoCap_alt64_b22_w176_s44|MoCap_alt64_b24_w176_s88|MoCap_alt64_b25_w192_s32|MoCap_alt64_b26_w192_s48|MoCap_alt64_b33_w224_s37|MoCap_alt64_b37_w240_s40|MoCap_alt64_b43_w256_s96
11,0,0.797916075491959,0.8237711315242676,8,14,0.36363636363636365,0.8691985895743507,758.2857142857143,14,1.0,0.5854814655754058,24,PID,pid_weight,MoCap_alt64_b21_w176_s29|MoCap_alt64_b22_w176_s44|MoCap_alt64_b24_w176_s88|MoCap_alt64_b25_w192_s32|MoCap_alt64_b26_w192_s48|MoCap_alt64_b33_w224_s37|MoCap_alt64_b37_w240_s40|MoCap_alt64_b43_w256_s96
12,0,0.7852442690274356,0.8134572819904328,9,18,0.3333333333333333,0.8477156050397868,589.7777777777778,18,0.0,0.4119289012599467,24,PID,pid_weight,MoCap_alt64_b21_w176_s29|MoCap_alt64_b22_w176_s44|MoCap_alt64_b24_w176_s88|MoCap_alt64_b25_w192_s32|MoCap_alt64_b26_w192_s48|MoCap_alt64_b33_w224_s37|MoCap_alt64_b37_w240_s40|MoCap_alt64_b43_w256_s96
