K,selected_by_rule,ARI,NMI,n_pred_states,segments,dominant_ratio,balance_entropy,mean_segment_length,segment_count_raw,coherence,selection_score,meta_min_len,branch_select_metric,meta_vote_weight_mode,selected_branch_names
5,0,0.8252752026406686,0.8053132016307336,4,8,0.4,0.93700680385469,572.25,8,1.0,0.6242517009636726,24,PID,pid_weight,MoCap_alt64_b22_w176_s44|MoCap_alt64_b29_w208_s35|MoCap_alt64_b33_w224_s37|MoCap_alt64_b37_w240_s40|MoCap_alt64_b50_w288_s72|MoCap_alt64_b53_w304_s51|MoCap_alt64_b54_w304_s76|MoCap_alt64_b61_w336_s56
6,0,0.8249003405567534,0.8046653767859235,4,8,0.5,0.9369673103660753,572.25,8,1.0,0.6842418275915189,24,PID,pid_weight,MoCap_alt64_b22_w176_s44|MoCap_alt64_b29_w208_s35|MoCap_alt64_b33_w224_s37|MoCap_alt64_b37_w240_s40|MoCap_alt64_b50_w288_s72|MoCap_alt64_b53_w304_s51|MoCap_alt64_b54_w304_s76|MoCap_alt64_b61_w336_s56
7,1,0.8298558810480559,0.8093252878325148,4,8,0.5714285714285714,0.9377423679460558,572.25,8,1.0,0.7272927348436568,24,PID,pid_weight,MoCap_alt64_b22_w176_s44|MoCap_alt64_b29_w208_s35|MoCap_alt64_b33_w224_s37|MoCap_alt64_b37_w240_s40|MoCap_alt64_b50_w288_s72|MoCap_alt64_b53_w304_s51|MoCap_alt64_b54_w304_s76|MoCap_alt64_b61_w336_s56
