K,selected_by_rule,ARI,NMI,n_pred_states,segments,dominant_ratio,balance_entropy,mean_segment_length,segment_count_raw,coherence,selection_score,meta_min_len,branch_select_metric,meta_vote_weight_mode,selected_branch_names
6,1,0.9002921174006805,0.8777196835718514,4,6,0.3333333333333333,0.8457085386478996,1263.6666666666667,6,1.0,0.5614271346619749,24,PID,pid_weight,MoCap_alt64_b25_w192_s32|MoCap_alt64_b27_w192_s72|MoCap_alt64_b30_w208_s52|MoCap_alt64_b33_w224_s37|MoCap_alt64_b37_w240_s40|MoCap_alt64_b44_w256_s128|MoCap_alt64_b45_w272_s45|MoCap_alt64_b51_w288_s108
7,0,0.8937308814483444,0.865851448792497,5,8,0.2857142857142857,0.7497149614772567,947.75,8,0.24999999999999994,0.3963573117978856,24,PID,pid_weight,MoCap_alt64_b25_w192_s32|MoCap_alt64_b27_w192_s72|MoCap_alt64_b30_w208_s52|MoCap_alt64_b33_w224_s37|MoCap_alt64_b37_w240_s40|MoCap_alt64_b44_w256_s128|MoCap_alt64_b45_w272_s45|MoCap_alt64_b51_w288_s108
8,0,0.8937308814483444,0.865851448792497,5,8,0.375,0.7497149614772567,947.75,8,0.24999999999999994,0.44992874036931413,24,PID,pid_weight,MoCap_alt64_b25_w192_s32|MoCap_alt64_b27_w192_s72|MoCap_alt64_b30_w208_s52|MoCap_alt64_b33_w224_s37|MoCap_alt64_b37_w240_s40|MoCap_alt64_b44_w256_s128|MoCap_alt64_b45_w272_s45|MoCap_alt64_b51_w288_s108
9,0,0.888619362839985,0.8558065898411735,6,9,0.3333333333333333,0.7033580013599802,842.4444444444445,9,0.0,0.375839500339995,24,PID,pid_weight,MoCap_alt64_b25_w192_s32|MoCap_alt64_b27_w192_s72|MoCap_alt64_b30_w208_s52|MoCap_alt64_b33_w224_s37|MoCap_alt64_b37_w240_s40|MoCap_alt64_b44_w256_s128|MoCap_alt64_b45_w272_s45|MoCap_alt64_b51_w288_s108
