K,dominant_ratio,balance_entropy,mean_segment_length,segment_count,meta_min_len,coherence,selection_score
6,0.5,0.7968836703861232,515.7272727272727,11,24,1.0,0.6492209175965308
7,0.42857142857142855,0.8018354815346671,405.2142857142857,14,24,0.0,0.4576017275265239
