K,selected_by_rule,ARI,NMI,n_pred_states,segments,dominant_ratio,balance_entropy,mean_segment_length,segment_count_raw,coherence,selection_score,meta_min_len,branch_select_metric,meta_vote_weight_mode,selected_branch_names
6,0,0.8396759311084067,0.8508860720302313,6,17,0.16666666666666666,0.9301911812897584,511.8235294117647,17,1.0,0.48254779532243963,24,PID,pid_weight,MoCap_alt64_b14_w144_s36|MoCap_alt64_b18_w160_s40|MoCap_alt64_b21_w176_s29|MoCap_alt64_b22_w176_s44|MoCap_alt64_b29_w208_s35|MoCap_alt64_b30_w208_s52|MoCap_alt64_b34_w224_s56|MoCap_alt64_b54_w304_s76
7,1,0.8452012978940687,0.859192213906228,6,17,0.42857142857142855,0.9293433214781952,511.8235294117647,17,1.0,0.6394786875124059,24,PID,pid_weight,MoCap_alt64_b14_w144_s36|MoCap_alt64_b18_w160_s40|MoCap_alt64_b21_w176_s29|MoCap_alt64_b22_w176_s44|MoCap_alt64_b29_w208_s35|MoCap_alt64_b30_w208_s52|MoCap_alt64_b34_w224_s56|MoCap_alt64_b54_w304_s76
8,0,0.8120003223253595,0.8379410478594763,7,19,0.375,0.879834288929195,457.94736842105266,19,0.0,0.44495857223229873,24,PID,pid_weight,MoCap_alt64_b14_w144_s36|MoCap_alt64_b18_w160_s40|MoCap_alt64_b21_w176_s29|MoCap_alt64_b22_w176_s44|MoCap_alt64_b29_w208_s35|MoCap_alt64_b30_w208_s52|MoCap_alt64_b34_w224_s56|MoCap_alt64_b54_w304_s76
