K,selected_by_rule,ARI,NMI,n_pred_states,segments,dominant_ratio,balance_entropy,mean_segment_length,segment_count_raw,coherence,selection_score,meta_min_len,branch_select_metric,meta_vote_weight_mode,selected_branch_names
6,1,0.8739718509358811,0.8260374344600443,6,7,0.16666666666666666,0.8802272814130776,684.7142857142857,7,1.0,0.47005682035326934,24,PID,pid_weight,MoCap_alt64_b18_w160_s40|MoCap_alt64_b19_w160_s60|MoCap_alt64_b29_w208_s35|MoCap_alt64_b38_w240_s60|MoCap_alt64_b50_w288_s72|MoCap_alt64_b54_w304_s76|MoCap_alt64_b58_w320_s80|MoCap_alt64_b63_w336_s126
7,0,0.8837268126279748,0.8431639225553249,7,8,0.2857142857142857,0.842856077128527,599.125,8,0.0,0.3821425907107031,24,PID,pid_weight,MoCap_alt64_b18_w160_s40|MoCap_alt64_b19_w160_s60|MoCap_alt64_b29_w208_s35|MoCap_alt64_b38_w240_s60|MoCap_alt64_b50_w288_s72|MoCap_alt64_b54_w304_s76|MoCap_alt64_b58_w320_s80|MoCap_alt64_b63_w336_s126
8,0,0.8837268126279748,0.8431639225553249,7,8,0.375,0.842856077128527,599.125,8,0.0,0.4357140192821317,24,PID,pid_weight,MoCap_alt64_b18_w160_s40|MoCap_alt64_b19_w160_s60|MoCap_alt64_b29_w208_s35|MoCap_alt64_b38_w240_s60|MoCap_alt64_b50_w288_s72|MoCap_alt64_b54_w304_s76|MoCap_alt64_b58_w320_s80|MoCap_alt64_b63_w336_s126
