K,dominant_ratio,balance_entropy,mean_segment_length,segment_count,meta_min_len,coherence,selection_score
7,0.42857142857142855,0.9293433214781952,511.8235294117647,17,24,1.0,0.6394786875124059
6,0.16666666666666666,0.9301911812897584,511.8235294117647,17,24,1.0,0.48254779532243963
8,0.375,0.879834288929195,457.94736842105266,19,24,0.0,0.44495857223229873
