K,dominant_ratio,balance_entropy,mean_segment_length,segment_count,meta_min_len,coherence,selection_score
6,0.3333333333333333,0.9236602181044868,504.5,12,24,1.0,0.5809150545261217
9,0.3333333333333333,0.8901982958407157,403.6,15,24,0.0,0.4225495739601789
7,0.2857142857142857,0.8903056456916085,403.6,15,24,0.0,0.39400498285147356
8,0.25,0.8903056456916085,403.6,15,24,0.0,0.3725764114229021
