K,dominant_ratio,balance_entropy,mean_segment_length,segment_count,meta_min_len,coherence,selection_score
7,0.5714285714285714,0.9377423679460558,572.25,8,24,1.0,0.7272927348436568
6,0.5,0.9369673103660753,572.25,8,24,1.0,0.6842418275915189
5,0.4,0.93700680385469,572.25,8,24,1.0,0.6242517009636726
