K,dominant_ratio,balance_entropy,mean_segment_length,segment_count,meta_min_len,coherence,selection_score
9,0.4444444444444444,0.8698514383484546,758.2857142857143,14,24,1.0,0.6341295262537803
10,0.4,0.8691985895743507,758.2857142857143,14,24,1.0,0.6072996473935877
11,0.36363636363636365,0.8691985895743507,758.2857142857143,14,24,1.0,0.5854814655754058
12,0.3333333333333333,0.8477156050397868,589.7777777777778,18,24,0.0,0.4119289012599467
