K,selected_by_rule,ARI,NMI,n_pred_states,segments,dominant_ratio,balance_entropy,mean_segment_length,segment_count_raw,coherence,selection_score,meta_min_len,branch_select_metric,meta_vote_weight_mode,selected_branch_names
8,0,0.9274581656761984,0.902399729524785,7,10,0.375,0.9108008853310091,840.0,10,1.0,0.6027002213327523,24,PID,pid_weight,MoCap_alt64_b21_w176_s29|MoCap_alt64_b30_w208_s52|MoCap_alt64_b37_w240_s40|MoCap_alt64_b40_w240_s120|MoCap_alt64_b51_w288_s108|MoCap_alt64_b56_w304_s152|MoCap_alt64_b57_w320_s53|MoCap_alt64_b59_w320_s120
9,0,0.9273285955279279,0.9021491765064148,7,10,0.3333333333333333,0.9108188506982973,840.0,10,1.0,0.5777047126745743,24,PID,pid_weight,MoCap_alt64_b21_w176_s29|MoCap_alt64_b30_w208_s52|MoCap_alt64_b37_w240_s40|MoCap_alt64_b40_w240_s120|MoCap_alt64_b51_w288_s108|MoCap_alt64_b56_w304_s152|MoCap_alt64_b57_w320_s53|MoCap_alt64_b59_w320_s120
10,1,0.9273285955279279,0.9021491765064148,7,10,0.4,0.9108188506982973,840.0,10,1.0,0.6177047126745743,24,PID,pid_weight,MoCap_alt64_b21_w176_s29|MoCap_alt64_b30_w208_s52|MoCap_alt64_b37_w240_s40|MoCap_alt64_b40_w240_s120|MoCap_alt64_b51_w288_s108|MoCap_alt64_b56_w304_s152|MoCap_alt64_b57_w320_s53|MoCap_alt64_b59_w320_s120
