K,dominant_ratio,balance_entropy,mean_segment_length,segment_count,meta_min_len,coherence,selection_score
10,0.4,0.9108188506982973,840.0,10,24,1.0,0.6177047126745743
8,0.375,0.9108008853310091,840.0,10,24,1.0,0.6027002213327523
9,0.3333333333333333,0.9108188506982973,840.0,10,24,1.0,0.5777047126745743
