K,dominant_ratio,balance_entropy,mean_segment_length,segment_count,meta_min_len,coherence,selection_score
6,0.3333333333333333,0.8457085386478996,1263.6666666666667,6,24,1.0,0.5614271346619749
8,0.375,0.7497149614772567,947.75,8,24,0.24999999999999994,0.44992874036931413
7,0.2857142857142857,0.7497149614772567,947.75,8,24,0.24999999999999994,0.3963573117978856
9,0.3333333333333333,0.7033580013599802,842.4444444444445,9,24,0.0,0.375839500339995
