K,selected_by_rule,ARI,NMI,n_pred_states,segments,dominant_ratio,balance_entropy,mean_segment_length,segment_count_raw,coherence,selection_score,meta_min_len,branch_select_metric,meta_vote_weight_mode,selected_branch_names
6,1,0.7164661796086758,0.7088750694500242,5,12,0.3333333333333333,0.9236602181044868,504.5,12,1.0,0.5809150545261217,24,PID,pid_weight,MoCap_alt64_b21_w176_s29|MoCap_alt64_b27_w192_s72|MoCap_alt64_b30_w208_s52|MoCap_alt64_b33_w224_s37|MoCap_alt64_b37_w240_s40|MoCap_alt64_b41_w256_s50|MoCap_alt64_b42_w256_s64|MoCap_alt64_b46_w272_s68
7,0,0.6906091481742307,0.6884922542937733,6,15,0.2857142857142857,0.8903056456916085,403.6,15,0.0,0.39400498285147356,24,PID,pid_weight,MoCap_alt64_b21_w176_s29|MoCap_alt64_b27_w192_s72|MoCap_alt64_b30_w208_s52|MoCap_alt64_b33_w224_s37|MoCap_alt64_b37_w240_s40|MoCap_alt64_b41_w256_s50|MoCap_alt64_b42_w256_s64|MoCap_alt64_b46_w272_s68
8,0,0.6906091481742307,0.6884922542937733,6,15,0.25,0.8903056456916085,403.6,15,0.0,0.3725764114229021,24,PID,pid_weight,MoCap_alt64_b21_w176_s29|MoCap_alt64_b27_w192_s72|MoCap_alt64_b30_w208_s52|MoCap_alt64_b33_w224_s37|MoCap_alt64_b37_w240_s40|MoCap_alt64_b41_w256_s50|MoCap_alt64_b42_w256_s64|MoCap_alt64_b46_w272_s68
9,0,0.696506458292568,0.6934056501337326,6,15,0.3333333333333333,0.8901982958407157,403.6,15,0.0,0.4225495739601789,24,PID,pid_weight,MoCap_alt64_b21_w176_s29|MoCap_alt64_b27_w192_s72|MoCap_alt64_b30_w208_s52|MoCap_alt64_b33_w224_s37|MoCap_alt64_b37_w240_s40|MoCap_alt64_b41_w256_s50|MoCap_alt64_b42_w256_s64|MoCap_alt64_b46_w272_s68
