K,dominant_ratio,balance_entropy,mean_segment_length,segment_count,meta_min_len,coherence,selection_score
6,0.16666666666666666,0.8802272814130776,684.7142857142857,7,24,1.0,0.47005682035326934
8,0.375,0.842856077128527,599.125,8,24,0.0,0.4357140192821317
7,0.2857142857142857,0.842856077128527,599.125,8,24,0.0,0.3821425907107031
