K,dominant_ratio,balance_entropy,mean_segment_length,segment_count,meta_min_len,coherence,selection_score
9,0.3333333333333333,0.9687839607861175,767.0833333333334,12,24,1.0,0.5921959901965294
11,0.5454545454545454,0.9096101008501684,657.5,14,24,0.0,0.5546752524852693
8,0.25,0.9645816944016573,767.0833333333334,12,24,1.0,0.5411454236004143
12,0.5,0.9095983800254319,657.5,14,24,0.0,0.5273995950063579
10,0.3,0.9347986342317509,708.0769230769231,13,24,0.46153846153846156,0.482930427788707
