K,dominant_ratio,balance_entropy,mean_segment_length,segment_count,meta_min_len,coherence,selection_score
12,0.3333333333333333,0.7032214525319906,592.3090909090909,55,24,1.0,0.5258053631329976
13,0.3076923076923077,0.7315344704366837,458.83098591549293,71,24,0.04556752278376135,0.3743341306421198
14,0.2857142857142857,0.7324686144825869,452.4583333333333,72,24,0.0,0.3545457250492181
15,0.26666666666666666,0.7347285481450226,452.4583333333333,72,24,0.0,0.34368213703625566
17,0.23529411764705882,0.7163810516754412,472.1304347826087,69,24,0.14066496163682876,0.3413714777526199
16,0.25,0.717372100660095,458.83098591549293,71,24,0.04556752278376135,0.336178153582588
18,0.2222222222222222,0.7163810516754412,472.1304347826087,69,24,0.14066496163682876,0.33352834049771796
19,0.21052631578947367,0.7022241279026822,472.1304347826087,69,24,0.14066496163682876,0.32297156569487906
20,0.2,0.7022277168201225,472.1304347826087,69,24,0.14066496163682876,0.3166566734505549
