K,dominant_ratio,balance_entropy,mean_segment_length,segment_count,meta_min_len,coherence,selection_score
10,0.3,0.7018483750885084,1012.6451612903226,31,24,1.0,0.5054620937721271
11,0.2727272727272727,0.7015865202083458,1012.6451612903226,31,24,1.0,0.4890329936884501
12,0.25,0.6706778798449032,981.0,32,24,0.9082031250000001,0.4538999387112258
13,0.23076923076923078,0.6919906769383409,667.9148936170212,47,24,0.0,0.3114592076961237
14,0.21428571428571427,0.6928554672101116,667.9148936170212,47,24,0.0,0.3017852953739565
15,0.2,0.6928554672101116,667.9148936170212,47,24,0.0,0.2932138668025279
16,0.1875,0.6927221238298125,667.9148936170212,47,24,0.0,0.2856805309574531
