expert_name,n_videos,total_sec,correct_sec,accuracy,macro_f1,weighted_f1,skipped_total_sec
expertB,4,2225.1896329999868,1975.9740019999867,0.8880025201879046,0.8796364346778311,0.8875363330831963,378.87850099999963
expertC,4,2223.921698999989,1736.3346029999889,0.7807534787671485,0.7663406016420843,0.7750244131354732,382.9158699999998
expertD,4,2220.184632999989,1753.4850659999893,0.7897924523649281,0.7765687886846484,0.7881699106115247,384.8845009999996
