expert_name,n_experts,n_videos,total_sec,correct_sec,accuracy,macro_f1,weighted_f1,skipped_total_sec
BCD_pooled,3,4,6669.295965002624,5465.79367100263,0.8195458260788819,0.807055780030567,0.8171831599786946,1146.678871999999
