class,support_sec,precision,recall,f1
自然讲授,3169.0325380019212,0.8518868717343331,0.8727678604858324,0.8622009594493482
侧向讲授,1825.857363000203,0.7564525215590864,0.6668189496465445,0.7088133024351657
板书书写,1674.4060640005007,0.8176414233240079,0.8853573012382837,0.850153078207187
