K,dominant_threshold,dominant_count,dominant_ratio,balance_entropy,mean_segment_length,segment_count,coherence,selection_score
11,0.09090909090909091,4,0.36363636363636365,0.7912710265235126,106.17241379310344,29,1.0,0.5659995748126964
12,0.08333333333333333,5,0.4166666666666667,0.8492674381626965,87.97142857142858,35,0.2761904761904764,0.5037454309692456
14,0.07142857142857142,5,0.35714285714285715,0.8540814745849742,81.02631578947368,38,0.0,0.4278060829319578
15,0.06666666666666667,5,0.3333333333333333,0.8536801212447473,81.02631578947368,38,0.0,0.4134200303111868
13,0.07692307692307693,4,0.3076923076923077,0.8489278961213123,83.21621621621621,37,0.08708708708708685,0.40991042170877573
16,0.0625,5,0.3125,0.8501054070931774,81.02631578947368,38,0.0,0.4000263517732944
17,0.058823529411764705,5,0.29411764705882354,0.8501054070931774,81.02631578947368,38,0.0,0.3889969400085885
