algorithm,dataset,case_count,ARI_mean,NMI_mean,AMI_mean,covering_mean,f1_mean,seconds_sum
TICC,USC-HAD,70,0.38178173410123395,0.721863455198069,0.6927661333019223,0.5954095594535551,0.43642799570699614,5320.842808961868
TICC,ALL_DATASETS_EQUAL_CASE_WEIGHT,70,0.38178173410123395,0.721863455198069,0.6927661333019223,0.5954095594535551,0.43642799570699614,5320.842808961868
