K,dominant_ratio,balance_entropy,mean_segment_length,segment_count,meta_min_len,coherence,selection_score
7,0.5714285714285714,0.8257393368056936,1249.875,16,24,1.0,0.6992919770585663
8,0.5,0.8266927534492595,1249.875,16,24,1.0,0.6566731883623149
10,0.5,0.7903929392199635,1111.0,18,24,0.4444444444444445,0.5642649014716575
9,0.4444444444444444,0.7904169553623669,1111.0,18,24,0.4444444444444445,0.530937572173925
11,0.45454545454545453,0.7612614134550568,999.9,20,24,0.0,0.4630426260910369
