K,dominant_ratio,balance_entropy,mean_segment_length,segment_count,meta_min_len,coherence,selection_score
8,0.5,0.8185939476381293,952.2857142857143,21,24,0.7936507936507939,0.6236961059571514
7,0.42857142857142855,0.8539262758816897,999.9,20,24,1.0,0.6206244261132795
9,0.4444444444444444,0.8230895586941644,769.1538461538462,26,24,0.0,0.4724390563402078
10,0.4,0.8229422494622469,769.1538461538462,26,24,0.0,0.4457355623655617
