K,dominant_ratio,balance_entropy,mean_segment_length,segment_count,meta_min_len,coherence,selection_score
7,0.42857142857142855,0.8453664440053882,952.2857142857143,21,24,1.0,0.6184844681442042
8,0.5,0.8558179325037942,740.6666666666666,27,24,0.3111111111111109,0.5606211497926152
9,0.4444444444444444,0.8168046503684432,714.2142857142857,28,24,0.22499999999999973,0.5046178292587774
12,0.4166666666666667,0.766947138333092,645.0967741935484,31,24,0.0,0.44173678458327303
10,0.4,0.7990292582148378,645.0967741935484,31,24,0.0,0.4397573145537095
11,0.36363636363636365,0.7661788854360132,645.0967741935484,31,24,0.0,0.4097265395408215
