K,dominant_ratio,balance_entropy,mean_segment_length,segment_count,meta_min_len,coherence,selection_score
6,0.6666666666666666,0.937761641506244,1333.2,15,24,1.0,0.784440410376561
7,0.42857142857142855,0.8992145605344551,999.9,20,24,0.2812499999999999,0.5241339972764708
8,0.5,0.8567883342523229,869.4782608695652,23,24,0.0,0.5141970835630807
9,0.4444444444444444,0.8567497041004387,869.4782608695652,23,24,0.0,0.48085409269177637
10,0.4,0.8566018005814154,869.4782608695652,23,24,0.0,0.4541504501453538
11,0.36363636363636365,0.8174737687589613,869.4782608695652,23,24,0.0,0.4225502603715585
12,0.3333333333333333,0.8174737687589613,869.4782608695652,23,24,0.0,0.40436844218974033
