K,dominant_ratio,balance_entropy,mean_segment_length,segment_count,meta_min_len,coherence,selection_score
8,0.5,0.7422695193045641,869.4782608695652,23,24,0.6832298136645965,0.5880518518758304
6,0.3333333333333333,0.7782758213742117,999.9,20,24,1.0,0.5445689553435529
7,0.2857142857142857,0.7782758213742117,999.9,20,24,1.0,0.5159975267721243
9,0.3333333333333333,0.7356294027827441,740.6666666666666,27,24,0.37037037037037035,0.4394629062512416
10,0.3,0.7439631213219111,588.1764705882352,34,24,0.0,0.36599078033047777
11,0.2727272727272727,0.7438554116810393,588.1764705882352,34,24,0.0,0.34960021655662343
