K,dominant_ratio,balance_entropy,mean_segment_length,segment_count,meta_min_len,coherence,selection_score
6,0.6666666666666666,0.9748402571414231,999.9,20,24,1.0,0.7937100642853557
7,0.5714285714285714,0.9486911286721971,833.25,24,24,0.16666666666666685,0.6050299250251922
8,0.5,0.9493362985652001,833.25,24,24,0.16666666666666685,0.5623340746413
9,0.4444444444444444,0.9492079500024869,833.25,24,24,0.16666666666666685,0.5289686541672884
10,0.5,0.8812771231384725,799.92,25,24,0.0,0.5203192807846181
11,0.45454545454545453,0.8812771231384725,799.92,25,24,0.0,0.49304655351189086
12,0.4166666666666667,0.8812771231384725,799.92,25,24,0.0,0.47031928078461815
