K,dominant_ratio,balance_entropy,mean_segment_length,segment_count,meta_min_len,coherence,selection_score
8,0.375,0.7811067819155274,666.6,30,24,1.0,0.5702766954788818
9,0.3333333333333333,0.7498596304080735,624.9375,32,24,0.0,0.38746490760201835
10,0.3,0.7498596304080735,624.9375,32,24,0.0,0.36746490760201833
11,0.2727272727272727,0.7498596304080735,624.9375,32,24,0.0,0.351101271238382
