K,dominant_ratio,balance_entropy,mean_segment_length,segment_count,meta_min_len,coherence,selection_score
8,0.5,0.8310280881321795,833.25,24,24,1.0,0.6577570220330449
7,0.2857142857142857,0.8310280881321795,833.25,24,24,1.0,0.5291855934616163
10,0.5,0.8130401415644356,645.0967741935484,31,24,0.0,0.5032600353911089
9,0.4444444444444444,0.8559509954956805,645.0967741935484,31,24,0.0,0.4806544155405868
11,0.45454545454545453,0.8130401415644356,645.0967741935484,31,24,0.0,0.47598730811838164
