K,dominant_ratio,balance_entropy,mean_segment_length,segment_count,meta_min_len,coherence,selection_score
7,0.5714285714285714,0.865969457547477,740.6666666666666,27,24,1.0,0.709349507244012
8,0.625,0.837126795421976,689.5862068965517,29,24,0.6650246305418723,0.6840353934367748
9,0.5555555555555556,0.8237459626401262,624.9375,32,24,0.24107142857142885,0.5754305382790792
10,0.5,0.8231532239044786,624.9375,32,24,0.24107142857142885,0.541949020261834
11,0.45454545454545453,0.8231532239044786,624.9375,32,24,0.24107142857142885,0.5146762929891067
12,0.4166666666666667,0.800622471973423,588.1764705882352,34,24,0.0,0.45015561799335574
