K,dominant_ratio,balance_entropy,mean_segment_length,segment_count,meta_min_len,coherence,selection_score
6,0.6666666666666666,0.9503851181200846,1176.3529411764705,17,24,1.0,0.7875962795300212
5,0.6,0.9504143706731606,1176.3529411764705,17,24,1.0,0.7476035926682901
7,0.5714285714285714,0.887195885194658,999.9,20,24,0.5950000000000001,0.6539061141558073
8,0.5,0.8459208715620347,909.0,22,24,0.3863636363636365,0.5694347633450542
9,0.4444444444444444,0.8107830358157946,869.4782608695652,23,24,0.29565217391304366,0.5137102517075719
10,0.4,0.7998593013351067,740.6666666666666,27,24,0.0,0.4399648253337767
11,0.36363636363636365,0.7998593013351067,740.6666666666666,27,24,0.0,0.41814664351559483
