K,dominant_ratio,balance_entropy,mean_segment_length,segment_count,meta_min_len,coherence,selection_score
7,0.5714285714285714,0.835891481900687,1052.5263157894738,19,24,1.0,0.7018300133323145
8,0.5,0.8358191632580378,869.4782608695652,23,24,0.5507246376811593,0.5915634864666833
9,0.4444444444444444,0.7999125096636115,833.25,24,24,0.4618055555555554,0.5359156274159028
12,0.4166666666666667,0.8087794217615645,666.6,30,24,0.052777777777777764,0.4601115221070578
10,0.4,0.8112235555275312,666.6,30,24,0.052777777777777764,0.45072255554854945
11,0.36363636363636365,0.811150194982937,645.0967741935484,31,24,0.0,0.4209693669275524
