K,dominant_ratio,balance_entropy,mean_segment_length,segment_count,meta_min_len,coherence,selection_score
6,0.5,0.8835284793106052,714.2142857142857,28,24,1.0,0.6708821198276513
7,0.42857142857142855,0.8285073082038379,645.0967741935484,31,24,0.3612903225806456,0.5184632325809134
8,0.5,0.7901070544145846,606.0,33,24,0.0,0.4975267636036461
9,0.4444444444444444,0.7646865800530568,606.0,33,24,0.0,0.45783831167993083
10,0.4,0.7375807630283847,606.0,33,24,0.0,0.4243951907570962
11,0.36363636363636365,0.7375807630283847,606.0,33,24,0.0,0.40257700893891435
