K,dominant_ratio,balance_entropy,mean_segment_length,segment_count,meta_min_len,coherence,selection_score
7,0.42857142857142855,0.8290510746397288,799.92,25,24,1.0,0.6144056258027893
8,0.375,0.8291372703496761,799.92,25,24,1.0,0.582284317587419
9,0.3333333333333333,0.8291372703496761,799.92,25,24,1.0,0.557284317587419
10,0.4,0.7820109767793064,740.6666666666666,27,24,0.0,0.4355027441948266
