K,dominant_ratio,balance_entropy,mean_segment_length,segment_count,meta_min_len,coherence,selection_score
6,0.3333333333333333,0.9157123273653808,869.4782608695652,23,24,1.0,0.5789280818413451
10,0.4,0.8028769781111382,799.92,25,24,0.0,0.44071924452778455
8,0.375,0.8379382814775116,799.92,25,24,0.0,0.4344845703693779
9,0.3333333333333333,0.8379660006618788,799.92,25,24,0.0,0.40949150016546965
7,0.2857142857142857,0.8391450661155485,799.92,25,24,0.0,0.38121483795745853
