K,dominant_ratio,balance_entropy,mean_segment_length,segment_count,meta_min_len,coherence,selection_score
6,0.6666666666666666,0.891948155675206,1111.0,18,24,1.0,0.7729870389188015
7,0.5714285714285714,0.8744204609292785,833.25,24,24,0.18749999999999992,0.5895872580894623
8,0.5,0.834854043955244,769.1538461538462,26,24,0.0,0.508713510988811
9,0.4444444444444444,0.8347471639102494,769.1538461538462,26,24,0.0,0.475353457644229
10,0.4,0.8347471639102494,769.1538461538462,26,24,0.0,0.44868679097756237
