K,dominant_ratio,balance_entropy,mean_segment_length,segment_count,meta_min_len,coherence,selection_score
7,0.5714285714285714,0.8712388552326318,952.2857142857143,21,24,1.0,0.7106668566653008
8,0.5,0.8700235254763737,740.6666666666666,27,24,0.38888888888888873,0.5758392147024267
10,0.5,0.8023024857965679,645.0967741935484,31,24,0.11290322580645167,0.5175111053201097
9,0.4444444444444444,0.8112702158844896,714.2142857142857,28,24,0.31249999999999983,0.516359220637789
11,0.45454545454545453,0.7775196780477182,606.0,33,24,0.0,0.4671071922392023
12,0.4166666666666667,0.7775196780477182,606.0,33,24,0.0,0.44437991951192957
