K,dominant_ratio,balance_entropy,mean_segment_length,segment_count,meta_min_len,coherence,selection_score
7,0.42857142857142855,0.8522630531890933,1111.0,18,24,1.0,0.6202086204401305
8,0.375,0.8124171074750092,952.2857142857143,21,24,0.21428571428571452,0.4602471340116095
9,0.4444444444444444,0.7704459127478213,909.0,22,24,0.0,0.45927814485362195
10,0.4,0.7306158054296664,909.0,22,24,0.0,0.42265395135741657
11,0.36363636363636365,0.7306158054296664,909.0,22,24,0.0,0.4008357695392348
