K,dominant_ratio,balance_entropy,mean_segment_length,segment_count,meta_min_len,coherence,selection_score
7,0.5714285714285714,0.8849353810175021,740.6666666666666,27,24,1.0,0.7140909881115184
9,0.5555555555555556,0.802645971781767,714.2142857142857,28,24,0.0,0.533994826278775
8,0.5,0.8343214516016714,714.2142857142857,28,24,0.0,0.5085803629004179
10,0.5,0.7746386698804714,714.2142857142857,28,24,0.0,0.4936596674701178
11,0.45454545454545453,0.7746386698804714,714.2142857142857,28,24,0.0,0.4663869401973906
