K,dominant_ratio,balance_entropy,mean_segment_length,segment_count,meta_min_len,coherence,selection_score
7,0.42857142857142855,0.8246188575780744,909.0,22,24,0.8590909090909089,0.592161207901012
8,0.5,0.7915429234931497,833.25,24,24,0.6124999999999998,0.5897607308732874
6,0.3333333333333333,0.8814613674349333,952.2857142857143,21,24,1.0,0.5703653418587333
9,0.4444444444444444,0.7583615363435336,799.92,25,24,0.5039999999999998,0.5318570507525501
11,0.45454545454545453,0.758787993756191,645.0967741935484,31,24,0.0,0.46242427116632046
10,0.4,0.7713750777124224,689.5862068965517,29,24,0.1448275862068965,0.4545679073591401
12,0.4166666666666667,0.7584919468030268,645.0967741935484,31,24,0.0,0.4396229867007567
13,0.38461538461538464,0.7344278006645955,645.0967741935484,31,24,0.0,0.41437618093537965
