K,dominant_ratio,balance_entropy,mean_segment_length,segment_count,meta_min_len,coherence,selection_score
8,0.5,0.8534587206132227,740.6666666666666,27,24,1.0,0.6633646801533056
9,0.4444444444444444,0.8202602395545009,740.6666666666666,27,24,1.0,0.6217317265552919
10,0.4,0.8200247753071375,740.6666666666666,27,24,1.0,0.5950061938267843
11,0.45454545454545453,0.793192680573023,689.5862068965517,29,24,0.0,0.47102544287052844
12,0.4166666666666667,0.7908383658883889,689.5862068965517,29,24,0.0,0.4477095914720972
