K,dominant_ratio,balance_entropy,mean_segment_length,segment_count,meta_min_len,coherence,selection_score
7,0.7142857142857143,0.9121646400112192,1052.5263157894738,19,24,1.0,0.8066125885742333
8,0.625,0.9105966981953056,1052.5263157894738,19,24,1.0,0.7526491745488264
9,0.5555555555555556,0.8703600955733287,909.0,22,24,0.34545454545454535,0.6027415390448473
10,0.5,0.8229904262264308,833.25,24,24,0.0,0.5057476065566077
