K,dominant_ratio,balance_entropy,mean_segment_length,segment_count,meta_min_len,coherence,selection_score
6,0.6666666666666666,0.8424883954499796,952.2857142857143,21,24,1.0,0.7606220988624949
7,0.5714285714285714,0.8053990968889774,869.4782608695652,23,24,0.6086956521739131,0.6355112649054742
8,0.5,0.775298574407842,769.1538461538462,26,24,0.13461538461538491,0.5140169512942683
9,0.4444444444444444,0.781376747084209,740.6666666666666,27,24,0.0,0.4620108534377189
10,0.4,0.781376747084209,740.6666666666666,27,24,0.0,0.43534418677105224
11,0.36363636363636365,0.781376747084209,740.6666666666666,27,24,0.0,0.4135260049528704
