K,dominant_ratio,balance_entropy,mean_segment_length,segment_count,meta_min_len,coherence,selection_score
7,0.42857142857142855,0.864854924214615,833.25,24,24,1.0,0.6233565881965109
8,0.5,0.8315283116800065,740.6666666666666,27,24,0.0,0.5078820779200016
11,0.45454545454545453,0.8306659558464308,740.6666666666666,27,24,0.0,0.48039376168888037
9,0.4444444444444444,0.8315048828642883,740.6666666666666,27,24,0.0,0.47454288738273875
10,0.4,0.8315048828642883,740.6666666666666,27,24,0.0,0.447876220716072
