K,dominant_ratio,balance_entropy,mean_segment_length,segment_count,meta_min_len,coherence,selection_score
6,0.5,0.8424913978447846,999.9,20,24,1.0,0.6606228494611962
7,0.5714285714285714,0.7875317711498923,909.0,22,24,0.4545454545454546,0.6079219038264341
8,0.5,0.7875317711498923,909.0,22,24,0.4545454545454546,0.5650647609692913
10,0.4,0.8115342963201239,909.0,22,24,0.4545454545454546,0.5110653922618492
9,0.4444444444444444,0.8144561390822649,869.4782608695652,23,24,0.2173913043478263,0.5028893970894068
11,0.45454545454545453,0.7821433068044189,833.25,24,24,0.0,0.4682630994283774
