K,dominant_ratio,balance_entropy,mean_segment_length,segment_count,meta_min_len,coherence,selection_score
8,0.5,0.884747739606425,624.9375,32,24,1.0,0.6711869349016063
9,0.4444444444444444,0.8845287423286978,624.9375,32,24,1.0,0.6377988522488411
10,0.4,0.8845287423286978,624.9375,32,24,1.0,0.6111321855821744
