K,dominant_ratio,balance_entropy,mean_segment_length,segment_count,meta_min_len,coherence,selection_score
7,0.5714285714285714,0.8316825399555925,1111.0,18,24,1.0,0.700777777846041
8,0.5,0.8093195927735287,952.2857142857143,21,24,0.48979591836734715,0.5757992859484842
9,0.4444444444444444,0.8095649540587156,952.2857142857143,21,24,0.48979591836734715,0.5425272929364476
10,0.4,0.7917400874206615,799.92,25,24,0.0,0.43793502185516536
