K,dominant_ratio,balance_entropy,mean_segment_length,segment_count,meta_min_len,coherence,selection_score
9,0.5555555555555556,0.8277263733048612,740.6666666666666,27,24,0.44444444444444414,0.6069315933262153
8,0.5,0.8644295355957332,740.6666666666666,27,24,0.44444444444444414,0.5827740505655999
7,0.2857142857142857,0.8793136139679077,833.25,24,24,1.0,0.5412569749205484
10,0.5,0.8058575745075464,689.5862068965517,29,24,0.13793103448275862,0.5221540487993004
11,0.45454545454545453,0.7840860658817169,666.6,30,24,0.0,0.4687487891977019
12,0.4166666666666667,0.7844863783580478,666.6,30,24,0.0,0.44612159458951195
