K,dominant_ratio,balance_entropy,mean_segment_length,segment_count,meta_min_len,coherence,selection_score
6,0.6666666666666666,0.9853325361861948,909.0,22,24,1.0,0.7963331340465487
7,0.7142857142857143,0.9291631411648553,799.92,25,24,0.6599999999999999,0.7598622138626423
8,0.625,0.8992951492482284,689.5862068965517,29,24,0.3160919540229887,0.6472375804155054
9,0.5555555555555556,0.8992951492482284,689.5862068965517,29,24,0.3160919540229887,0.6055709137488386
10,0.5,0.8832290175878655,606.0,33,24,0.05555555555555569,0.5291405877302997
11,0.45454545454545453,0.8412738532511453,588.1764705882352,34,24,0.0,0.48304573604005907
