K,dominant_ratio,balance_entropy,mean_segment_length,segment_count,meta_min_len,coherence,selection_score
7,0.5714285714285714,0.8604405571930969,769.1538461538462,26,24,1.0,0.707967282155417
8,0.5,0.8306767770003319,689.5862068965517,29,24,0.560344827586207,0.591720918388014
9,0.4444444444444444,0.7959230719826297,666.6,30,24,0.4333333333333335,0.5306474346623241
12,0.4166666666666667,0.788077825494223,606.0,33,24,0.0984848484848487,0.4617921836462831
10,0.4,0.7897359602993997,606.0,33,24,0.0984848484848487,0.4522067173475773
11,0.36363636363636365,0.7915135580681153,588.1764705882352,34,24,0.0,0.416060207698847
