K,dominant_ratio,balance_entropy,mean_segment_length,segment_count,meta_min_len,coherence,selection_score
8,0.375,0.7764017627143007,799.92,25,24,1.0,0.5691004406785751
9,0.3333333333333333,0.7496527794434247,799.92,25,24,1.0,0.5374131948608561
10,0.3,0.7496527794434247,799.92,25,24,1.0,0.5174131948608561
11,0.2727272727272727,0.7498199437132206,799.92,25,24,1.0,0.5010913495646687
12,0.25,0.7162011356195273,769.1538461538462,26,24,0.0,0.3290502839048818
