K,dominant_ratio,balance_entropy,mean_segment_length,segment_count,meta_min_len,coherence,selection_score
7,0.5714285714285714,0.8608984411140296,952.2857142857143,21,24,1.0,0.7080817531356502
8,0.5,0.8467146708854312,833.25,24,24,0.34999999999999976,0.5641786677213578
10,0.5,0.8192454883048683,769.1538461538462,26,24,0.0,0.5048113720762171
11,0.45454545454545453,0.8160473012948696,799.92,25,24,0.16799999999999957,0.50193909805099
9,0.4444444444444444,0.8191568245022265,769.1538461538462,26,24,0.0,0.4714558727922233
