K,dominant_ratio,balance_entropy,mean_segment_length,segment_count,meta_min_len,coherence,selection_score
7,0.7142857142857143,0.8874222016285421,909.0,22,24,1.0,0.8004269789785641
6,0.6666666666666666,0.951264650043436,909.0,22,24,1.0,0.787816162510859
8,0.625,0.8632345188923951,769.1538461538462,26,24,0.16923076923076963,0.6161932451077142
9,0.5555555555555556,0.8217068645787692,740.6666666666666,27,24,0.0,0.5387600494780256
10,0.5,0.8217068645787692,740.6666666666666,27,24,0.0,0.5054267161446923
11,0.45454545454545453,0.7846617510270955,769.1538461538462,26,24,0.16923076923076963,0.494277325868662
12,0.4166666666666667,0.7846847703271878,769.1538461538462,26,24,0.16923076923076963,0.4715558079664124
