K,dominant_ratio,balance_entropy,mean_segment_length,segment_count,meta_min_len,coherence,selection_score
6,0.5,0.9073435988182054,869.4782608695652,23,24,1.0,0.6768358997045514
10,0.5,0.8456241066576419,799.92,25,24,0.0,0.5114060266644105
11,0.45454545454545453,0.8451529426427361,799.92,25,24,0.0,0.4840155083879567
7,0.42857142857142855,0.8458705518218276,799.92,25,24,0.0,0.468610495098314
8,0.375,0.8458705518218276,799.92,25,24,0.0,0.43646763795545684
9,0.3333333333333333,0.8456241066576419,799.92,25,24,0.0,0.41140602666441045
