K,dominant_ratio,balance_entropy,mean_segment_length,segment_count,meta_min_len,coherence,selection_score
6,0.6666666666666666,0.8702029694916922,1111.0,18,24,1.0,0.767550742372923
7,0.5714285714285714,0.868557190138413,869.4782608695652,23,24,0.0,0.5599964403917461
8,0.5,0.8681944001474488,869.4782608695652,23,24,0.0,0.5170486000368621
9,0.4444444444444444,0.8681944001474488,869.4782608695652,23,24,0.0,0.4837152667035288
10,0.4,0.8681958023523981,869.4782608695652,23,24,0.0,0.4570489505880995
11,0.36363636363636365,0.8681958023523981,869.4782608695652,23,24,0.0,0.43523076876991773
