K,dominant_ratio,balance_entropy,mean_segment_length,segment_count,meta_min_len,coherence,selection_score
7,0.42857142857142855,0.8303359257458433,1111.0,18,24,1.0,0.614726838579318
8,0.5,0.8263711542692714,869.4782608695652,23,24,0.29347826086956524,0.5506145276977527
9,0.4444444444444444,0.7895914984868423,833.25,24,24,0.18749999999999992,0.4921895412883773
11,0.45454545454545453,0.7742471715110977,799.92,25,24,0.08999999999999979,0.4797890656050471
10,0.4,0.7787349322640614,769.1538461538462,26,24,0.0,0.4346837330660154
