K,dominant_ratio,balance_entropy,mean_segment_length,segment_count,meta_min_len,coherence,selection_score
7,0.5714285714285714,0.8849221404194691,714.2142857142857,28,24,1.0,0.7140876779620101
8,0.5,0.8347889093287892,714.2142857142857,28,24,1.0,0.6586972273321973
9,0.4444444444444444,0.7919832610253296,714.2142857142857,28,24,1.0,0.6146624819229991
10,0.4,0.7919832610253296,714.2142857142857,28,24,1.0,0.5879958152563324
