K,dominant_ratio,balance_entropy,mean_segment_length,segment_count,meta_min_len,coherence,selection_score
6,0.5,0.9014984420877002,909.0,22,24,1.0,0.675374610521925
8,0.625,0.869113095694289,645.0967741935484,31,24,0.1290322580645162,0.6116331126332497
9,0.5555555555555556,0.8696123505626783,645.0967741935484,31,24,0.1290322580645162,0.5700912596836804
7,0.42857142857142855,0.8931181658005359,714.2142857142857,28,24,0.357142857142857,0.5339938271644196
10,0.5,0.833952481247511,606.0,33,24,0.0,0.5084881203118777
11,0.45454545454545453,0.8306486639305838,606.0,33,24,0.0,0.4803894387099187
12,0.4166666666666667,0.7977190153553707,606.0,33,24,0.0,0.44942975383884265
