K,dominant_ratio,balance_entropy,mean_segment_length,segment_count,meta_min_len,coherence,selection_score
8,0.375,0.8709519514397076,740.6666666666666,27,24,1.0,0.5927379878599269
9,0.3333333333333333,0.8487300034937395,714.2142857142857,28,24,0.4821428571428564,0.4845039294448633
11,0.45454545454545453,0.8137159858341687,689.5862068965517,29,24,0.0,0.4761562691858149
10,0.3,0.8136560607807408,689.5862068965517,29,24,0.0,0.3834140151951852
