K,dominant_ratio,balance_entropy,mean_segment_length,segment_count,meta_min_len,coherence,selection_score
7,0.42857142857142855,0.846343001237526,909.0,22,24,1.0,0.6187286074522387
8,0.5,0.8348396701285229,769.1538461538462,26,24,0.4230769230769232,0.5721714559936691
9,0.4444444444444444,0.8210646865942238,689.5862068965517,29,24,0.09482758620689655,0.4861569762462571
10,0.4,0.8210646865942238,689.5862068965517,29,24,0.09482758620689655,0.4594903095795905
11,0.36363636363636365,0.7888089587438658,666.6,30,24,0.0,0.41538405786778465
