K,dominant_ratio,balance_entropy,mean_segment_length,segment_count,meta_min_len,coherence,selection_score
8,0.5,0.8776519038979671,740.6666666666666,27,24,1.0,0.6694129759744918
7,0.42857142857142855,0.8781728505094735,740.6666666666666,27,24,1.0,0.6266860697702255
9,0.4444444444444444,0.8359578181058164,689.5862068965517,29,24,0.0,0.47565612119312073
10,0.4,0.8350080715599418,689.5862068965517,29,24,0.0,0.4487520178899854
