K,dominant_ratio,balance_entropy,mean_segment_length,segment_count,meta_min_len,coherence,selection_score
6,0.6666666666666666,0.9329539480181289,869.4782608695652,23,24,1.0,0.7832384870045322
7,0.5714285714285714,0.8721865015795419,869.4782608695652,23,24,1.0,0.7109037682520283
8,0.5,0.8308823367061995,799.92,25,24,0.45999999999999974,0.5767205841765498
9,0.4444444444444444,0.8307123979982988,799.92,25,24,0.45999999999999974,0.5433447661662413
11,0.45454545454545453,0.8130205440674996,740.6666666666666,27,24,0.0,0.4759824087441476
10,0.4,0.8117091449676638,740.6666666666666,27,24,0.0,0.4429272862419159
