K,dominant_ratio,balance_entropy,mean_segment_length,segment_count,meta_min_len,coherence,selection_score
6,0.5,0.9033763587900869,999.9,20,24,1.0,0.6758440896975217
7,0.5714285714285714,0.8528168220847772,909.0,22,24,0.3030303030303029,0.6015158938328825
10,0.5,0.8064751450059064,869.4782608695652,23,24,0.0,0.5016187862514766
8,0.5,0.8063981940935714,869.4782608695652,23,24,0.0,0.5015995485233928
11,0.45454545454545453,0.8064751450059064,869.4782608695652,23,24,0.0,0.4743460589787493
9,0.4444444444444444,0.8064751450059064,869.4782608695652,23,24,0.0,0.4682854529181433
12,0.4166666666666667,0.8064751450059064,869.4782608695652,23,24,0.0,0.4516187862514766
