K,dominant_ratio,balance_entropy,mean_segment_length,segment_count,meta_min_len,coherence,selection_score
6,0.3333333333333333,0.8828393721585822,952.2857142857143,21,24,1.0,0.5707098430396456
7,0.42857142857142855,0.8178497138744107,909.0,22,24,0.4772727272727268,0.5331961947023688
8,0.375,0.8172787807775191,909.0,22,24,0.4772727272727268,0.5009106042852888
11,0.45454545454545453,0.732980286966317,869.4782608695652,23,24,0.0,0.45597234446885193
9,0.3333333333333333,0.7691633125261218,869.4782608695652,23,24,0.0,0.39229082813153043
10,0.3,0.7327661962305175,869.4782608695652,23,24,0.0,0.3631915490576294
