K,dominant_ratio,balance_entropy,mean_segment_length,segment_count,meta_min_len,coherence,selection_score
7,0.5714285714285714,0.7939392990306878,999.9,20,24,1.0,0.6913419676148148
8,0.5,0.8366345356248225,645.0967741935484,31,24,0.20161290322580652,0.5394005693900766
9,0.4444444444444444,0.8067576638841131,606.0,33,24,0.11363636363636365,0.48540153718314943
10,0.4,0.7897782121902059,624.9375,32,24,0.15625,0.4608820530475515
11,0.36363636363636365,0.7897782121902059,624.9375,32,24,0.15625,0.43906387122936963
12,0.3333333333333333,0.7815868636057358,555.5,36,24,0.0,0.39539671590143394
