K,dominant_ratio,balance_entropy,mean_segment_length,segment_count,meta_min_len,coherence,selection_score
6,0.5,0.8398661758895384,999.9,20,24,1.0,0.6599665439723846
8,0.5,0.7734993864434465,769.1538461538462,26,24,0.38461538461538475,0.5510671543031693
7,0.42857142857142855,0.8196914659605228,799.92,25,24,0.46666666666666656,0.5320657236329878
9,0.4444444444444444,0.7887780450148523,645.0967741935484,31,24,0.053763440860215124,0.471925694049412
10,0.4,0.7885215744720849,645.0967741935484,31,24,0.053763440860215124,0.44519490974705345
11,0.36363636363636365,0.7882547849869724,645.0967741935484,31,24,0.053763440860215124,0.42331003055759353
12,0.3333333333333333,0.7600144890718978,624.9375,32,24,0.0,0.39000362226797447
