K,dominant_ratio,balance_entropy,mean_segment_length,segment_count,meta_min_len,coherence,selection_score
8,0.5,0.8134321117680641,869.4782608695652,23,24,1.0,0.653358027942016
9,0.4444444444444444,0.7960657489709297,769.1538461538462,26,24,0.22115384615384662,0.49885618083247607
10,0.4,0.7644501590446332,769.1538461538462,26,24,0.22115384615384662,0.46428561668423524
11,0.36363636363636365,0.7472491949903345,740.6666666666666,27,24,0.0,0.4049941169294018
