K,dominant_ratio,balance_entropy,mean_segment_length,segment_count,meta_min_len,coherence,selection_score
7,0.5714285714285714,0.810479155202723,952.2857142857143,21,24,1.0,0.6954769316578235
8,0.5,0.8023946393678112,799.92,25,24,0.5815384615384614,0.587829429072722
9,0.4444444444444444,0.7978913083861403,689.5862068965517,29,24,0.27851458885941655,0.5079166820921143
10,0.4,0.7979209533426608,606.0,33,24,0.04895104895104907,0.44682289567832256
11,0.36363636363636365,0.7724781358269295,588.1764705882352,34,24,0.0,0.41130135213855057
12,0.3333333333333333,0.7721434313141844,588.1764705882352,34,24,0.0,0.3930358578285461
