K,dominant_ratio,balance_entropy,mean_segment_length,segment_count,meta_min_len,coherence,selection_score
6,0.6666666666666666,0.9099654108715698,833.25,24,24,1.0,0.7774913527178925
7,0.5714285714285714,0.8427862733958673,799.92,25,24,0.7999999999999997,0.6735537112061096
8,0.5,0.8427429459224405,799.92,25,24,0.7999999999999997,0.6306857364806101
9,0.4444444444444444,0.8312181693758319,689.5862068965517,29,24,0.13793103448275862,0.49516086418303845
10,0.4,0.8318332702760112,666.6,30,24,0.0,0.4479583175690028
