K,dominant_ratio,balance_entropy,mean_segment_length,segment_count,meta_min_len,coherence,selection_score
6,0.5,0.9130355951399605,869.4782608695652,23,24,1.0,0.6782588987849901
7,0.5714285714285714,0.8440228062441416,833.25,24,24,0.0,0.5538628444181782
8,0.5,0.7965208652613979,833.25,24,24,0.0,0.4991302163153495
9,0.4444444444444444,0.7965208652613979,833.25,24,24,0.0,0.46579688298201616
