K,dominant_ratio,balance_entropy,mean_segment_length,segment_count,meta_min_len,coherence,selection_score
8,0.625,0.975531366089839,714.2142857142857,28,24,1.0,0.7688828415224598
7,0.5714285714285714,0.975531366089839,714.2142857142857,28,24,1.0,0.7367399843796026
9,0.5555555555555556,0.9315577608954886,645.0967741935484,31,24,0.0,0.5662227735572054
10,0.5,0.8973137218419028,645.0967741935484,31,24,0.0,0.5243284304604757
11,0.45454545454545453,0.8973137218419028,645.0967741935484,31,24,0.0,0.4970557031877484
