K,dominant_ratio,balance_entropy,mean_segment_length,segment_count,meta_min_len,coherence,selection_score
6,0.5,0.8824267093503151,1111.0,18,24,1.0,0.6706066773375788
7,0.5714285714285714,0.8375113566759738,999.9,20,24,0.5999999999999999,0.6422349820261363
8,0.5,0.8375113566759738,999.9,20,24,0.5999999999999999,0.5993778391689933
9,0.4444444444444444,0.8375113566759738,999.9,20,24,0.5999999999999999,0.5660445058356601
10,0.4,0.8266358248254895,833.25,24,24,0.0,0.44665895620637236
11,0.36363636363636365,0.7869095990673665,833.25,24,24,0.0,0.41490921794865976
