K,dominant_ratio,balance_entropy,mean_segment_length,segment_count,meta_min_len,coherence,selection_score
9,0.4444444444444444,0.7860560039488063,769.1538461538462,26,24,1.0,0.6131806676538682
8,0.375,0.8321545146131609,769.1538461538462,26,24,1.0,0.5830386286532903
11,0.45454545454545453,0.7593735156766456,740.6666666666666,27,24,0.0,0.4625706516464341
10,0.4,0.7582698437941886,740.6666666666666,27,24,0.0,0.42956746094854714
