K,dominant_ratio,balance_entropy,mean_segment_length,segment_count,meta_min_len,coherence,selection_score
7,0.42857142857142855,0.8588354766955979,799.92,25,24,1.0,0.6218517263167566
8,0.375,0.8182453444711602,769.1538461538462,26,24,0.7211538461538467,0.537734413040867
9,0.3333333333333333,0.7772751204574697,740.6666666666666,27,24,0.4629629629629627,0.4637632245588118
12,0.4166666666666667,0.735335802970949,689.5862068965517,29,24,0.0,0.43383395074273723
13,0.38461538461538464,0.7312103619074234,689.5862068965517,29,24,0.0,0.4135718212460866
11,0.36363636363636365,0.735335802970949,689.5862068965517,29,24,0.0,0.40201576892455543
10,0.3,0.7596470697911343,689.5862068965517,29,24,0.0,0.36991176744778353
