K,dominant_ratio,balance_entropy,mean_segment_length,segment_count,meta_min_len,coherence,selection_score
8,0.625,0.8715708618425947,909.0,22,24,1.0,0.7428927154606487
7,0.5714285714285714,0.8715708618425947,909.0,22,24,1.0,0.7107498583177915
9,0.5555555555555556,0.8715708618425947,909.0,22,24,1.0,0.701226048793982
6,0.5,0.9359555340546664,909.0,22,24,1.0,0.6839888835136666
10,0.5,0.8714342555161767,909.0,22,24,1.0,0.6678585638790442
11,0.45454545454545453,0.871334811763402,909.0,22,24,1.0,0.6405609756681232
