K,dominant_ratio,balance_entropy,mean_segment_length,segment_count,meta_min_len,coherence,selection_score
7,0.42857142857142855,0.844319567075626,1111.0,18,24,1.0,0.6182227489117637
8,0.5,0.844257224059884,869.4782608695652,23,24,0.0,0.511064306014971
9,0.4444444444444444,0.8051089585405905,869.4782608695652,23,24,0.0,0.46794390630181426
10,0.4,0.8049166615774568,869.4782608695652,23,24,0.0,0.4412291653943642
