K,dominant_ratio,balance_entropy,mean_segment_length,segment_count,meta_min_len,coherence,selection_score
8,0.5,0.8703082219034609,769.1538461538462,26,24,1.0,0.6675770554758652
7,0.42857142857142855,0.8702231367922366,769.1538461538462,26,24,1.0,0.6246986413409162
9,0.4444444444444444,0.8279907956404429,769.1538461538462,26,24,1.0,0.6236643655767774
10,0.4,0.8279907956404429,769.1538461538462,26,24,1.0,0.5969976989101107
