K,dominant_ratio,balance_entropy,mean_segment_length,segment_count,meta_min_len,coherence,selection_score
6,0.5,0.8392282155812302,1176.3529411764705,17,24,1.0,0.6598070538953076
7,0.5714285714285714,0.7956422497524545,1052.5263157894738,19,24,0.7157894736842109,0.6491361263478881
8,0.5,0.7642984912323586,952.2857142857143,21,24,0.485714285714286,0.5639317656652325
9,0.4444444444444444,0.7730277422122401,740.6666666666666,27,24,0.0,0.4599236022197267
10,0.4,0.7730277422122401,740.6666666666666,27,24,0.0,0.43325693555306
11,0.36363636363636365,0.7739862011263705,740.6666666666666,27,24,0.0,0.41167836846341077
12,0.3333333333333333,0.7741748568565875,740.6666666666666,27,24,0.0,0.39354371421414686
