K,dominant_ratio,balance_entropy,mean_segment_length,segment_count,meta_min_len,coherence,selection_score
8,0.375,0.8511749982009509,769.1538461538462,26,24,1.0,0.5877937495502377
10,0.4,0.7645366599731532,740.6666666666666,27,24,0.0,0.43113416499328827
11,0.36363636363636365,0.7369955875011655,740.6666666666666,27,24,0.0,0.40243071505710953
9,0.3333333333333333,0.8059223374938216,740.6666666666666,27,24,0.0,0.40148058437345535
12,0.3333333333333333,0.7369955875011655,740.6666666666666,27,24,0.0,0.38424889687529135
