K,dominant_ratio,balance_entropy,mean_segment_length,segment_count,meta_min_len,coherence,selection_score
7,0.5714285714285714,0.8804114209622702,999.9,20,24,1.0,0.7129599980977104
8,0.5,0.880784739379418,999.9,20,24,1.0,0.6701961848448545
9,0.4444444444444444,0.8443612039289614,909.0,22,24,0.6493506493506495,0.5751595650515045
10,0.4,0.8443217524792604,909.0,22,24,0.6493506493506495,0.5484830355224125
11,0.45454545454545453,0.8261334635275962,740.6666666666666,27,24,0.0,0.4792606386091718
