K,dominant_ratio,balance_entropy,mean_segment_length,segment_count,meta_min_len,coherence,selection_score
7,0.42857142857142855,0.8571120714908482,999.9,20,24,1.0,0.6214208750155692
8,0.5,0.8135781965244986,909.0,22,24,0.3030303030303029,0.5488490945856701
9,0.4444444444444444,0.8137114433124008,909.0,22,24,0.3030303030303029,0.5155490729493123
10,0.4,0.7738318908462637,869.4782608695652,23,24,0.0,0.43345797271156594
