K,dominant_ratio,balance_entropy,mean_segment_length,segment_count,meta_min_len,coherence,selection_score
8,0.625,0.8483479663961581,714.2142857142857,28,24,0.5571428571428565,0.6706584201704681
7,0.42857142857142855,0.8744349734951691,769.1538461538462,26,24,1.0,0.6257516005166494
9,0.5555555555555556,0.8242741343038431,645.0967741935484,31,24,0.0,0.5394018669092941
10,0.5,0.7967176447996939,645.0967741935484,31,24,0.0,0.4991794111999235
11,0.45454545454545453,0.7967176447996939,645.0967741935484,31,24,0.0,0.47190668392719615
