K,dominant_ratio,balance_entropy,mean_segment_length,segment_count,meta_min_len,coherence,selection_score
7,0.5714285714285714,0.8486007969796419,833.25,24,24,1.0,0.7050073421020533
8,0.5,0.8269870510431536,769.1538461538462,26,24,0.0,0.5067467627607884
9,0.4444444444444444,0.8269870510431536,769.1538461538462,26,24,0.0,0.47341342942745507
10,0.4,0.8269849329109668,769.1538461538462,26,24,0.0,0.44674623322774165
11,0.36363636363636365,0.7857013025640178,769.1538461538462,26,24,0.0,0.4146071438228226
