K,dominant_ratio,balance_entropy,mean_segment_length,segment_count,meta_min_len,coherence,selection_score
6,0.6666666666666666,0.8318252059446468,999.9,20,24,1.0,0.7579563014861617
7,0.5714285714285714,0.8468610204657143,769.1538461538462,26,24,0.10989010989011017,0.5710559144570879
8,0.5,0.8529629511570628,740.6666666666666,27,24,0.0,0.5132407377892657
9,0.4444444444444444,0.8529629511570628,740.6666666666666,27,24,0.0,0.4799074044559324
10,0.4,0.8529629511570628,740.6666666666666,27,24,0.0,0.45324073778926566
