K,dominant_ratio,balance_entropy,mean_segment_length,segment_count,meta_min_len,coherence,selection_score
6,0.5,0.817991335703388,1111.0,18,24,1.0,0.654497833925847
7,0.42857142857142855,0.7739337933463547,999.9,20,24,0.7499999999999999,0.5631263054794458
8,0.375,0.7818073631337505,799.92,25,24,0.2999999999999999,0.4654518407834376
9,0.3333333333333333,0.7618799278661823,714.2142857142857,28,24,0.10714285714285698,0.40654141053797416
12,0.3333333333333333,0.7107679807535422,666.6,30,24,0.0,0.37769199518838553
10,0.3,0.7378124441182303,689.5862068965517,29,24,0.051724137931034475,0.37221173171921274
11,0.2727272727272727,0.7107679807535422,666.6,30,24,0.0,0.34132835882474916
