K,dominant_ratio,balance_entropy,mean_segment_length,segment_count,meta_min_len,coherence,selection_score
8,0.625,0.8833729634782335,833.25,24,24,1.0,0.7458432408695584
7,0.5714285714285714,0.8833729634782335,833.25,24,24,1.0,0.7137003837267012
9,0.5555555555555556,0.8558137710575203,740.6666666666666,27,24,0.2222222222222222,0.5806201094310467
10,0.5,0.854144902105272,740.6666666666666,27,24,0.2222222222222222,0.5468695588596514
11,0.45454545454545453,0.817858567068552,714.2142857142857,28,24,0.0,0.4771919144944107
