K,dominant_ratio,balance_entropy,mean_segment_length,segment_count,meta_min_len,coherence,selection_score
7,0.5714285714285714,0.8882425149077708,999.9,20,24,1.0,0.7149177715840855
8,0.5,0.8524659121890451,869.4782608695652,23,24,0.4968944099378884,0.5876506395379445
9,0.4444444444444444,0.8524659121890451,869.4782608695652,23,24,0.4968944099378884,0.5543173062046112
10,0.4,0.8524659121890451,869.4782608695652,23,24,0.4968944099378884,0.5276506395379446
11,0.36363636363636365,0.8314566989758262,740.6666666666666,27,24,0.0,0.4260459929257747
