K,dominant_ratio,balance_entropy,mean_segment_length,segment_count,meta_min_len,coherence,selection_score
6,0.3333333333333333,0.858902564750195,1052.5263157894738,19,24,1.0,0.5647256411875488
7,0.2857142857142857,0.8021611635955256,999.9,20,24,0.6333333333333329,0.4669688623274527
8,0.25,0.8021611635955256,999.9,20,24,0.6333333333333329,0.4455402908988813
10,0.3,0.7657218268187646,909.0,22,24,0.0,0.3714304567046911
9,0.2222222222222222,0.7657218268187646,909.0,22,24,0.0,0.32476379003802447
