K,dominant_ratio,balance_entropy,mean_segment_length,segment_count,meta_min_len,coherence,selection_score
8,0.5,0.8545235266493884,833.25,24,24,1.0,0.6636308816623471
7,0.42857142857142855,0.8545235266493884,833.25,24,24,1.0,0.6207737388052043
9,0.4444444444444444,0.8310002024215513,740.6666666666666,27,24,0.5079365079365077,0.5506071934625306
10,0.4,0.8225516122151074,645.0967741935484,31,24,0.0,0.4456379030537768
11,0.36363636363636365,0.8222571494472813,645.0967741935484,31,24,0.0,0.4237461055436385
