K,dominant_ratio,balance_entropy,mean_segment_length,segment_count,meta_min_len,coherence,selection_score
8,0.625,0.8552009441103752,909.0,22,24,1.0,0.7388002360275938
9,0.5555555555555556,0.8551912428957249,909.0,22,24,1.0,0.6971311440572646
10,0.5,0.8161842231788558,909.0,22,24,1.0,0.654046055794714
11,0.45454545454545453,0.7830656403055131,909.0,22,24,1.0,0.618493682803651
