K,dominant_ratio,balance_entropy,mean_segment_length,segment_count,meta_min_len,coherence,selection_score
8,0.375,0.816511029958449,869.4782608695652,23,24,1.0,0.5791277574896122
11,0.36363636363636365,0.7836935633401678,799.92,25,24,0.5519999999999998,0.4969052090168601
9,0.3333333333333333,0.7832476419886137,799.92,25,24,0.5519999999999998,0.4786119104971534
10,0.3,0.7836935633401678,799.92,25,24,0.5519999999999998,0.45872339083504193
12,0.3333333333333333,0.7532353983727007,714.2142857142857,28,24,0.0,0.38830884959317513
