K,dominant_ratio,balance_entropy,mean_segment_length,segment_count,meta_min_len,coherence,selection_score
6,0.5,0.8306886121983511,909.0,22,24,1.0,0.6576721530495878
8,0.5,0.7876025926296237,714.2142857142857,28,24,0.3142857142857141,0.544043505300263
7,0.42857142857142855,0.8313229733414805,740.6666666666666,27,24,0.4074074074074073,0.5260847115893383
9,0.4444444444444444,0.7515315949518515,689.5862068965517,29,24,0.2275862068965518,0.4886874964391123
10,0.4,0.7994554919337741,624.9375,32,24,0.0,0.43986387298344354
