K,dominant_ratio,balance_entropy,mean_segment_length,segment_count,meta_min_len,coherence,selection_score
7,0.42857142857142855,0.8526726605078215,869.4782608695652,23,24,1.0,0.6203110222698125
8,0.5,0.8233068609726529,799.92,25,24,0.6571428571428568,0.6043981438145918
9,0.4444444444444444,0.78617132954555,769.1538461538462,26,24,0.5054945054945056,0.53903367487723
11,0.45454545454545453,0.7922194249720732,666.6,30,24,0.0,0.47078212897029104
12,0.4166666666666667,0.7922194249720732,666.6,30,24,0.0,0.44805485624301833
10,0.4,0.7915780450468409,666.6,30,24,0.0,0.4378945112617102
