K,dominant_ratio,balance_entropy,mean_segment_length,segment_count,meta_min_len,coherence,selection_score
8,0.5,0.8348525934168105,714.2142857142857,28,24,1.0,0.6587131483542027
9,0.4444444444444444,0.7915903814129404,689.5862068965517,29,24,0.4827586206896558,0.5369780551233501
10,0.4,0.7915903814129404,689.5862068965517,29,24,0.4827586206896558,0.5103113884566834
11,0.36363636363636365,0.7651150656780026,666.6,30,24,0.0,0.40946058460131884
12,0.3333333333333333,0.7651150656780026,666.6,30,24,0.0,0.39127876641950066
