K,dominant_ratio,balance_entropy,mean_segment_length,segment_count,meta_min_len,coherence,selection_score
7,0.5714285714285714,0.9346625384811728,869.4782608695652,23,24,1.0,0.726522777477436
8,0.5,0.9346186130985848,869.4782608695652,23,24,1.0,0.6836546532746463
9,0.4444444444444444,0.8924164519656091,740.6666666666666,27,24,0.17037037037037037,0.5153263352136245
10,0.5,0.8386621048953768,714.2142857142857,28,24,0.0,0.5096655262238442
11,0.45454545454545453,0.8386621048953768,714.2142857142857,28,24,0.0,0.4823927989511169
12,0.4166666666666667,0.838273462792562,714.2142857142857,28,24,0.0,0.4595683656981405
13,0.38461538461538464,0.838273462792562,714.2142857142857,28,24,0.0,0.44033759646737125
