K,dominant_ratio,balance_entropy,mean_segment_length,segment_count,meta_min_len,coherence,selection_score
7,0.42857142857142855,0.7834459051832423,714.2142857142857,28,24,1.0,0.6030043334386677
8,0.375,0.7402844634120556,714.2142857142857,28,24,1.0,0.5600711158530138
9,0.3333333333333333,0.7158923841583356,666.6,30,24,0.3111111111111114,0.42563976270625054
11,0.36363636363636365,0.7344236198263759,645.0967741935484,31,24,0.0,0.40178772313841216
10,0.3,0.7344236198263759,645.0967741935484,31,24,0.0,0.36360590495659395
