K,dominant_ratio,balance_entropy,mean_segment_length,segment_count,meta_min_len,coherence,selection_score
7,0.7142857142857143,0.8585949013168205,952.2857142857143,21,24,1.0,0.7932201539006337
8,0.625,0.8449789277866312,799.92,25,24,0.4199999999999997,0.6492447319466578
9,0.5555555555555556,0.8445573050908272,799.92,25,24,0.4199999999999997,0.60747265960604
10,0.5,0.8233638466515687,714.2142857142857,28,24,0.09374999999999974,0.5199034616628921
11,0.45454545454545453,0.7896373008882576,689.5862068965517,29,24,0.0,0.4701365979493371
