K,dominant_ratio,balance_entropy,mean_segment_length,segment_count,meta_min_len,coherence,selection_score
7,0.42857142857142855,0.8820560852522786,869.4782608695652,23,24,1.0,0.6276568784559268
6,0.3333333333333333,0.8821681386416255,869.4782608695652,23,24,1.0,0.5705420346604063
8,0.375,0.8190880637813173,833.25,24,24,0.7666666666666666,0.5447720159453293
9,0.3333333333333333,0.7959503700193213,714.2142857142857,28,24,0.0,0.3989875925048303
10,0.3,0.7960183321288767,714.2142857142857,28,24,0.0,0.3790045830322192
