K,dominant_ratio,balance_entropy,mean_segment_length,segment_count,meta_min_len,coherence,selection_score
6,0.3333333333333333,0.8318252399251458,1176.3529411764705,17,24,1.0,0.5579563099812864
9,0.4444444444444444,0.7833445468154419,869.4782608695652,23,24,0.0,0.4625028033705271
7,0.2857142857142857,0.7916896373353695,1052.5263157894738,19,24,0.5964912280701758,0.45882466497294017
10,0.4,0.7830341287361492,869.4782608695652,23,24,0.0,0.43575853218403726
8,0.25,0.7833445468154419,869.4782608695652,23,24,0.0,0.3458361367038605
