K,dominant_ratio,balance_entropy,mean_segment_length,segment_count,meta_min_len,coherence,selection_score
7,0.5714285714285714,0.8614701564108552,909.0,22,24,1.0,0.7082246819598567
8,0.5,0.8424239378095868,769.1538461538462,26,24,0.0,0.5106059844523967
9,0.4444444444444444,0.8420141592090026,769.1538461538462,26,24,0.0,0.4771702064689173
10,0.4,0.8419321571766686,769.1538461538462,26,24,0.0,0.4504830392941671
