K,dominant_ratio,balance_entropy,mean_segment_length,segment_count,meta_min_len,coherence,selection_score
7,0.42857142857142855,0.8689140098026554,869.4782608695652,23,24,1.0,0.624371359593521
8,0.5,0.8380576389597092,740.6666666666666,27,24,0.47325102880658415,0.580502064060915
9,0.4444444444444444,0.8274429329934384,624.9375,32,24,0.0,0.47352739991502624
10,0.4,0.8274429329934384,624.9375,32,24,0.0,0.4468607332483596
