K,dominant_ratio,balance_entropy,mean_segment_length,segment_count,meta_min_len,coherence,selection_score
9,0.5555555555555556,0.816971898649731,624.9375,32,24,1.0,0.6875763079957661
8,0.5,0.8556251986883251,624.9375,32,24,1.0,0.6639062996720813
10,0.5,0.7849498246270993,624.9375,32,24,1.0,0.6462374561567749
11,0.45454545454545453,0.7639933358221096,606.0,33,24,0.0,0.4637256066828001
12,0.4166666666666667,0.7639933358221096,606.0,33,24,0.0,0.4409983339555274
