K,dominant_ratio,balance_entropy,mean_segment_length,segment_count,meta_min_len,coherence,selection_score
6,0.5,0.9012671883252441,999.9,20,24,1.0,0.6753167970813111
8,0.5,0.8063829595295003,869.4782608695652,23,24,0.6521739130434784,0.5994218268388968
7,0.42857142857142855,0.846160543114366,909.0,22,24,0.7575757575757576,0.5823193565578122
9,0.4444444444444444,0.7844866115293726,799.92,25,24,0.46666666666666656,0.5327883195490097
10,0.5,0.7983776841623186,689.5862068965517,29,24,0.17241379310344834,0.5254564900060968
11,0.45454545454545453,0.7845254589265649,624.9375,32,24,0.0,0.46885863745891393
12,0.4166666666666667,0.7841894971892929,624.9375,32,24,0.0,0.4460473742973232
