K,dominant_ratio,balance_entropy,mean_segment_length,segment_count,meta_min_len,coherence,selection_score
7,0.5714285714285714,0.880690798595193,689.5862068965517,29,24,1.0,0.713029842505941
8,0.5,0.8560017037260683,624.9375,32,24,0.5178571428571428,0.5916789973600884
9,0.4444444444444444,0.8514285468272079,555.5,36,24,0.0,0.47952380337346867
11,0.45454545454545453,0.8246672768950725,555.5,36,24,0.0,0.4788940919510408
10,0.4,0.8522576893072763,555.5,36,24,0.0,0.4530644223268191
