K,dominant_ratio,balance_entropy,mean_segment_length,segment_count,meta_min_len,coherence,selection_score
7,0.5714285714285714,0.8881248290837442,833.25,24,24,1.0,0.7148883501280788
8,0.625,0.8564061811878814,740.6666666666666,27,24,0.2222222222222222,0.6224348786303037
9,0.5555555555555556,0.8184095279277251,714.2142857142857,28,24,0.0,0.5379357153152646
10,0.5,0.8227750853165156,714.2142857142857,28,24,0.0,0.5056937713291288
12,0.4166666666666667,0.8196809226996459,740.6666666666666,27,24,0.2222222222222222,0.4882535640082448
11,0.45454545454545453,0.8227750853165156,714.2142857142857,28,24,0.0,0.4784210440564016
