K,dominant_ratio,balance_entropy,mean_segment_length,segment_count,meta_min_len,coherence,selection_score
6,0.3333333333333333,0.931258229806821,1111.0,18,24,1.0,0.5828145574517053
7,0.2857142857142857,0.8514346982281061,1052.5263157894738,19,24,0.8289473684210529,0.5086293512487559
10,0.5,0.7986722472791196,769.1538461538462,26,24,0.0,0.49966806181977985
11,0.45454545454545453,0.7637494434961764,799.92,25,24,0.08999999999999979,0.4771646336013168
8,0.375,0.8409345584828579,769.1538461538462,26,24,0.0,0.4352336396207145
12,0.4166666666666667,0.7380384012654377,769.1538461538462,26,24,0.0,0.43450960031635943
9,0.3333333333333333,0.7985776231735174,769.1538461538462,26,24,0.0,0.39964440579337934
