K,dominant_ratio,balance_entropy,mean_segment_length,segment_count,meta_min_len,coherence,selection_score
7,0.5714285714285714,0.8588358257053352,833.25,24,24,1.0,0.7075660992834766
8,0.5,0.8492570443409061,666.6,30,24,0.0,0.5123142610852265
9,0.4444444444444444,0.8496312361693661,666.6,30,24,0.0,0.4790744757090082
10,0.4,0.849339636514362,666.6,30,24,0.0,0.4523349091285905
