K,dominant_ratio,balance_entropy,mean_segment_length,segment_count,meta_min_len,coherence,selection_score
7,0.42857142857142855,0.8789494468472191,1052.5263157894738,19,24,1.0,0.6268802188546619
8,0.5,0.8466738588702819,869.4782608695652,23,24,0.4130434782608696,0.5736249864567009
9,0.4444444444444444,0.8160996101335906,769.1538461538462,26,24,0.09134615384615405,0.48439349227698736
10,0.4,0.775695293639613,740.6666666666666,27,24,0.0,0.4339238234099032
