K,dominant_ratio,balance_entropy,mean_segment_length,segment_count,meta_min_len,coherence,selection_score
7,0.7142857142857143,0.8958274495083792,799.92,25,24,1.0,0.8025282909485234
8,0.5,0.8798855510833178,689.5862068965517,29,24,0.4310344827586209,0.5846265601846226
9,0.5555555555555556,0.8689359844978927,606.0,33,24,0.0,0.5505673294578065
10,0.5,0.8689359844978927,606.0,33,24,0.0,0.5172339961244732
11,0.45454545454545453,0.8689359844978927,606.0,33,24,0.0,0.48996126885174585
12,0.4166666666666667,0.8326729953388065,606.0,33,24,0.0,0.45816824883470164
13,0.38461538461538464,0.8278474721094311,606.0,33,24,0.0,0.43773109879658856
