K,dominant_ratio,balance_entropy,mean_segment_length,segment_count,meta_min_len,coherence,selection_score
7,0.42857142857142855,0.8355274398164952,769.1538461538462,26,24,1.0,0.6160247170969809
10,0.4,0.8361086405411581,769.1538461538462,26,24,1.0,0.5990271601352896
8,0.375,0.8355274398164952,769.1538461538462,26,24,1.0,0.5838818599541238
9,0.3333333333333333,0.8358697639032708,769.1538461538462,26,24,1.0,0.5589674409758177
