K,dominant_ratio,balance_entropy,mean_segment_length,segment_count,meta_min_len,coherence,selection_score
7,0.42857142857142855,0.8495792626804407,869.4782608695652,23,24,1.0,0.6195376728129673
8,0.5,0.8521413251579264,740.6666666666666,27,24,0.47325102880658415,0.5840229856104692
10,0.5,0.8083529820802096,666.6,30,24,0.17037037037037045,0.5276438010756079
9,0.4444444444444444,0.8378352234058661,666.6,30,24,0.17037037037037045,0.5016810280736888
12,0.4166666666666667,0.7678562459856789,624.9375,32,24,0.0,0.44196406149641976
13,0.38461538461538464,0.7681645030356161,624.9375,32,24,0.0,0.4228103565281348
11,0.36363636363636365,0.7948570332829812,624.9375,32,24,0.0,0.41689607650256344
14,0.35714285714285715,0.7682770178835443,624.9375,32,24,0.0,0.4063549687566004
