K,dominant_ratio,balance_entropy,mean_segment_length,segment_count,meta_min_len,coherence,selection_score
7,0.5714285714285714,0.8410202667349882,909.0,22,24,1.0,0.7031122095408898
8,0.5,0.8202383382208415,769.1538461538462,26,24,0.36263736263736274,0.5594551889508148
10,0.5,0.7814121163239066,769.1538461538462,26,24,0.36263736263736274,0.5497486334765811
9,0.4444444444444444,0.7823612542851556,769.1538461538462,26,24,0.36263736263736274,0.51665258463356
11,0.45454545454545453,0.7607235611972378,689.5862068965517,29,24,0.0,0.46290816302658216
