K,dominant_ratio,balance_entropy,mean_segment_length,segment_count,meta_min_len,coherence,selection_score
6,0.5,0.8893538084292779,740.6666666666666,27,24,1.0,0.6723384521073195
7,0.42857142857142855,0.857255762727082,645.0967741935484,31,24,0.0,0.4714567978246276
8,0.375,0.857255762727082,645.0967741935484,31,24,0.0,0.4393139406817705
9,0.3333333333333333,0.857255762727082,645.0967741935484,31,24,0.0,0.4143139406817705
