K,dominant_ratio,balance_entropy,mean_segment_length,segment_count,meta_min_len,coherence,selection_score
7,0.5714285714285714,0.8845230348012475,799.92,25,24,1.0,0.7139879015574547
8,0.625,0.8545572726692883,714.2142857142857,28,24,0.4464285714285711,0.6556036038816078
9,0.5555555555555556,0.8196407381371331,714.2142857142857,28,24,0.4464285714285711,0.6052078035819023
10,0.5,0.8053041177774317,645.0967741935484,31,24,0.0,0.5013260294443579
