K,dominant_ratio,balance_entropy,mean_segment_length,segment_count,meta_min_len,coherence,selection_score
7,0.42857142857142855,0.7991082772357716,1111.0,18,24,1.0,0.6069199264518
8,0.5,0.8191252142075696,799.92,25,24,0.15999999999999998,0.5287813035518925
9,0.4444444444444444,0.7788411524278708,769.1538461538462,26,24,0.07692307692307711,0.47291541631209594
12,0.4166666666666667,0.7234581822265431,740.6666666666666,27,24,0.0,0.4308645455566358
10,0.4,0.7459713495414746,740.6666666666666,27,24,0.0,0.42649283738536864
11,0.36363636363636365,0.7459713495414746,740.6666666666666,27,24,0.0,0.40467465556718685
