K,dominant_ratio,balance_entropy,mean_segment_length,segment_count,meta_min_len,coherence,selection_score
10,0.4,0.7572348055804847,740.6666666666666,27,24,1.0,0.5793087013951211
11,0.36363636363636365,0.756975552814764,740.6666666666666,27,24,1.0,0.5574257063855091
12,0.3333333333333333,0.756975552814764,740.6666666666666,27,24,1.0,0.539243888203691
13,0.3076923076923077,0.7571514854191405,740.6666666666666,27,24,1.0,0.5239032559701697
8,0.5,0.7885758864377453,714.2142857142857,28,24,0.0,0.49714397160943635
9,0.4444444444444444,0.7914045417639258,714.2142857142857,28,24,0.0,0.46451780210764815
