K,dominant_ratio,balance_entropy,mean_segment_length,segment_count,meta_min_len,coherence,selection_score
6,0.5,0.8780469698583566,909.0,22,24,1.0,0.6695117424645892
7,0.5714285714285714,0.8826822672549125,689.5862068965517,29,24,0.2275862068965518,0.5976656407053538
8,0.5,0.8857532119518481,689.5862068965517,29,24,0.2275862068965518,0.5555762340224448
9,0.4444444444444444,0.8857120137612448,689.5862068965517,29,24,0.2275862068965518,0.5222326011414606
10,0.4,0.8857120137612448,689.5862068965517,29,24,0.2275862068965518,0.49556593447479397
11,0.45454545454545453,0.838186234399754,645.0967741935484,31,24,0.07096774193548396,0.49291899261753386
12,0.4166666666666667,0.8015750509203498,624.9375,32,24,0.0,0.45039376273008747
