K,dominant_ratio,balance_entropy,mean_segment_length,segment_count,meta_min_len,coherence,selection_score
7,0.42857142857142855,0.9142336861038219,952.2857142857143,21,24,1.0,0.6357012786688127
8,0.5,0.8657099714412414,869.4782608695652,23,24,0.30434782608695665,0.5620796667733539
9,0.4444444444444444,0.8660785792027499,869.4782608695652,23,24,0.30434782608695665,0.5288384853803977
11,0.45454545454545453,0.766382860218909,833.25,24,24,0.0,0.464322987782
10,0.4,0.7932063751522367,833.25,24,24,0.0,0.43830159378805916
