K,dominant_ratio,balance_entropy,mean_segment_length,segment_count,meta_min_len,coherence,selection_score
6,0.5,0.7695349214873508,909.0,22,24,1.0,0.6423837303718377
7,0.42857142857142855,0.7478743426519854,769.1538461538462,26,24,0.36263736263736274,0.4985070472014579
8,0.375,0.7478743426519854,769.1538461538462,26,24,0.36263736263736274,0.46636419005860075
10,0.4,0.7700984578978114,689.5862068965517,29,24,0.0,0.43252461447445284
9,0.3333333333333333,0.711492303321857,740.6666666666666,27,24,0.23280423280423257,0.41279371075109916
