K,dominant_ratio,balance_entropy,mean_segment_length,segment_count,meta_min_len,coherence,selection_score
10,0.3,0.703026148728494,1082.4827586206898,29,24,1.0,0.5057565371821235
11,0.2727272727272727,0.7029610244346025,1082.4827586206898,29,24,1.0,0.48937661974501423
12,0.25,0.66981378008446,1012.6451612903226,31,24,0.8254269449715368,0.4412674867668455
13,0.23076923076923078,0.6939533270774516,682.4347826086956,46,24,0.0,0.31194987023090137
14,0.21428571428571427,0.6939533270774516,682.4347826086956,46,24,0.0,0.30205976034079146
15,0.2,0.6939533270774516,682.4347826086956,46,24,0.0,0.2934883317693629
16,0.1875,0.6939533270774516,682.4347826086956,46,24,0.0,0.2859883317693629
