K,dominant_ratio,balance_entropy,mean_segment_length,segment_count,meta_min_len,coherence,selection_score
12,0.3333333333333333,0.7101417945752733,678.6875,48,24,1.0,0.5275354486438183
13,0.3076923076923077,0.741947128611983,534.0491803278688,61,24,0.1475409836065573,0.392233314309364
14,0.2857142857142857,0.7425093443534759,534.0491803278688,61,24,0.1475409836065573,0.379187055057924
15,0.26666666666666666,0.743919536493965,534.0491803278688,61,24,0.1475409836065573,0.36811103166447484
16,0.25,0.7275855760589568,525.4354838709677,62,24,0.09677419354838677,0.3464125230469972
17,0.23529411764705882,0.728049739604786,525.4354838709677,62,24,0.09677419354838677,0.3377050345216898
18,0.2222222222222222,0.728049739604786,525.4354838709677,62,24,0.09677419354838677,0.3298618972667879
19,0.21052631578947367,0.7052641774804547,525.4354838709677,62,24,0.09677419354838677,0.3171479628760559
20,0.2,0.7118029811057984,509.015625,64,24,0.0,0.2979507452764496
