K,dominant_ratio,balance_entropy,mean_segment_length,segment_count,meta_min_len,coherence,selection_score
17,0.5294117647058824,0.9660938808610303,3730.7014925373132,67,24,1.0,0.709170529038787
18,0.5555555555555556,0.9661304092361022,3622.5652173913045,69,24,0.4855072463768131,0.6476920225988808
20,0.5,0.9655322662999285,3520.521126760563,71,24,0.0,0.5413830665749821
19,0.47368421052631576,0.9602124799858114,3520.521126760563,71,24,0.0,0.5242636463122423
