K,dominant_ratio,balance_entropy,mean_segment_length,segment_count,meta_min_len,coherence,selection_score
20,0.45,0.917919047800021,2025.7615384615385,130,24,1.0,0.6494797619500052
19,0.42105263157894735,0.917919047800021,2025.7615384615385,130,24,1.0,0.6321113408973736
18,0.3888888888888889,0.917919047800021,2025.7615384615385,130,24,1.0,0.6128130952833386
17,0.35294117647058826,0.917919047800021,2025.7615384615385,130,24,1.0,0.5912444678323582
