K,dominant_ratio,balance_entropy,mean_segment_length,segment_count,meta_min_len,coherence,selection_score
15,0.4666666666666667,0.8719991208199354,2421.3611111111113,72,24,1.0,0.6479997802049838
14,0.42857142857142855,0.8719991208199354,2421.3611111111113,72,24,1.0,0.6251426373478409
16,0.4375,0.8431147017601682,2355.9189189189187,74,24,0.8513513513513505,0.6009813781427447
17,0.4117647058823529,0.8303273797173288,2324.5066666666667,75,24,0.7799999999999997,0.571640668458744
18,0.3888888888888889,0.8303273797173288,2324.5066666666667,75,24,0.7799999999999997,0.5579151782626656
19,0.42105263157894735,0.8551310390331841,1981.1136363636363,88,24,0.0,0.4664143387056644
20,0.4,0.8551310390331841,1981.1136363636363,88,24,0.0,0.453782759758296
