K,dominant_ratio,balance_entropy,mean_segment_length,segment_count,meta_min_len,coherence,selection_score
16,0.4375,0.908810765168944,2030.0087719298247,114,24,1.0,0.639702691292236
18,0.5555555555555556,0.9336537964006707,1585.0753424657535,146,24,0.08675799086758007,0.579760481063638
17,0.47058823529411764,0.933070598816009,1727.0223880597016,134,24,0.37810945273631863,0.5723370087909206
19,0.5263157894736842,0.9336537964006707,1585.0753424657535,146,24,0.08675799086758007,0.5622166214145152
20,0.5,0.9218303226264047,1542.8066666666666,150,24,0.0,0.5304575806566012
