K,dominant_ratio,balance_entropy,mean_segment_length,segment_count,meta_min_len,coherence,selection_score
19,0.3684210526315789,0.9123082029375482,1249.7339449541284,218,24,1.0,0.5991296823133344
18,0.3888888888888889,0.9083373629225283,1210.8533333333332,225,24,0.403703703703703,0.5209732296195209
20,0.4,0.9137889124481586,1184.5304347826086,230,24,0.0,0.46844722811203965
