K,selected_by_rule,ARI,NMI,n_pred_states,segments,dominant_ratio,balance_entropy,mean_segment_length,segment_count_raw,coherence,selection_score,meta_min_len,branch_select_metric,meta_vote_weight_mode,selected_branch_names
18,0,0.5779699071593438,0.7282719944667977,15,225,0.3888888888888889,0.9083373629225283,1210.8533333333332,225,0.403703703703703,0.5209732296195209,24,PEER,pid_weight,PAMAP2_alt64_b12_w128_s64|PAMAP2_alt64_b24_w176_s88|PAMAP2_alt64_b26_w192_s48|PAMAP2_alt64_b27_w192_s72|PAMAP2_alt64_b40_w240_s120|PAMAP2_alt64_b45_w272_s45|PAMAP2_alt64_b46_w272_s68|PAMAP2_alt64_b47_w272_s102|PAMAP2_alt64_b49_w288_s48|PAMAP2_alt64_b50_w288_s72|PAMAP2_alt64_b56_w304_s152|PAMAP2_alt64_b57_w320_s53|PAMAP2_alt64_b60_w320_s160|PAMAP2_alt64_b61_w336_s56|PAMAP2_alt64_b62_w336_s84|PAMAP2_alt64_b64_w336_s168
19,1,0.5991739151176454,0.7480144982558316,16,218,0.3684210526315789,0.9123082029375482,1249.7339449541284,218,1.0,0.5991296823133344,24,PEER,pid_weight,PAMAP2_alt64_b12_w128_s64|PAMAP2_alt64_b24_w176_s88|PAMAP2_alt64_b26_w192_s48|PAMAP2_alt64_b27_w192_s72|PAMAP2_alt64_b40_w240_s120|PAMAP2_alt64_b45_w272_s45|PAMAP2_alt64_b46_w272_s68|PAMAP2_alt64_b47_w272_s102|PAMAP2_alt64_b49_w288_s48|PAMAP2_alt64_b50_w288_s72|PAMAP2_alt64_b56_w304_s152|PAMAP2_alt64_b57_w320_s53|PAMAP2_alt64_b60_w320_s160|PAMAP2_alt64_b61_w336_s56|PAMAP2_alt64_b62_w336_s84|PAMAP2_alt64_b64_w336_s168
20,0,0.6154363521033882,0.7611383748048944,17,230,0.4,0.9137889124481586,1184.5304347826086,230,0.0,0.46844722811203965,24,PEER,pid_weight,PAMAP2_alt64_b12_w128_s64|PAMAP2_alt64_b24_w176_s88|PAMAP2_alt64_b26_w192_s48|PAMAP2_alt64_b27_w192_s72|PAMAP2_alt64_b40_w240_s120|PAMAP2_alt64_b45_w272_s45|PAMAP2_alt64_b46_w272_s68|PAMAP2_alt64_b47_w272_s102|PAMAP2_alt64_b49_w288_s48|PAMAP2_alt64_b50_w288_s72|PAMAP2_alt64_b56_w304_s152|PAMAP2_alt64_b57_w320_s53|PAMAP2_alt64_b60_w320_s160|PAMAP2_alt64_b61_w336_s56|PAMAP2_alt64_b62_w336_s84|PAMAP2_alt64_b64_w336_s168
