K,dominant_ratio,balance_entropy,mean_segment_length,segment_count,meta_min_len,coherence,selection_score
16,0.5,0.8736291110661422,3165.772151898734,79,24,1.0,0.6684072777665355
17,0.47058823529411764,0.8736291110661422,3165.772151898734,79,24,1.0,0.6507602189430062
18,0.4444444444444444,0.8736291110661422,3165.772151898734,79,24,1.0,0.6350739444332022
19,0.42105263157894735,0.8450330246215091,3013.2048192771085,83,24,0.5287817938420352,0.5432071041790509
20,0.4,0.8410671190980533,2842.0,88,24,0.0,0.45026677977451335
