K,dominant_ratio,balance_entropy,mean_segment_length,segment_count,meta_min_len,coherence,selection_score
17,0.47058823529411764,0.9273722111909891,3233.0,72,24,1.0,0.6641959939742179
15,0.4666666666666667,0.9273816653879358,3188.7123287671234,73,24,0.9522909777987719,0.6546890630167996
16,0.4375,0.9273816653879358,3188.7123287671234,73,24,0.9522909777987719,0.6371890630167997
18,0.4444444444444444,0.9035474122572943,2909.7,80,24,0.6517241379310343,0.5903121404206454
20,0.4,0.8916972450403368,2399.7525773195875,97,24,0.10238179879132604,0.47828158107878305
19,0.42105263157894735,0.8932309761044847,2304.7128712871286,101,24,0.0,0.4759393229734895
