K,selected_by_rule,ARI,NMI,n_pred_states,segments,dominant_ratio,balance_entropy,mean_segment_length,segment_count_raw,coherence,selection_score,meta_min_len,branch_select_metric,meta_vote_weight_mode,selected_branch_names
18,1,0.7529757076518231,0.8191859432177795,12,98,0.5,0.9272170023467127,2674.5102040816328,98,1.0,0.6818042505866782,24,PEER,pid_weight,PAMAP2_alt64_b28_w192_s96|PAMAP2_alt64_b33_w224_s37|PAMAP2_alt64_b38_w240_s60|PAMAP2_alt64_b39_w240_s90|PAMAP2_alt64_b43_w256_s96|PAMAP2_alt64_b45_w272_s45|PAMAP2_alt64_b49_w288_s48|PAMAP2_alt64_b50_w288_s72|PAMAP2_alt64_b52_w288_s144|PAMAP2_alt64_b53_w304_s51|PAMAP2_alt64_b56_w304_s152|PAMAP2_alt64_b57_w320_s53|PAMAP2_alt64_b58_w320_s80|PAMAP2_alt64_b61_w336_s56|PAMAP2_alt64_b62_w336_s84|PAMAP2_alt64_b63_w336_s126
19,0,0.7529757076518231,0.8191859432177795,12,98,0.47368421052631576,0.9272170023467127,2674.5102040816328,98,1.0,0.6660147769024677,24,PEER,pid_weight,PAMAP2_alt64_b28_w192_s96|PAMAP2_alt64_b33_w224_s37|PAMAP2_alt64_b38_w240_s60|PAMAP2_alt64_b39_w240_s90|PAMAP2_alt64_b43_w256_s96|PAMAP2_alt64_b45_w272_s45|PAMAP2_alt64_b49_w288_s48|PAMAP2_alt64_b50_w288_s72|PAMAP2_alt64_b52_w288_s144|PAMAP2_alt64_b53_w304_s51|PAMAP2_alt64_b56_w304_s152|PAMAP2_alt64_b57_w320_s53|PAMAP2_alt64_b58_w320_s80|PAMAP2_alt64_b61_w336_s56|PAMAP2_alt64_b62_w336_s84|PAMAP2_alt64_b63_w336_s126
20,0,0.7529757076518231,0.8191859432177795,12,98,0.45,0.9272170023467127,2674.5102040816328,98,1.0,0.6518042505866782,24,PEER,pid_weight,PAMAP2_alt64_b28_w192_s96|PAMAP2_alt64_b33_w224_s37|PAMAP2_alt64_b38_w240_s60|PAMAP2_alt64_b39_w240_s90|PAMAP2_alt64_b43_w256_s96|PAMAP2_alt64_b45_w272_s45|PAMAP2_alt64_b49_w288_s48|PAMAP2_alt64_b50_w288_s72|PAMAP2_alt64_b52_w288_s144|PAMAP2_alt64_b53_w304_s51|PAMAP2_alt64_b56_w304_s152|PAMAP2_alt64_b57_w320_s53|PAMAP2_alt64_b58_w320_s80|PAMAP2_alt64_b61_w336_s56|PAMAP2_alt64_b62_w336_s84|PAMAP2_alt64_b63_w336_s126
