K,dominant_ratio,balance_entropy,mean_segment_length,segment_count,meta_min_len,coherence,selection_score
18,0.5,0.9272170023467127,2674.5102040816328,98,24,1.0,0.6818042505866782
19,0.47368421052631576,0.9272170023467127,2674.5102040816328,98,24,1.0,0.6660147769024677
20,0.45,0.9272170023467127,2674.5102040816328,98,24,1.0,0.6518042505866782
