K,dominant_threshold,dominant_count,dominant_ratio,balance_entropy,mean_segment_length,segment_count,coherence,selection_score
18,0.05555555555555555,6,0.3333333333333333,0.6761492204112569,116.18,50,1.0,0.5190373051028142
19,0.05263157894736842,6,0.3157894736842105,0.6761492204112569,116.18,50,1.0,0.5085109893133405
17,0.058823529411764705,5,0.29411764705882354,0.6761492204112569,116.18,50,1.0,0.4955078933381084
15,0.06666666666666667,4,0.26666666666666666,0.676149220411257,116.18,50,1.0,0.4790373051028143
16,0.0625,4,0.25,0.6761492204112569,116.18,50,1.0,0.4690373051028143
