algorithm,dataset,case_count,ARI_mean,NMI_mean,AMI_mean,covering_mean,f1_mean,seconds_sum
TICC,MoCap,17,0.6925126709669988,0.725594064082626,0.7212078128208643,0.7657084592784555,0.5248475323918936,472.6637144088745
TICC,ALL_DATASETS_EQUAL_CASE_WEIGHT,17,0.6925126709669988,0.725594064082626,0.7212078128208643,0.7657084592784555,0.5248475323918936,472.6637144088745
