dataset,win_size,step,M,N,out_channels,nb_steps,kernel_size,win_type,cases,mean_ARI,mean_NMI,mean_AMI,mean_Covering,mean_CP_F1,std_ARI,std_NMI,std_AMI,std_Covering,std_CP_F1,mean_seconds
actrectut,128,1,20,4,4,20,3,rect,200,0.5457531597978673,0.6540427614325383,0.6341780956068367,0.49758440703117507,0.44463615474326157,0.062127015781309164,0.024216887752104458,0.026094068263200397,0.08568908117205101,0.07420092524275218,29.538826472759247
