algorithm,dataset,cases,ARI,NMI,AMI,Covering,CP_F1
AutoPlait,ActRecTut,20,0.18643547500884025,0.2745739498267653,0.2651256118407628,0.19016898069217403,0.04545454545454545
