K,dominant_threshold,dominant_count,dominant_ratio,balance_entropy,mean_segment_length,segment_count,coherence,selection_score
16,0.0625,3,0.1875,0.6389830751013771,171.68421052631578,76,1.0,0.42224576877534425
19,0.05263157894736842,4,0.21052631578947367,0.6802641972770319,131.7979797979798,99,0.06141414141414111,0.30559396000506334
20,0.05,4,0.2,0.6801732926040501,131.7979797979798,99,0.06141414141414111,0.2992554443631337
17,0.058823529411764705,3,0.17647058823529413,0.6909507967126405,133.14285714285714,98,0.09306122448979567,0.292579235792806
18,0.05555555555555555,3,0.16666666666666666,0.6818238785277452,129.1881188118812,101,0.0,0.2704559696319363
