K,dominant_threshold,dominant_count,dominant_ratio,balance_entropy,mean_segment_length,segment_count,coherence,selection_score
16,0.0625,5,0.3125,0.8731798994381879,83.1086956521739,46,1.0,0.555794974859547
17,0.058823529411764705,5,0.29411764705882354,0.8606041941732718,83.1086956521739,46,1.0,0.5416216367786121
18,0.05555555555555555,6,0.3333333333333333,0.8539049124761953,79.64583333333333,48,0.0,0.4134762281190488
19,0.05263157894736842,6,0.3157894736842105,0.8476981589605438,79.64583333333333,48,0.0,0.40139822395066227
