K,dominant_threshold,dominant_count,dominant_ratio,balance_entropy,mean_segment_length,segment_count,coherence,selection_score
13,0.07692307692307693,3,0.23076923076923078,0.7333307825752452,87.0,79,1.0,0.4717942341053498
14,0.07142857142857142,3,0.21428571428571427,0.7333307825752452,87.0,79,1.0,0.46190412421523985
15,0.06666666666666667,3,0.2,0.7333307825752452,87.0,79,1.0,0.4533326956438113
18,0.05555555555555555,6,0.3333333333333333,0.7410461896755259,84.85185185185185,81,0.3251028806584358,0.43402697951764685
17,0.058823529411764705,5,0.29411764705882354,0.7389564814909603,84.85185185185185,81,0.3251028806584358,0.4099751407067996
16,0.0625,3,0.1875,0.7171668178057335,85.9125,80,0.658333333333332,0.39054170445143316
20,0.05,5,0.25,0.7326248055553197,84.85185185185185,81,0.3251028806584358,0.38192163348759534
19,0.05263157894736842,6,0.3157894736842105,0.7440149438796063,83.8170731707317,82,0.0,0.37547742018042785
