K,dominant_threshold,dominant_count,dominant_ratio,balance_entropy,mean_segment_length,segment_count,coherence,selection_score
16,0.0625,4,0.25,0.6676093846776644,111.64,100,1.0,0.46690234616941606
17,0.058823529411764705,4,0.23529411764705882,0.6509607646287907,107.34615384615384,104,0.7352941176470583,0.41421077939249173
18,0.05555555555555555,4,0.2222222222222222,0.6509607646287907,107.34615384615384,104,0.7352941176470583,0.4063676421375898
19,0.05263157894736842,4,0.21052631578947367,0.6509607646287907,107.34615384615384,104,0.7352941176470583,0.39935009827794066
20,0.05,5,0.25,0.6865650345696324,95.41880341880342,117,0.0,0.3216412586424081
