K,dominant_ratio,balance_entropy,mean_segment_length,segment_count,meta_min_len,coherence,selection_score
12,0.3333333333333333,0.7159519573293004,571.5263157894736,57,24,1.0,0.528987989332325
13,0.3076923076923077,0.6893855813090266,552.1525423728814,59,24,0.8740920096852305,0.48807558139542584
14,0.2857142857142857,0.6893855813090266,552.1525423728814,59,24,0.8740920096852305,0.47488876820861264
15,0.26666666666666666,0.691580721328204,552.1525423728814,59,24,0.8740920096852305,0.4640089817848356
16,0.25,0.7275646799726082,428.64473684210526,76,24,0.07142857142857156,0.3426054557074378
17,0.23529411764705882,0.7275646799726082,428.64473684210526,76,24,0.07142857142857156,0.3337819262956731
20,0.25,0.7001748230701559,417.65384615384613,78,24,0.0,0.32504370576753894
18,0.2222222222222222,0.7138321566297812,428.64473684210526,76,24,0.07142857142857156,0.3225056582050643
19,0.21052631578947367,0.702269291502513,417.65384615384613,78,24,0.0,0.3018831123493124
