dataset,win_size,step,M,N,out_channels,nb_steps,kernel_size,win_type,cases,mean_ARI,mean_NMI,mean_AMI,mean_Covering,mean_CP_F1,std_ARI,std_NMI,std_AMI,std_Covering,std_CP_F1,mean_seconds
usc-had,512,50,20,4,4,40,3,rect,700,0.5841408894958812,0.7737954848858505,0.7697442293341802,0.6705891131880565,0.5640064859844958,0.10209778793330189,0.0472234315487455,0.04948871064652417,0.09072090190658783,0.10618678906810759,0.489167434488024
