{
  "status": "ok",
  "dataset": "usc-had",
  "e2usd_root": "D:\\code\\teacherT2S\\E2Usd-main",
  "win_sizes": [
    512
  ],
  "steps": [
    50
  ],
  "repeats": 10,
  "summary": {
    "grid_mean": {
      "ARI": 0.5841408894958813,
      "NMI": 0.7737954848858505,
      "AMI": 0.7697442293341802,
      "Covering": 0.6705891131880565,
      "CP_F1": 0.5640064859844958
    },
    "best_by_mean_ARI": {
      "win_size": 512,
      "step": 50,
      "ARI": 0.5841408894958812,
      "NMI": 0.7737954848858505,
      "AMI": 0.7697442293341802,
      "Covering": 0.6705891131880565,
      "CP_F1": 0.5640064859844958
    },
    "n_rows": 700
  }
}