dataset,case_count,mean_ARI,mean_NMI,mean_pred_states,mean_segments,total_seconds
MoCap,9,0.8230300726774347,0.8232917597110784,5.888888888888889,8.88888888888889,2252.3307297229767
