dataset,win_size,step,M,N,out_channels,nb_steps,kernel_size,win_type,cases,mean_ARI,mean_NMI,mean_AMI,mean_Covering,mean_CP_F1,std_ARI,std_NMI,std_AMI,std_Covering,std_CP_F1,mean_seconds
pamap2_zero,512,100,20,4,4,20,3,rect,80,0.4688799098622267,0.6469712731381325,0.6444482649556609,0.35815829298681995,0.1255336923694585,0.07424786459924101,0.059961502467773514,0.060291748438750487,0.06720017542288803,0.036922457455975756,2.9638925939798355
