{
  "status": "ok",
  "dataset": "pamap2_zero",
  "e2usd_root": "D:\\code\\teacherT2S\\E2Usd-main",
  "win_sizes": [
    512
  ],
  "steps": [
    100
  ],
  "repeats": 10,
  "summary": {
    "grid_mean": {
      "ARI": 0.4688799098622267,
      "NMI": 0.6469712731381326,
      "AMI": 0.6444482649556609,
      "Covering": 0.35815829298681995,
      "CP_F1": 0.1255336923694585
    },
    "best_by_mean_ARI": {
      "win_size": 512,
      "step": 100,
      "ARI": 0.4688799098622267,
      "NMI": 0.6469712731381325,
      "AMI": 0.6444482649556609,
      "Covering": 0.35815829298681995,
      "CP_F1": 0.1255336923694585
    },
    "n_rows": 80
  }
}