K,dominant_ratio,balance_entropy,mean_segment_length,segment_count,meta_min_len,coherence,selection_score
12,0.3333333333333333,0.748698632416125,552.1525423728814,59,24,1.0,0.5371746581040312
13,0.3076923076923077,0.7343886778297871,542.95,60,24,0.8428571428571433,0.4946411255014029
14,0.2857142857142857,0.7174877972231708,534.0491803278688,61,24,0.6908665105386412,0.4544304973151603
15,0.26666666666666666,0.722211069603793,534.0491803278688,61,24,0.6908665105386412,0.44418274398174445
16,0.25,0.722211069603793,534.0491803278688,61,24,0.6908665105386412,0.43418274398174445
19,0.21052631578947367,0.7065986059364855,501.18461538461537,65,24,0.12967032967032974,0.322415990408355
17,0.23529411764705882,0.7167561611339354,493.59090909090907,66,24,0.0,0.32036551087171916
20,0.2,0.7065986059364855,501.18461538461537,65,24,0.12967032967032974,0.31610020093467084
18,0.2222222222222222,0.7167671138151095,493.59090909090907,66,24,0.0,0.31252511178711073
