K,dominant_ratio,balance_entropy,mean_segment_length,segment_count,meta_min_len,coherence,selection_score
10,0.3,0.7150931180869484,1121.142857142857,28,24,1.0,0.5087732795217371
11,0.2727272727272727,0.7150931180869484,1121.142857142857,28,24,1.0,0.49240964315810076
12,0.25,0.715112911886286,1121.142857142857,28,24,1.0,0.47877822797157155
13,0.23076923076923078,0.715112911886286,1121.142857142857,28,24,1.0,0.46723976643310994
14,0.21428571428571427,0.6800192378780731,1082.4827586206898,29,24,0.8689655172413798,0.42892106562715376
15,0.2,0.7075589559420704,826.1052631578947,38,24,0.0,0.2968897389855176
16,0.1875,0.7075589559420704,826.1052631578947,38,24,0.0,0.28938973898551756
