K,selected_by_rule,ARI,NMI,n_pred_states,segments,dominant_ratio,balance_entropy,mean_segment_length,segment_count_raw,coherence,selection_score,meta_min_len,branch_select_metric,meta_vote_weight_mode,selected_branch_names
5,1,0.8795638234498748,0.8454140654940443,5,9,0.6,0.8297058344530043,630.3333333333334,9,1.0,0.717426458613251,24,PID,pid_weight,MoCap_alt64_b09_w128_s21|MoCap_alt64_b13_w144_s24|MoCap_alt64_b14_w144_s36|MoCap_alt64_b15_w144_s54|MoCap_alt64_b17_w160_s27|MoCap_alt64_b19_w160_s60|MoCap_alt64_b21_w176_s29|MoCap_alt64_b22_w176_s44|MoCap_alt64_b25_w192_s32|MoCap_alt64_b26_w192_s48|MoCap_alt64_b28_w192_s96|MoCap_alt64_b29_w208_s35|MoCap_alt64_b33_w224_s37|MoCap_alt64_b38_w240_s60|MoCap_alt64_b42_w256_s64|MoCap_alt64_b53_w304_s51
6,0,0.8664522833160822,0.8383188095059189,6,11,0.5,0.7987330459688006,515.7272727272727,11,0.4909090909090909,0.5733196251285637,24,PID,pid_weight,MoCap_alt64_b09_w128_s21|MoCap_alt64_b13_w144_s24|MoCap_alt64_b14_w144_s36|MoCap_alt64_b15_w144_s54|MoCap_alt64_b17_w160_s27|MoCap_alt64_b19_w160_s60|MoCap_alt64_b21_w176_s29|MoCap_alt64_b22_w176_s44|MoCap_alt64_b25_w192_s32|MoCap_alt64_b26_w192_s48|MoCap_alt64_b28_w192_s96|MoCap_alt64_b29_w208_s35|MoCap_alt64_b33_w224_s37|MoCap_alt64_b38_w240_s60|MoCap_alt64_b42_w256_s64|MoCap_alt64_b53_w304_s51
7,0,0.8534157948143348,0.8280318823655014,7,14,0.42857142857142855,0.802271340648459,405.2142857142857,14,0.0,0.45771069230497186,24,PID,pid_weight,MoCap_alt64_b09_w128_s21|MoCap_alt64_b13_w144_s24|MoCap_alt64_b14_w144_s36|MoCap_alt64_b15_w144_s54|MoCap_alt64_b17_w160_s27|MoCap_alt64_b19_w160_s60|MoCap_alt64_b21_w176_s29|MoCap_alt64_b22_w176_s44|MoCap_alt64_b25_w192_s32|MoCap_alt64_b26_w192_s48|MoCap_alt64_b28_w192_s96|MoCap_alt64_b29_w208_s35|MoCap_alt64_b33_w224_s37|MoCap_alt64_b38_w240_s60|MoCap_alt64_b42_w256_s64|MoCap_alt64_b53_w304_s51
8,0,0.8551857649342282,0.829480751530737,7,14,0.375,0.8011570845695863,405.2142857142857,14,0.0,0.42528927114239656,24,PID,pid_weight,MoCap_alt64_b09_w128_s21|MoCap_alt64_b13_w144_s24|MoCap_alt64_b14_w144_s36|MoCap_alt64_b15_w144_s54|MoCap_alt64_b17_w160_s27|MoCap_alt64_b19_w160_s60|MoCap_alt64_b21_w176_s29|MoCap_alt64_b22_w176_s44|MoCap_alt64_b25_w192_s32|MoCap_alt64_b26_w192_s48|MoCap_alt64_b28_w192_s96|MoCap_alt64_b29_w208_s35|MoCap_alt64_b33_w224_s37|MoCap_alt64_b38_w240_s60|MoCap_alt64_b42_w256_s64|MoCap_alt64_b53_w304_s51
