K,selected_by_rule,ARI,NMI,n_pred_states,segments,dominant_ratio,balance_entropy,mean_segment_length,segment_count_raw,coherence,selection_score,meta_min_len,branch_select_metric,meta_vote_weight_mode,selected_branch_names
5,1,0.8264027301739424,0.8073125273289206,4,8,0.4,0.9371232557135027,572.25,8,1.0,0.6242808139283756,24,PID,pid_weight,MoCap_alt64_b22_w176_s44|MoCap_alt64_b29_w208_s35|MoCap_alt64_b30_w208_s52|MoCap_alt64_b33_w224_s37|MoCap_alt64_b34_w224_s56|MoCap_alt64_b37_w240_s40|MoCap_alt64_b38_w240_s60|MoCap_alt64_b42_w256_s64|MoCap_alt64_b45_w272_s45|MoCap_alt64_b50_w288_s72|MoCap_alt64_b53_w304_s51|MoCap_alt64_b54_w304_s76|MoCap_alt64_b55_w304_s114|MoCap_alt64_b61_w336_s56|MoCap_alt64_b62_w336_s84|MoCap_alt64_b64_w336_s168
6,0,0.818895260412938,0.7877641764002055,5,9,0.5,0.8490593837203021,508.6666666666667,9,0.44444444444444453,0.5789315125967421,24,PID,pid_weight,MoCap_alt64_b22_w176_s44|MoCap_alt64_b29_w208_s35|MoCap_alt64_b30_w208_s52|MoCap_alt64_b33_w224_s37|MoCap_alt64_b34_w224_s56|MoCap_alt64_b37_w240_s40|MoCap_alt64_b38_w240_s60|MoCap_alt64_b42_w256_s64|MoCap_alt64_b45_w272_s45|MoCap_alt64_b50_w288_s72|MoCap_alt64_b53_w304_s51|MoCap_alt64_b54_w304_s76|MoCap_alt64_b55_w304_s114|MoCap_alt64_b61_w336_s56|MoCap_alt64_b62_w336_s84|MoCap_alt64_b64_w336_s168
7,0,0.819293372680605,0.7888384975435019,6,10,0.42857142857142855,0.8002212058402931,457.8,10,0.0,0.4571981586029304,24,PID,pid_weight,MoCap_alt64_b22_w176_s44|MoCap_alt64_b29_w208_s35|MoCap_alt64_b30_w208_s52|MoCap_alt64_b33_w224_s37|MoCap_alt64_b34_w224_s56|MoCap_alt64_b37_w240_s40|MoCap_alt64_b38_w240_s60|MoCap_alt64_b42_w256_s64|MoCap_alt64_b45_w272_s45|MoCap_alt64_b50_w288_s72|MoCap_alt64_b53_w304_s51|MoCap_alt64_b54_w304_s76|MoCap_alt64_b55_w304_s114|MoCap_alt64_b61_w336_s56|MoCap_alt64_b62_w336_s84|MoCap_alt64_b64_w336_s168
8,0,0.819293372680605,0.7888384975435019,6,10,0.5,0.8002212058402931,457.8,10,0.0,0.5000553014600733,24,PID,pid_weight,MoCap_alt64_b22_w176_s44|MoCap_alt64_b29_w208_s35|MoCap_alt64_b30_w208_s52|MoCap_alt64_b33_w224_s37|MoCap_alt64_b34_w224_s56|MoCap_alt64_b37_w240_s40|MoCap_alt64_b38_w240_s60|MoCap_alt64_b42_w256_s64|MoCap_alt64_b45_w272_s45|MoCap_alt64_b50_w288_s72|MoCap_alt64_b53_w304_s51|MoCap_alt64_b54_w304_s76|MoCap_alt64_b55_w304_s114|MoCap_alt64_b61_w336_s56|MoCap_alt64_b62_w336_s84|MoCap_alt64_b64_w336_s168
