K,dominant_ratio,balance_entropy,mean_segment_length,segment_count,meta_min_len,coherence,selection_score
8,0.375,0.9105360742631493,840.0,10,24,1.0,0.6026340185657874
7,0.14285714285714285,0.910929985409692,840.0,10,24,1.0,0.46344678206670864
10,0.4,0.8623685518295583,763.6363636363636,11,24,0.0,0.45559213795738956
9,0.3333333333333333,0.8623685518295583,763.6363636363636,11,24,0.0,0.4155921379573896
