K,dominant_ratio,balance_entropy,mean_segment_length,segment_count,meta_min_len,coherence,selection_score
8,0.375,0.8318959604461976,689.2727272727273,11,24,1.0,0.5829739901115494
7,0.2857142857142857,0.8318959604461976,689.2727272727273,11,24,1.0,0.5294025615401208
6,0.16666666666666666,0.8318959604461976,689.2727272727273,11,24,1.0,0.4579739901115494
9,0.3333333333333333,0.7804972045961907,631.8333333333334,12,24,0.0,0.3951243011490476
