K,selected_by_rule,ARI,NMI,n_pred_states,segments,dominant_ratio,balance_entropy,mean_segment_length,segment_count_raw,coherence,selection_score,meta_min_len,branch_select_metric,meta_vote_weight_mode,selected_branch_names
7,0,0.9495721617204451,0.9291474928428325,7,10,0.14285714285714285,0.910929985409692,840.0,10,1.0,0.46344678206670864,24,PID,pid_weight,MoCap_alt64_b18_w160_s40|MoCap_alt64_b19_w160_s60|MoCap_alt64_b25_w192_s32|MoCap_alt64_b26_w192_s48|MoCap_alt64_b30_w208_s52|MoCap_alt64_b31_w208_s78|MoCap_alt64_b33_w224_s37|MoCap_alt64_b34_w224_s56|MoCap_alt64_b35_w224_s84|MoCap_alt64_b37_w240_s40|MoCap_alt64_b42_w256_s64|MoCap_alt64_b43_w256_s96|MoCap_alt64_b45_w272_s45|MoCap_alt64_b46_w272_s68|MoCap_alt64_b47_w272_s102|MoCap_alt64_b51_w288_s108
8,1,0.9512269985820121,0.9319785618481121,7,10,0.375,0.9105360742631493,840.0,10,1.0,0.6026340185657874,24,PID,pid_weight,MoCap_alt64_b18_w160_s40|MoCap_alt64_b19_w160_s60|MoCap_alt64_b25_w192_s32|MoCap_alt64_b26_w192_s48|MoCap_alt64_b30_w208_s52|MoCap_alt64_b31_w208_s78|MoCap_alt64_b33_w224_s37|MoCap_alt64_b34_w224_s56|MoCap_alt64_b35_w224_s84|MoCap_alt64_b37_w240_s40|MoCap_alt64_b42_w256_s64|MoCap_alt64_b43_w256_s96|MoCap_alt64_b45_w272_s45|MoCap_alt64_b46_w272_s68|MoCap_alt64_b47_w272_s102|MoCap_alt64_b51_w288_s108
9,0,0.9543550282199306,0.9368218707178421,8,11,0.3333333333333333,0.8623685518295583,763.6363636363636,11,0.0,0.4155921379573896,24,PID,pid_weight,MoCap_alt64_b18_w160_s40|MoCap_alt64_b19_w160_s60|MoCap_alt64_b25_w192_s32|MoCap_alt64_b26_w192_s48|MoCap_alt64_b30_w208_s52|MoCap_alt64_b31_w208_s78|MoCap_alt64_b33_w224_s37|MoCap_alt64_b34_w224_s56|MoCap_alt64_b35_w224_s84|MoCap_alt64_b37_w240_s40|MoCap_alt64_b42_w256_s64|MoCap_alt64_b43_w256_s96|MoCap_alt64_b45_w272_s45|MoCap_alt64_b46_w272_s68|MoCap_alt64_b47_w272_s102|MoCap_alt64_b51_w288_s108
10,0,0.9543550282199306,0.9368218707178421,8,11,0.4,0.8623685518295583,763.6363636363636,11,0.0,0.45559213795738956,24,PID,pid_weight,MoCap_alt64_b18_w160_s40|MoCap_alt64_b19_w160_s60|MoCap_alt64_b25_w192_s32|MoCap_alt64_b26_w192_s48|MoCap_alt64_b30_w208_s52|MoCap_alt64_b31_w208_s78|MoCap_alt64_b33_w224_s37|MoCap_alt64_b34_w224_s56|MoCap_alt64_b35_w224_s84|MoCap_alt64_b37_w240_s40|MoCap_alt64_b42_w256_s64|MoCap_alt64_b43_w256_s96|MoCap_alt64_b45_w272_s45|MoCap_alt64_b46_w272_s68|MoCap_alt64_b47_w272_s102|MoCap_alt64_b51_w288_s108
