K,selected_by_rule,ARI,NMI,n_pred_states,segments,dominant_ratio,balance_entropy,mean_segment_length,segment_count_raw,coherence,selection_score,meta_min_len,branch_select_metric,meta_vote_weight_mode,selected_branch_names
6,0,0.8559937215312436,0.8171953130117042,5,11,0.16666666666666666,0.8318959604461976,689.2727272727273,11,1.0,0.4579739901115494,24,PID,pid_weight,MoCap_alt64_b25_w192_s32|MoCap_alt64_b27_w192_s72|MoCap_alt64_b30_w208_s52|MoCap_alt64_b33_w224_s37|MoCap_alt64_b37_w240_s40|MoCap_alt64_b39_w240_s90|MoCap_alt64_b41_w256_s50|MoCap_alt64_b43_w256_s96|MoCap_alt64_b44_w256_s128|MoCap_alt64_b45_w272_s45|MoCap_alt64_b46_w272_s68|MoCap_alt64_b50_w288_s72|MoCap_alt64_b51_w288_s108|MoCap_alt64_b53_w304_s51|MoCap_alt64_b54_w304_s76|MoCap_alt64_b63_w336_s126
7,0,0.8559937215312436,0.8171953130117042,5,11,0.2857142857142857,0.8318959604461976,689.2727272727273,11,1.0,0.5294025615401208,24,PID,pid_weight,MoCap_alt64_b25_w192_s32|MoCap_alt64_b27_w192_s72|MoCap_alt64_b30_w208_s52|MoCap_alt64_b33_w224_s37|MoCap_alt64_b37_w240_s40|MoCap_alt64_b39_w240_s90|MoCap_alt64_b41_w256_s50|MoCap_alt64_b43_w256_s96|MoCap_alt64_b44_w256_s128|MoCap_alt64_b45_w272_s45|MoCap_alt64_b46_w272_s68|MoCap_alt64_b50_w288_s72|MoCap_alt64_b51_w288_s108|MoCap_alt64_b53_w304_s51|MoCap_alt64_b54_w304_s76|MoCap_alt64_b63_w336_s126
8,1,0.8559937215312436,0.8171953130117042,5,11,0.375,0.8318959604461976,689.2727272727273,11,1.0,0.5829739901115494,24,PID,pid_weight,MoCap_alt64_b25_w192_s32|MoCap_alt64_b27_w192_s72|MoCap_alt64_b30_w208_s52|MoCap_alt64_b33_w224_s37|MoCap_alt64_b37_w240_s40|MoCap_alt64_b39_w240_s90|MoCap_alt64_b41_w256_s50|MoCap_alt64_b43_w256_s96|MoCap_alt64_b44_w256_s128|MoCap_alt64_b45_w272_s45|MoCap_alt64_b46_w272_s68|MoCap_alt64_b50_w288_s72|MoCap_alt64_b51_w288_s108|MoCap_alt64_b53_w304_s51|MoCap_alt64_b54_w304_s76|MoCap_alt64_b63_w336_s126
9,0,0.8517184132093173,0.8119757982831608,6,12,0.3333333333333333,0.7804972045961907,631.8333333333334,12,0.0,0.3951243011490476,24,PID,pid_weight,MoCap_alt64_b25_w192_s32|MoCap_alt64_b27_w192_s72|MoCap_alt64_b30_w208_s52|MoCap_alt64_b33_w224_s37|MoCap_alt64_b37_w240_s40|MoCap_alt64_b39_w240_s90|MoCap_alt64_b41_w256_s50|MoCap_alt64_b43_w256_s96|MoCap_alt64_b44_w256_s128|MoCap_alt64_b45_w272_s45|MoCap_alt64_b46_w272_s68|MoCap_alt64_b50_w288_s72|MoCap_alt64_b51_w288_s108|MoCap_alt64_b53_w304_s51|MoCap_alt64_b54_w304_s76|MoCap_alt64_b63_w336_s126
