K,dominant_ratio,balance_entropy,mean_segment_length,segment_count,meta_min_len,coherence,selection_score
5,0.4,0.9371232557135027,572.25,8,24,1.0,0.6242808139283756
6,0.5,0.8490593837203021,508.6666666666667,9,24,0.44444444444444453,0.5789315125967421
8,0.5,0.8002212058402931,457.8,10,24,0.0,0.5000553014600733
7,0.42857142857142855,0.8002212058402931,457.8,10,24,0.0,0.4571981586029304
