K,selected_by_rule,ARI,NMI,n_pred_states,segments,dominant_ratio,balance_entropy,mean_segment_length,segment_count_raw,coherence,selection_score,meta_min_len,branch_select_metric,meta_vote_weight_mode,selected_branch_names
6,1,0.8839623756949104,0.8725018310744697,6,11,0.5,0.862304182691309,791.0,11,1.0,0.6655760456728272,24,PID,pid_weight,MoCap_alt64_b08_w112_s56|MoCap_alt64_b10_w128_s32|MoCap_alt64_b12_w128_s64|MoCap_alt64_b14_w144_s36|MoCap_alt64_b17_w160_s27|MoCap_alt64_b18_w160_s40|MoCap_alt64_b21_w176_s29|MoCap_alt64_b22_w176_s44|MoCap_alt64_b24_w176_s88|MoCap_alt64_b29_w208_s35|MoCap_alt64_b30_w208_s52|MoCap_alt64_b34_w224_s56|MoCap_alt64_b37_w240_s40|MoCap_alt64_b41_w256_s50|MoCap_alt64_b50_w288_s72|MoCap_alt64_b54_w304_s76
7,0,0.8140674281191914,0.8339452611402269,7,19,0.42857142857142855,0.870287779021636,457.94736842105266,19,0.06432748538011701,0.48436392470528367,24,PID,pid_weight,MoCap_alt64_b08_w112_s56|MoCap_alt64_b10_w128_s32|MoCap_alt64_b12_w128_s64|MoCap_alt64_b14_w144_s36|MoCap_alt64_b17_w160_s27|MoCap_alt64_b18_w160_s40|MoCap_alt64_b21_w176_s29|MoCap_alt64_b22_w176_s44|MoCap_alt64_b24_w176_s88|MoCap_alt64_b29_w208_s35|MoCap_alt64_b30_w208_s52|MoCap_alt64_b34_w224_s56|MoCap_alt64_b37_w240_s40|MoCap_alt64_b41_w256_s50|MoCap_alt64_b50_w288_s72|MoCap_alt64_b54_w304_s76
8,0,0.8496864003606505,0.8736056132791988,8,20,0.25,0.8756081587924045,435.05,20,0.0,0.3689020396981011,24,PID,pid_weight,MoCap_alt64_b08_w112_s56|MoCap_alt64_b10_w128_s32|MoCap_alt64_b12_w128_s64|MoCap_alt64_b14_w144_s36|MoCap_alt64_b17_w160_s27|MoCap_alt64_b18_w160_s40|MoCap_alt64_b21_w176_s29|MoCap_alt64_b22_w176_s44|MoCap_alt64_b24_w176_s88|MoCap_alt64_b29_w208_s35|MoCap_alt64_b30_w208_s52|MoCap_alt64_b34_w224_s56|MoCap_alt64_b37_w240_s40|MoCap_alt64_b41_w256_s50|MoCap_alt64_b50_w288_s72|MoCap_alt64_b54_w304_s76
9,0,0.8495814363464274,0.8735276991638141,8,20,0.2222222222222222,0.8765096189024886,435.05,20,0.0,0.3524607380589555,24,PID,pid_weight,MoCap_alt64_b08_w112_s56|MoCap_alt64_b10_w128_s32|MoCap_alt64_b12_w128_s64|MoCap_alt64_b14_w144_s36|MoCap_alt64_b17_w160_s27|MoCap_alt64_b18_w160_s40|MoCap_alt64_b21_w176_s29|MoCap_alt64_b22_w176_s44|MoCap_alt64_b24_w176_s88|MoCap_alt64_b29_w208_s35|MoCap_alt64_b30_w208_s52|MoCap_alt64_b34_w224_s56|MoCap_alt64_b37_w240_s40|MoCap_alt64_b41_w256_s50|MoCap_alt64_b50_w288_s72|MoCap_alt64_b54_w304_s76
