K,dominant_ratio,balance_entropy,mean_segment_length,segment_count,meta_min_len,coherence,selection_score
11,0.6363636363636364,0.9259330414851668,708.0769230769231,13,24,0.46153846153846156,0.6825322114202427
9,0.4444444444444444,0.9645097350497771,767.0833333333334,12,24,1.0,0.6577941004291109
12,0.5833333333333334,0.92591797447129,708.0769230769231,13,24,0.46153846153846156,0.6507102628485917
7,0.2857142857142857,0.9267122397172811,767.0833333333334,12,24,1.0,0.5531066313578917
13,0.5384615384615384,0.8940266714622962,657.5,14,24,0.0,0.5465835909424971
10,0.4,0.9255455389025812,708.0769230769231,13,24,0.46153846153846156,0.5406171539564145
8,0.25,0.9267122397172811,767.0833333333334,12,24,1.0,0.5316780599293203
