K,dominant_ratio,balance_entropy,mean_segment_length,segment_count,meta_min_len,coherence,selection_score
5,0.6,0.8297058344530043,630.3333333333334,9,24,1.0,0.717426458613251
6,0.5,0.7987330459688006,515.7272727272727,11,24,0.4909090909090909,0.5733196251285637
7,0.42857142857142855,0.802271340648459,405.2142857142857,14,24,0.0,0.45771069230497186
8,0.375,0.8011570845695863,405.2142857142857,14,24,0.0,0.42528927114239656
