K,dominant_ratio,balance_entropy,mean_segment_length,segment_count,meta_min_len,coherence,selection_score
8,0.375,0.8410488439205802,599.125,8,24,0.43750000000000017,0.5008872109801451
6,0.16666666666666666,0.8782645662710901,684.7142857142857,7,24,1.0,0.46956614156777254
9,0.4444444444444444,0.8085574953731974,532.5555555555555,9,24,0.0,0.468806040509966
7,0.2857142857142857,0.8410488439205802,599.125,8,24,0.43750000000000017,0.4473157824087165
