K,dominant_ratio,balance_entropy,mean_segment_length,segment_count,meta_min_len,coherence,selection_score
6,0.5,0.862304182691309,791.0,11,24,1.0,0.6655760456728272
7,0.42857142857142855,0.870287779021636,457.94736842105266,19,24,0.06432748538011701,0.48436392470528367
8,0.25,0.8756081587924045,435.05,20,24,0.0,0.3689020396981011
9,0.2222222222222222,0.8765096189024886,435.05,20,24,0.0,0.3524607380589555
