K,selected_by_rule,ARI,NMI,n_pred_states,segments,dominant_ratio,balance_entropy,mean_segment_length,segment_count_raw,coherence,selection_score,meta_min_len,branch_select_metric,meta_vote_weight_mode,selected_branch_names
6,0,0.8679150793616136,0.8213177576832775,6,7,0.16666666666666666,0.8782645662710901,684.7142857142857,7,1.0,0.46956614156777254,24,PID,pid_weight,MoCap_alt64_b02_w96_s24|MoCap_alt64_b07_w112_s42|MoCap_alt64_b18_w160_s40|MoCap_alt64_b19_w160_s60|MoCap_alt64_b25_w192_s32|MoCap_alt64_b29_w208_s35|MoCap_alt64_b30_w208_s52|MoCap_alt64_b31_w208_s78|MoCap_alt64_b38_w240_s60|MoCap_alt64_b43_w256_s96|MoCap_alt64_b46_w272_s68|MoCap_alt64_b50_w288_s72|MoCap_alt64_b54_w304_s76|MoCap_alt64_b58_w320_s80|MoCap_alt64_b62_w336_s84|MoCap_alt64_b63_w336_s126
7,0,0.8776409892997944,0.8385367664906441,7,8,0.2857142857142857,0.8410488439205802,599.125,8,0.43750000000000017,0.4473157824087165,24,PID,pid_weight,MoCap_alt64_b02_w96_s24|MoCap_alt64_b07_w112_s42|MoCap_alt64_b18_w160_s40|MoCap_alt64_b19_w160_s60|MoCap_alt64_b25_w192_s32|MoCap_alt64_b29_w208_s35|MoCap_alt64_b30_w208_s52|MoCap_alt64_b31_w208_s78|MoCap_alt64_b38_w240_s60|MoCap_alt64_b43_w256_s96|MoCap_alt64_b46_w272_s68|MoCap_alt64_b50_w288_s72|MoCap_alt64_b54_w304_s76|MoCap_alt64_b58_w320_s80|MoCap_alt64_b62_w336_s84|MoCap_alt64_b63_w336_s126
8,1,0.8776409892997944,0.8385367664906441,7,8,0.375,0.8410488439205802,599.125,8,0.43750000000000017,0.5008872109801451,24,PID,pid_weight,MoCap_alt64_b02_w96_s24|MoCap_alt64_b07_w112_s42|MoCap_alt64_b18_w160_s40|MoCap_alt64_b19_w160_s60|MoCap_alt64_b25_w192_s32|MoCap_alt64_b29_w208_s35|MoCap_alt64_b30_w208_s52|MoCap_alt64_b31_w208_s78|MoCap_alt64_b38_w240_s60|MoCap_alt64_b43_w256_s96|MoCap_alt64_b46_w272_s68|MoCap_alt64_b50_w288_s72|MoCap_alt64_b54_w304_s76|MoCap_alt64_b58_w320_s80|MoCap_alt64_b62_w336_s84|MoCap_alt64_b63_w336_s126
9,0,0.8783409109488316,0.836729366943694,8,9,0.4444444444444444,0.8085574953731974,532.5555555555555,9,0.0,0.468806040509966,24,PID,pid_weight,MoCap_alt64_b02_w96_s24|MoCap_alt64_b07_w112_s42|MoCap_alt64_b18_w160_s40|MoCap_alt64_b19_w160_s60|MoCap_alt64_b25_w192_s32|MoCap_alt64_b29_w208_s35|MoCap_alt64_b30_w208_s52|MoCap_alt64_b31_w208_s78|MoCap_alt64_b38_w240_s60|MoCap_alt64_b43_w256_s96|MoCap_alt64_b46_w272_s68|MoCap_alt64_b50_w288_s72|MoCap_alt64_b54_w304_s76|MoCap_alt64_b58_w320_s80|MoCap_alt64_b62_w336_s84|MoCap_alt64_b63_w336_s126
