K,dominant_ratio,balance_entropy,mean_segment_length,segment_count,meta_min_len,coherence,selection_score
6,0.5,0.9008989570418142,605.4,10,24,1.0,0.6752247392604536
7,0.42857142857142855,0.8955190617050484,605.4,10,24,1.0,0.6310226225691192
8,0.375,0.8955190617050484,605.4,10,24,1.0,0.5988797654262621
9,0.3333333333333333,0.8955190617050484,605.4,10,24,1.0,0.5738797654262621
11,0.36363636363636365,0.890867744699064,432.42857142857144,14,24,0.0,0.4408987543565842
10,0.3,0.8563361359664724,432.42857142857144,14,24,0.0,0.39408403399161807
