K,dominant_threshold,dominant_count,dominant_ratio,balance_entropy,mean_segment_length,segment_count,coherence,selection_score
14,0.07142857142857142,5,0.35714285714285715,0.8147790260359231,143.5,40,1.0,0.567980470794695
15,0.06666666666666667,5,0.3333333333333333,0.8147790260359232,143.5,40,1.0,0.5536947565089808
16,0.0625,5,0.3125,0.8080400441058438,140.0,41,0.7804878048780488,0.5065831817581683
18,0.05555555555555555,7,0.3888888888888889,0.839653724235309,127.55555555555556,45,0.0,0.4432467643921606
17,0.058823529411764705,6,0.35294117647058826,0.8400152822106631,127.55555555555556,45,0.0,0.4217685264350187
