K,dominant_ratio,balance_entropy,mean_segment_length,segment_count,meta_min_len,coherence,selection_score
5,0.4,0.9433361152547938,654.0,7,24,1.0,0.6258340288136984
7,0.5714285714285714,0.8338576332388945,572.25,8,24,0.0,0.5513215511668664
6,0.5,0.8341332393244734,572.25,8,24,0.0,0.5085333098311183
