K,dominant_ratio,balance_entropy,mean_segment_length,segment_count,meta_min_len,coherence,selection_score
6,0.3333333333333333,0.7918092364380631,966.7777777777778,9,24,1.0,0.5479523091095158
7,0.42857142857142855,0.8531818615090564,791.0,11,24,0.4090909090909091,0.5318019588837576
8,0.375,0.819612788407494,669.3076923076923,13,24,0.0,0.42990319710187347
9,0.3333333333333333,0.8176006542990049,669.3076923076923,13,24,0.0,0.40440016357475117
