K,dominant_ratio,balance_entropy,mean_segment_length,segment_count,meta_min_len,coherence,selection_score
5,0.4,0.8555415915366196,1263.6666666666667,6,24,1.0,0.6038853978841549
6,0.3333333333333333,0.7786513511174917,1083.142857142857,7,24,0.7499999999999999,0.5071628377793729
8,0.375,0.755917881381116,541.5714285714286,14,24,0.0,0.413979470345279
9,0.3333333333333333,0.7615615108395151,583.2307692307693,13,24,0.05769230769230778,0.3990442238637249
7,0.2857142857142857,0.7943918564344077,631.8333333333334,12,24,0.12500000000000006,0.38877653553717334
10,0.3,0.7562801576915971,541.5714285714286,14,24,0.0,0.3690700394228993
11,0.2727272727272727,0.7523178765210863,541.5714285714286,14,24,0.0,0.3517158327666352
