K,dominant_ratio,balance_entropy,mean_segment_length,segment_count,meta_min_len,coherence,selection_score
8,0.25,0.9137828047284571,933.3333333333334,9,24,1.0,0.5284457011821143
9,0.4444444444444444,0.8646679430432636,840.0,10,24,0.0,0.48283365242748255
7,0.14285714285714285,0.9137828047284571,933.3333333333334,9,24,1.0,0.4641599868963999
