K,dominant_ratio,balance_entropy,mean_segment_length,segment_count,meta_min_len,coherence,selection_score
6,0.5,0.7946702200674238,567.3,10,24,1.0,0.6486675550168559
7,0.42857142857142855,0.8084196322712415,436.38461538461536,13,24,0.0,0.45924776521066746
8,0.375,0.809236212858961,436.38461538461536,13,24,0.0,0.4273090532147402
