K,dominant_ratio,balance_entropy,mean_segment_length,segment_count,meta_min_len,coherence,selection_score
8,0.375,0.8689741836369577,965.0909090909091,11,24,1.0,0.5922435459092394
9,0.4444444444444444,0.8798409988148842,884.6666666666666,12,24,0.6111111111111107,0.5782935830370542
10,0.4,0.8583276851741064,816.6153846153846,13,24,0.282051282051282,0.49688961360121886
11,0.36363636363636365,0.8439358369622625,758.2857142857143,14,24,0.0,0.4291657774223838
12,0.3333333333333333,0.8440661662411226,758.2857142857143,14,24,0.0,0.41101654156028067
