K,dominant_ratio,balance_entropy,mean_segment_length,segment_count,meta_min_len,coherence,selection_score
5,0.6,0.864689321779367,756.75,8,24,1.0,0.7261723304448418
4,0.5,0.864689321779367,756.75,8,24,1.0,0.6661723304448418
6,0.5,0.864689321779367,756.75,8,24,1.0,0.6661723304448418
7,0.42857142857142855,0.864689321779367,756.75,8,24,1.0,0.6233151875876989
8,0.375,0.8001051269902364,672.6666666666666,9,24,0.0,0.4250262817475591
