K,selected_by_rule,ARI,NMI,n_pred_states,segments,dominant_ratio,balance_entropy,mean_segment_length,segment_count_raw,coherence,selection_score,meta_min_len,branch_select_metric,meta_vote_weight_mode,selected_branch_names
6,1,0.7771209382378664,0.8607072437746609,6,9,0.3333333333333333,0.7918092364380631,966.7777777777778,9,1.0,0.5479523091095158,24,PID,uniform,MoCap_64core_b21_w208_s42|MoCap_64core_b23_w208_s69|MoCap_64core_b27_w224_s75|MoCap_64core_b29_w240_s48|MoCap_64core_b30_w240_s60|MoCap_64core_b31_w240_s80|MoCap_64core_b33_w256_s50|MoCap_64core_b36_w256_s128|MoCap_64core_b37_w272_s54|MoCap_64core_b38_w272_s68|MoCap_64core_b45_w304_s61|MoCap_64core_b46_w304_s76|MoCap_64core_b47_w304_s101|MoCap_64core_b52_w320_s160|MoCap_64core_b57_w352_s70|MoCap_64core_b62_w384_s96
7,0,0.9353057718847759,0.9217755526273956,7,11,0.42857142857142855,0.8531818615090564,791.0,11,0.4090909090909091,0.5318019588837576,24,PID,uniform,MoCap_64core_b21_w208_s42|MoCap_64core_b23_w208_s69|MoCap_64core_b27_w224_s75|MoCap_64core_b29_w240_s48|MoCap_64core_b30_w240_s60|MoCap_64core_b31_w240_s80|MoCap_64core_b33_w256_s50|MoCap_64core_b36_w256_s128|MoCap_64core_b37_w272_s54|MoCap_64core_b38_w272_s68|MoCap_64core_b45_w304_s61|MoCap_64core_b46_w304_s76|MoCap_64core_b47_w304_s101|MoCap_64core_b52_w320_s160|MoCap_64core_b57_w352_s70|MoCap_64core_b62_w384_s96
8,0,0.9175939184917725,0.9069644248766706,8,13,0.375,0.819612788407494,669.3076923076923,13,0.0,0.42990319710187347,24,PID,uniform,MoCap_64core_b21_w208_s42|MoCap_64core_b23_w208_s69|MoCap_64core_b27_w224_s75|MoCap_64core_b29_w240_s48|MoCap_64core_b30_w240_s60|MoCap_64core_b31_w240_s80|MoCap_64core_b33_w256_s50|MoCap_64core_b36_w256_s128|MoCap_64core_b37_w272_s54|MoCap_64core_b38_w272_s68|MoCap_64core_b45_w304_s61|MoCap_64core_b46_w304_s76|MoCap_64core_b47_w304_s101|MoCap_64core_b52_w320_s160|MoCap_64core_b57_w352_s70|MoCap_64core_b62_w384_s96
9,0,0.9191832350757375,0.909345886048107,8,13,0.3333333333333333,0.8176006542990049,669.3076923076923,13,0.0,0.40440016357475117,24,PID,uniform,MoCap_64core_b21_w208_s42|MoCap_64core_b23_w208_s69|MoCap_64core_b27_w224_s75|MoCap_64core_b29_w240_s48|MoCap_64core_b30_w240_s60|MoCap_64core_b31_w240_s80|MoCap_64core_b33_w256_s50|MoCap_64core_b36_w256_s128|MoCap_64core_b37_w272_s54|MoCap_64core_b38_w272_s68|MoCap_64core_b45_w304_s61|MoCap_64core_b46_w304_s76|MoCap_64core_b47_w304_s101|MoCap_64core_b52_w320_s160|MoCap_64core_b57_w352_s70|MoCap_64core_b62_w384_s96
