K,dominant_ratio,balance_entropy,mean_segment_length,segment_count,meta_min_len,coherence,selection_score
7,0.2857142857142857,0.8507031397165397,599.125,8,24,1.0,0.5341043563577064
8,0.25,0.8273384655522079,532.5555555555555,9,24,0.0,0.356834616388052
