K,dominant_ratio,balance_entropy,mean_segment_length,segment_count,meta_min_len,coherence,selection_score
11,0.5454545454545454,0.9627248338256523,767.0833333333334,12,24,1.0,0.7179539357291403
10,0.4,0.9627232646691659,767.0833333333334,12,24,1.0,0.6306808161672914
9,0.3333333333333333,0.962612353536244,767.0833333333334,12,24,1.0,0.5906530883840609
12,0.5833333333333334,0.9236612356422309,708.0769230769231,13,24,0.0,0.5809153089105578
8,0.25,0.9605714586123751,767.0833333333334,12,24,1.0,0.5401428646530938
