dataset,win_size,step,M,N,out_channels,nb_steps,kernel_size,win_type,cases,mean_ARI,mean_NMI,mean_AMI,mean_Covering,mean_CP_F1,std_ARI,std_NMI,std_AMI,std_Covering,std_CP_F1,mean_seconds
mocap,256,50,20,4,4,20,3,rect,90,0.7195475527233861,0.7363354612639365,0.7333758571784761,0.7650701983389285,0.40523938396202336,0.13408417961791516,0.10637348192920076,0.10807562283159695,0.08231057403319303,0.17732635620766676,12.732031162579855
