{
  "status": "ok",
  "dataset": "mocap",
  "e2usd_root": "D:\\code\\teacherT2S\\E2Usd-main",
  "win_sizes": [
    256
  ],
  "steps": [
    50
  ],
  "repeats": 10,
  "summary": {
    "grid_mean": {
      "ARI": 0.7195475527233861,
      "NMI": 0.7363354612639365,
      "AMI": 0.7333758571784759,
      "Covering": 0.7650701983389285,
      "CP_F1": 0.4052393839620233
    },
    "best_by_mean_ARI": {
      "win_size": 256,
      "step": 50,
      "ARI": 0.7195475527233861,
      "NMI": 0.7363354612639365,
      "AMI": 0.7333758571784761,
      "Covering": 0.7650701983389285,
      "CP_F1": 0.40523938396202336
    },
    "n_rows": 90
  }
}