K,dominant_threshold,dominant_count,dominant_ratio,balance_entropy,mean_segment_length,segment_count,coherence,selection_score
12,0.08333333333333333,4,0.3333333333333333,0.7845403061205091,98.0,41,1.0,0.5461350765301273
13,0.07692307692307693,4,0.3076923076923077,0.7796512586135507,95.66666666666667,42,0.6507936507936518,0.47714724688782006
14,0.07142857142857142,4,0.2857142857142857,0.7795562334186683,95.66666666666667,42,0.6507936507936518,0.4639366774022862
15,0.06666666666666667,5,0.3333333333333333,0.7652081457671561,91.31818181818181,44,0.0,0.391302036441789
19,0.05263157894736842,5,0.2631578947368421,0.7657742673672627,91.31818181818181,44,0.0,0.34933830368392094
16,0.0625,4,0.25,0.7655883204075081,91.31818181818181,44,0.0,0.341397080101877
17,0.058823529411764705,4,0.23529411764705882,0.7655883204075081,91.31818181818181,44,0.0,0.3325735506901123
18,0.05555555555555555,4,0.2222222222222222,0.7657742673672628,91.31818181818181,44,0.0,0.32477690017514904
