K,dominant_ratio,balance_entropy,mean_segment_length,segment_count,meta_min_len,coherence,selection_score
13,0.46153846153846156,0.8786692885064283,1537.5,32,24,1.0,0.6465903990496841
14,0.42857142857142855,0.8786692885064283,1537.5,32,24,1.0,0.6268101792694643
12,0.4166666666666667,0.8786692885064283,1537.5,32,24,1.0,0.6196673221266071
15,0.4,0.8786692885064283,1537.5,32,24,1.0,0.6096673221266071
16,0.5,0.9126110093630814,1447.0588235294117,34,24,0.0,0.5281527523407703
19,0.47368421052631576,0.9118504147041272,1447.0588235294117,34,24,0.0,0.5121731299918213
17,0.47058823529411764,0.9118504147041272,1447.0588235294117,34,24,0.0,0.5103155448525024
18,0.4444444444444444,0.9118504147041272,1447.0588235294117,34,24,0.0,0.49462927034269843
