K,dominant_ratio,balance_entropy,mean_segment_length,segment_count,meta_min_len,coherence,selection_score
18,0.5,0.881994464398352,1938.076923076923,26,24,1.0,0.670498616099588
16,0.5,0.881983311318402,1938.076923076923,26,24,1.0,0.6704958278296005
19,0.47368421052631576,0.881994464398352,1938.076923076923,26,24,1.0,0.6547091424153775
17,0.47058823529411764,0.881983311318402,1938.076923076923,26,24,1.0,0.6528487690060711
15,0.5333333333333333,0.8594098243155509,1866.2962962962963,27,24,0.0,0.5348524560788878
14,0.35714285714285715,0.791683594384516,1866.2962962962963,27,24,0.0,0.41220661288184324
