K,dominant_ratio,balance_entropy,mean_segment_length,segment_count,meta_min_len,coherence,selection_score
15,0.4666666666666667,0.8131106333919366,969.5384615384615,52,24,1.0,0.6332776583479841
16,0.5,0.8010582472634367,916.6545454545454,55,24,0.5909090909090907,0.5889009254522228
17,0.47058823529411764,0.8010582472634367,916.6545454545454,55,24,0.5909090909090907,0.5712538666286934
18,0.4444444444444444,0.7869802974241147,854.5084745762712,59,24,0.11016949152542369,0.4799371647515089
19,0.42105263157894735,0.7713607336683806,840.2666666666667,60,24,0.0,0.4454717623644635
