K,dominant_ratio,balance_entropy,mean_segment_length,segment_count,meta_min_len,coherence,selection_score
14,0.42857142857142855,0.8179049268907058,2187.695652173913,23,24,1.0,0.6116190888655336
15,0.4,0.8175803503107106,2187.695652173913,23,24,1.0,0.5943950875776777
16,0.375,0.8172105288796706,2187.695652173913,23,24,1.0,0.5793026322199176
19,0.47368421052631576,0.8643671505614076,1257.925,40,24,0.0,0.5003023139561413
18,0.4444444444444444,0.8472570765600147,1290.179487179487,39,24,0.03469079939668168,0.4836845557161726
17,0.4117647058823529,0.8472570765600147,1290.179487179487,39,24,0.03469079939668168,0.4640767125789177
