K,dominant_ratio,balance_entropy,mean_segment_length,segment_count,meta_min_len,coherence,selection_score
14,0.42857142857142855,0.791709985553006,1485.2424242424242,33,24,1.0,0.6050703535311086
15,0.4,0.791709985553006,1485.2424242424242,33,24,1.0,0.5879274963882515
16,0.4375,0.8102246275527765,1042.8297872340424,47,24,0.3240589198036005,0.5136649948587342
19,0.42105263157894735,0.8097526767190714,1042.8297872340424,47,24,0.3240589198036005,0.5036785860976762
17,0.4117647058823529,0.8102246275527765,1042.8297872340424,47,24,0.3240589198036005,0.4982238183881459
18,0.3888888888888889,0.8097526767190714,1042.8297872340424,47,24,0.3240589198036005,0.4843803404836412
20,0.35,0.7985040909009488,830.728813559322,59,24,0.0,0.4096260227252372
