K,dominant_ratio,balance_entropy,mean_segment_length,segment_count,meta_min_len,coherence,selection_score
20,0.5,0.9004311463316287,2048.4814814814813,27,24,1.0,0.6751077865829072
19,0.47368421052631576,0.9003575978583325,2048.4814814814813,27,24,1.0,0.6592999257803726
17,0.47058823529411764,0.9004246163809727,2048.4814814814813,27,24,1.0,0.6574590952717138
18,0.4444444444444444,0.9003575978583325,2048.4814814814813,27,24,1.0,0.6417560661312498
16,0.4375,0.8839526826920351,2048.4814814814813,27,24,1.0,0.6334881706730088
15,0.4,0.8517323106005762,2048.4814814814813,27,24,1.0,0.602933077650144
14,0.42857142857142855,0.8519386409773669,1975.3214285714287,28,24,0.6428571428571437,0.5665560888157704
13,0.46153846153846156,0.8639468965988091,1843.6333333333334,30,24,0.0,0.4929098010727792
