K,dominant_ratio,balance_entropy,mean_segment_length,segment_count,meta_min_len,coherence,selection_score
13,0.5384615384615384,0.8760064898940287,2330.3636363636365,22,24,1.0,0.6920785455504302
14,0.5,0.8758556451215395,2330.3636363636365,22,24,1.0,0.6689639112803849
15,0.4666666666666667,0.848899671899584,1971.8461538461538,26,24,0.6989966555183946,0.5970744163026551
16,0.5,0.8790749287467852,1464.8,35,24,0.2732919254658385,0.5607625210065721
17,0.47058823529411764,0.8790749287467852,1464.8,35,24,0.2732919254658385,0.5431154621830426
18,0.4444444444444444,0.8639311348612381,1250.439024390244,41,24,0.09331919406150595,0.49664732949120205
19,0.42105263157894735,0.8506696027683711,1139.2888888888888,45,24,0.0,0.46529897963946115
