K,dominant_ratio,balance_entropy,mean_segment_length,segment_count,meta_min_len,coherence,selection_score
15,0.4666666666666667,0.8617932039798764,3750.0666666666666,15,24,1.0,0.6454483009949691
19,0.5263157894736842,0.8835225067590676,2812.55,20,24,0.0,0.5366701003739774
16,0.4375,0.8699570485426315,3125.0555555555557,18,24,0.3333333333333333,0.5299892621356579
17,0.47058823529411764,0.8493521398772497,2812.55,20,24,0.0,0.494690976145783
18,0.4444444444444444,0.8493521398772497,2812.55,20,24,0.0,0.4790047016359791
