K,dominant_ratio,balance_entropy,mean_segment_length,segment_count,meta_min_len,coherence,selection_score
13,0.5384615384615384,0.8962887624820409,3490.733333333333,15,24,1.0,0.6971491136974333
15,0.6,0.918658372508506,2493.3809523809523,21,24,0.38461538461538464,0.6473569008194342
16,0.5625,0.9186178104678872,2493.3809523809523,21,24,0.38461538461538464,0.6248467603092794
14,0.5,0.8959726354515454,2618.05,20,24,0.46153846153846173,0.5932239280936555
17,0.5294117647058824,0.9002859568834717,2181.7083333333335,24,24,0.19230769230769246,0.5715647018905512
19,0.5263157894736842,0.890947574412295,1870.0357142857142,28,24,0.0,0.5385263672872842
18,0.5,0.890947574412295,1870.0357142857142,28,24,0.0,0.5227368936030737
