K,dominant_ratio,balance_entropy,mean_segment_length,segment_count,meta_min_len,coherence,selection_score
14,0.35714285714285715,0.7766765131940431,2324.086956521739,23,24,1.0,0.5584548425842251
15,0.3333333333333333,0.7766765131940431,2324.086956521739,23,24,1.0,0.5441691282985107
16,0.3125,0.7606006828794117,2138.16,25,24,0.3066666666666657,0.42365017071985284
17,0.29411764705882354,0.7606006828794117,2138.16,25,24,0.3066666666666657,0.41262075895514694
18,0.2777777777777778,0.7422582264376122,2055.923076923077,26,24,0.0,0.3522312232760697
19,0.2631578947368421,0.7265084377430233,2055.923076923077,26,24,0.0,0.3395218462778611
