K,dominant_ratio,balance_entropy,mean_segment_length,segment_count,meta_min_len,coherence,selection_score
14,0.35714285714285715,0.8175288184853043,1932.2857142857142,28,24,1.0,0.5686679189070404
15,0.3333333333333333,0.7929721083720082,1803.4666666666667,30,24,0.3111111111111115,0.44490969375966877
16,0.3125,0.7929721083720082,1803.4666666666667,30,24,0.3111111111111115,0.43240969375966876
17,0.29411764705882354,0.7929721083720082,1803.4666666666667,30,24,0.3111111111111115,0.4213802819949629
18,0.2777777777777778,0.7748888117184344,1745.2903225806451,31,24,0.0,0.36038886959627525
