K,dominant_ratio,balance_entropy,mean_segment_length,segment_count,meta_min_len,coherence,selection_score
15,0.4,0.7978147433333158,1931.357142857143,28,24,1.0,0.5894536858333289
16,0.375,0.7866765847397823,1590.5294117647059,34,24,0.27450980392156865,0.46284561677318087
17,0.35294117647058826,0.7866765847397823,1590.5294117647059,34,24,0.27450980392156865,0.44961032265553386
18,0.3333333333333333,0.8030482670235659,1502.1666666666667,36,24,0.08641975308642005,0.41372502971885444
19,0.3157894736842105,0.7926462392195487,1461.5675675675675,37,24,0.0,0.3876352440154135
