K,dominant_ratio,balance_entropy,mean_segment_length,segment_count,meta_min_len,coherence,selection_score
15,0.3333333333333333,0.8236897341906695,1575.7058823529412,34,24,1.0,0.5559224335476673
16,0.3125,0.7966460496113691,1575.7058823529412,34,24,1.0,0.5366615124028423
17,0.29411764705882354,0.7966823977605888,1575.7058823529412,34,24,1.0,0.5256411876754413
18,0.2777777777777778,0.7975101294766905,1488.1666666666667,36,24,0.31481481481481477,0.4132664212580615
19,0.3157894736842105,0.8334908692209196,1447.945945945946,37,24,0.0,0.39784640151575623
20,0.3,0.8334908692209196,1447.945945945946,37,24,0.0,0.38837271730522993
