K,dominant_ratio,balance_entropy,mean_segment_length,segment_count,meta_min_len,coherence,selection_score
14,0.35714285714285715,0.8095704408697765,1686.78125,32,24,1.0,0.5666783245031584
15,0.3333333333333333,0.8095704408697765,1686.78125,32,24,1.0,0.5523926102174441
18,0.3333333333333333,0.7814822862892586,1686.78125,32,24,1.0,0.5453705715723146
16,0.3125,0.8095704408697765,1686.78125,32,24,1.0,0.5398926102174442
17,0.29411764705882354,0.8095704408697765,1686.78125,32,24,1.0,0.5288631984527382
19,0.3684210526315789,0.8226459706533257,1587.5588235294117,34,24,0.0,0.4267141242422788
