K,dominant_ratio,balance_entropy,mean_segment_length,segment_count,meta_min_len,coherence,selection_score
14,0.2857142857142857,0.8104173894655508,1995.36,25,24,1.0,0.5240329187949591
15,0.26666666666666666,0.8104173894655508,1995.36,25,24,1.0,0.5126043473663877
16,0.25,0.8104173894655508,1995.36,25,24,1.0,0.5026043473663877
17,0.35294117647058826,0.8418289675253948,1312.7368421052631,38,24,0.0,0.42222194776370164
18,0.3333333333333333,0.8419414550367772,1312.7368421052631,38,24,0.0,0.4104853637591943
19,0.3157894736842105,0.8419414550367772,1312.7368421052631,38,24,0.0,0.3999590479697206
