K,dominant_ratio,balance_entropy,mean_segment_length,segment_count,meta_min_len,coherence,selection_score
13,0.5384615384615384,0.8569024682760911,2207.7391304347825,23,24,1.0,0.6873025401459458
14,0.5,0.8569024682760911,2207.7391304347825,23,24,1.0,0.6642256170690227
15,0.4666666666666667,0.8569024682760911,2207.7391304347825,23,24,1.0,0.6442256170690227
16,0.4375,0.8329939080607294,2207.7391304347825,23,24,1.0,0.6207484770151823
12,0.4166666666666667,0.8665675188710207,2207.7391304347825,23,24,1.0,0.6166418797177552
17,0.4117647058823529,0.8329939080607294,2207.7391304347825,23,24,1.0,0.6053073005445941
18,0.3888888888888889,0.8329939080607294,2207.7391304347825,23,24,1.0,0.5915818103485156
20,0.4,0.813567447389445,1953.0,26,24,0.0,0.44339186184736123
19,0.3684210526315789,0.813567447389445,1953.0,26,24,0.0,0.42444449342630863
