K,dominant_ratio,balance_entropy,mean_segment_length,segment_count,meta_min_len,coherence,selection_score
12,0.4166666666666667,0.8823681690645216,2908.0,18,24,1.0,0.6205920422661304
13,0.38461538461538464,0.8632509563078107,2181.0,24,24,0.5,0.5215819698461834
14,0.35714285714285715,0.8405253203129189,2013.2307692307693,26,24,0.38461538461538464,0.4821093520562517
15,0.3333333333333333,0.8330275220816437,1869.4285714285713,28,24,0.28571428571428564,0.4511140233775537
16,0.3125,0.8330275220816437,1869.4285714285713,28,24,0.28571428571428564,0.43861402337755373
17,0.35294117647058826,0.8504646904937689,1495.5428571428572,35,24,0.028571428571428612,0.4286665927915095
19,0.3684210526315789,0.8295300128269686,1454.0,36,24,0.0,0.4284351347856895
18,0.3333333333333333,0.8295300128269686,1454.0,36,24,0.0,0.40738250320674213
