K,dominant_ratio,balance_entropy,mean_segment_length,segment_count,meta_min_len,coherence,selection_score
15,0.3333333333333333,0.7991964752601664,2376.5454545454545,22,24,1.0,0.5497991188150416
16,0.3125,0.7786605892064847,2376.5454545454545,22,24,1.0,0.5321651473016212
17,0.47058823529411764,0.8187905200389498,1742.8,30,24,0.08148148148148152,0.4992727934084303
18,0.4444444444444444,0.8187905200389498,1742.8,30,24,0.08148148148148152,0.48358651889862636
19,0.42105263157894735,0.8017907710251089,1686.5806451612902,31,24,0.0,0.4530792717036456
