K,dominant_ratio,balance_entropy,mean_segment_length,segment_count,meta_min_len,coherence,selection_score
13,0.38461538461538464,0.8822539051788997,2130.0416666666665,24,24,1.0,0.6013327070639557
14,0.42857142857142855,0.85151932637795,1966.1923076923076,26,24,0.46153846153846156,0.5392534579681139
15,0.4,0.8287121110477508,1893.3703703703704,27,24,0.22222222222222254,0.4805113610952711
16,0.375,0.8287121110477508,1893.3703703703704,27,24,0.22222222222222254,0.4655113610952711
17,0.29411764705882354,0.8240045146744043,1825.75,28,24,0.0,0.3824717169038952
18,0.2777777777777778,0.8190381366223631,1825.75,28,24,0.0,0.3714262008222574
