K,dominant_ratio,balance_entropy,mean_segment_length,segment_count,meta_min_len,coherence,selection_score
11,0.36363636363636365,0.800579904833796,2274.7368421052633,19,24,1.0,0.5683267943902672
12,0.5,0.8002051170764402,2058.095238095238,21,24,0.45238095238095205,0.5679084221262529
13,0.46153846153846156,0.8002051170764402,2058.095238095238,21,24,0.45238095238095205,0.5448314990493298
10,0.3,0.800579904833796,2274.7368421052633,19,24,1.0,0.530144976208449
14,0.5,0.8006145964481078,1879.1304347826087,23,24,0.0,0.500153649112027
16,0.4375,0.8178652800496902,1964.5454545454545,22,24,0.2159090909090906,0.49935268364878616
17,0.4117647058823529,0.7854090469612721,1964.5454545454545,22,24,0.2159090909090906,0.4757974489060934
15,0.4666666666666667,0.7824268813429494,1879.1304347826087,23,24,0.0,0.4756067203357373
