K,dominant_ratio,balance_entropy,mean_segment_length,segment_count,meta_min_len,coherence,selection_score
14,0.35714285714285715,0.7721757862543137,1739.3478260869565,23,24,1.0,0.5573296608492927
16,0.3125,0.7599198725613319,1666.875,24,24,0.8385416666666667,0.503261218140333
17,0.35294117647058826,0.7447727001968079,1600.2,25,24,0.6900000000000002,0.501457880931555
15,0.3333333333333333,0.758263508270754,1538.6538461538462,26,24,0.5528846153846154,0.47249856937538076
18,0.3888888888888889,0.8170716504836287,1290.483870967742,31,24,0.0,0.43760124595424055
19,0.3684210526315789,0.8175373407742094,1290.483870967742,31,24,0.0,0.4254369667724997
20,0.35,0.8178958977010522,1290.483870967742,31,24,0.0,0.414473974425263
