K,dominant_ratio,balance_entropy,mean_segment_length,segment_count,meta_min_len,coherence,selection_score
13,0.38461538461538464,0.8095068428411731,2091.5714285714284,21,24,0.6349206349206343,0.5283840367176192
10,0.2,0.8394112333004737,2196.15,20,24,1.0,0.47985280832511845
14,0.42857142857142855,0.7839383469125953,1909.695652173913,23,24,0.0,0.45312744387100595
12,0.25,0.8095068428411731,2091.5714285714284,21,24,0.6349206349206343,0.44761480594838843
17,0.4117647058823529,0.7841506488089371,1909.695652173913,23,24,0.0,0.44309648573164606
15,0.4,0.7841506488089371,1909.695652173913,23,24,0.0,0.4360376622022343
16,0.375,0.7841506488089371,1909.695652173913,23,24,0.0,0.42103766220223426
11,0.18181818181818182,0.8095068428411731,2091.5714285714284,21,24,0.6349206349206343,0.40670571503929753
