K,dominant_ratio,balance_entropy,mean_segment_length,segment_count,meta_min_len,coherence,selection_score
11,0.36363636363636365,0.811100170090607,1829.2272727272727,22,24,1.0,0.5709568607044699
15,0.4,0.7963357043358894,1609.72,25,24,0.44000000000000006,0.5050839260839723
13,0.38461538461538464,0.7963357043358894,1609.72,25,24,0.44000000000000006,0.49585315685320314
14,0.35714285714285715,0.7963357043358894,1609.72,25,24,0.44000000000000006,0.4793696403696866
12,0.3333333333333333,0.7963240272101991,1609.72,25,24,0.44000000000000006,0.46508100680254977
16,0.375,0.7855186770896364,1437.25,28,24,0.0,0.4213796692724091
17,0.35294117647058826,0.7855186770896364,1437.25,28,24,0.0,0.40814437515476204
