K,dominant_ratio,balance_entropy,mean_segment_length,segment_count,meta_min_len,coherence,selection_score
10,0.3,0.7385572591629962,4737.666666666667,9,24,1.0,0.5146393147907491
11,0.2727272727272727,0.7176396739272538,4263.9,10,24,0.8099999999999997,0.464546282118177
12,0.3333333333333333,0.7281997951937809,2508.176470588235,17,24,0.1058823529411764,0.3979323017396217
13,0.3076923076923077,0.7281997951937809,2508.176470588235,17,24,0.1058823529411764,0.3825476863550063
15,0.26666666666666666,0.7364197924946457,2244.157894736842,19,24,0.0,0.34410494812366144
16,0.25,0.7364197924946457,2244.157894736842,19,24,0.0,0.3341049481236614
17,0.23529411764705882,0.7364197924946457,2244.157894736842,19,24,0.0,0.32528141871189675
14,0.21428571428571427,0.7364197924946457,2244.157894736842,19,24,0.0,0.31267637669508996
