K,dominant_ratio,balance_entropy,mean_segment_length,segment_count,meta_min_len,coherence,selection_score
10,0.5,0.8650832693319782,1915.6666666666667,18,24,1.0,0.6662708173329945
11,0.45454545454545453,0.8571198117960611,1642.0,21,24,0.6593406593406593,0.5859083245773868
12,0.4166666666666667,0.8571198117960611,1642.0,21,24,0.6593406593406593,0.5631810518501141
13,0.38461538461538464,0.833352416364686,1567.3636363636363,22,24,0.5664335664335662,0.5240723698254373
14,0.35714285714285715,0.809869960085503,1567.3636363636363,22,24,0.5664335664335662,0.501718239272125
16,0.375,0.8537428286022126,1112.3225806451612,31,24,0.0,0.43843570715055313
15,0.3333333333333333,0.7931331138770932,1326.2307692307693,26,24,0.2662721893491125,0.43822410687164015
