K,dominant_ratio,balance_entropy,mean_segment_length,segment_count,meta_min_len,coherence,selection_score
11,0.45454545454545453,0.8603388479070472,1901.0,21,24,1.0,0.6378119847040346
12,0.4166666666666667,0.8293646215979057,1735.695652173913,23,24,0.8115942028985507,0.579080285834259
15,0.4,0.8022500743866466,1735.695652173913,23,24,0.8115942028985507,0.5623016490314442
13,0.38461538461538464,0.8023595452091802,1735.695652173913,23,24,0.8115942028985507,0.5530982475063084
16,0.375,0.8022500743866466,1735.695652173913,23,24,0.8115942028985507,0.5473016490314442
14,0.35714285714285715,0.8023595452091802,1735.695652173913,23,24,0.8115942028985507,0.5366147310227919
17,0.35294117647058826,0.8193644635651521,1023.6153846153846,39,24,0.0,0.41660582177364097
