K,dominant_ratio,balance_entropy,mean_segment_length,segment_count,meta_min_len,coherence,selection_score
11,0.5454545454545454,0.8713048576821268,1445.5862068965516,29,24,1.0,0.6950989416932589
12,0.5,0.8713048576821268,1445.5862068965516,29,24,1.0,0.6678262144205317
13,0.46153846153846156,0.8704491809314885,1445.5862068965516,29,24,1.0,0.644535372155949
14,0.5,0.9069030868338124,1352.3225806451612,31,24,0.7016129032258064,0.631967707192324
15,0.4666666666666667,0.8847937381311336,1310.0625,32,24,0.5664062500000001,0.5861593720327833
16,0.4375,0.8847937381311336,1310.0625,32,24,0.5664062500000001,0.5686593720327834
18,0.4444444444444444,0.8843476538283793,1133.027027027027,37,24,0.0,0.48775358012376147
17,0.4117647058823529,0.8732480321390197,1133.027027027027,37,24,0.0,0.4653708315641667
