K,dominant_ratio,balance_entropy,mean_segment_length,segment_count,meta_min_len,coherence,selection_score
10,0.5,0.8736237598103431,3178.230769230769,13,24,0.7384615384615382,0.6291751707218165
9,0.4444444444444444,0.8181766990487266,3443.0833333333335,12,24,1.0,0.6212108414288483
11,0.45454545454545453,0.8736237598103431,3178.230769230769,13,24,0.7384615384615382,0.6019024434490892
12,0.4166666666666667,0.8478625372156333,2754.4666666666667,15,24,0.31999999999999995,0.5099656343039084
13,0.38461538461538464,0.8478625372156333,2754.4666666666667,15,24,0.31999999999999995,0.49073486507313907
15,0.4,0.8922621352252812,2430.4117647058824,17,24,0.0,0.4630655338063203
16,0.375,0.8922621352252812,2430.4117647058824,17,24,0.0,0.4480655338063203
14,0.35714285714285715,0.8712048134702711,2430.4117647058824,17,24,0.0,0.43208691765328205
