K,dominant_ratio,balance_entropy,mean_segment_length,segment_count,meta_min_len,coherence,selection_score
11,0.5454545454545454,0.891086959618775,2096.222222222222,18,24,1.0,0.700044467177421
12,0.5,0.8911203250624025,2096.222222222222,18,24,1.0,0.6727800812656006
13,0.46153846153846156,0.8911203250624025,2096.222222222222,18,24,1.0,0.6497031581886775
14,0.42857142857142855,0.8910898006217322,2096.222222222222,18,24,1.0,0.6299153072982902
16,0.375,0.8830966450909964,2096.222222222222,18,24,1.0,0.5957741612727491
15,0.4,0.8702380367477524,1886.6,20,24,0.5999999999999999,0.5475595091869381
18,0.4444444444444444,0.9210610885288648,1715.090909090909,22,24,0.2727272727272725,0.5378410297079738
17,0.47058823529411764,0.9207187949238879,1572.1666666666667,24,24,0.0,0.5125326399074426
