K,dominant_ratio,balance_entropy,mean_segment_length,segment_count,meta_min_len,coherence,selection_score
10,0.5,0.8658112607457442,1799.9473684210527,19,24,1.0,0.6664528151864361
11,0.45454545454545453,0.8847587860796818,1005.8529411764706,34,24,0.03492647058823527,0.4991559398354285
12,0.4166666666666667,0.8847587860796818,1005.8529411764706,34,24,0.03492647058823527,0.4764286671081558
13,0.38461538461538464,0.8607477460079119,977.1142857142858,35,24,0.0,0.4459561672712088
14,0.35714285714285715,0.8591686258622886,977.1142857142858,35,24,0.0,0.42907787075128645
15,0.3333333333333333,0.8591686258622886,977.1142857142858,35,24,0.0,0.4147921564655721
16,0.3125,0.8592092581986598,977.1142857142858,35,24,0.0,0.4023023145496649
