K,dominant_ratio,balance_entropy,mean_segment_length,segment_count,meta_min_len,coherence,selection_score
11,0.45454545454545453,0.8486726959351564,2052.0588235294117,17,24,1.0,0.6348954467110618
12,0.4166666666666667,0.8486726959351564,2052.0588235294117,17,24,1.0,0.6121681739837891
14,0.42857142857142855,0.8843026000003147,1836.0526315789473,19,24,0.7828947368421052,0.5956527176692515
13,0.38461538461538464,0.8486726959351564,2052.0588235294117,17,24,1.0,0.5929374047530199
17,0.47058823529411764,0.8957623249568442,1057.121212121212,33,24,0.0,0.5062935224156816
15,0.4666666666666667,0.8957623249568442,1057.121212121212,33,24,0.0,0.503940581239211
16,0.4375,0.8957623249568442,1057.121212121212,33,24,0.0,0.4864405812392111
