K,dominant_ratio,balance_entropy,mean_segment_length,segment_count,meta_min_len,coherence,selection_score
10,0.4,0.8217078954092928,1501.1666666666667,24,24,1.0,0.5954269738523232
13,0.38461538461538464,0.8526719579519527,1200.9333333333334,30,24,0.20000000000000012,0.47393722025721896
11,0.36363636363636365,0.814691970464199,1242.344827586207,29,24,0.310344827586207,0.468406534935799
12,0.3333333333333333,0.8147641103072989,1286.7142857142858,28,24,0.42857142857142866,0.467976741862539
14,0.35714285714285715,0.8448534409434073,1162.1935483870968,31,24,0.09677419354838722,0.4400152035538242
15,0.3333333333333333,0.8283442234965597,1125.875,32,24,0.0,0.40708605587413993
16,0.3125,0.8283442234965597,1125.875,32,24,0.0,0.3945860558741399
