K,dominant_ratio,balance_entropy,mean_segment_length,segment_count,meta_min_len,coherence,selection_score
14,0.35714285714285715,0.8058902984108953,1764.7222222222222,18,24,0.8717948717948718,0.5465275196576689
12,0.3333333333333333,0.7656058474019874,1868.5294117647059,17,24,1.0,0.5414014618504969
15,0.3333333333333333,0.8058519086429837,1764.7222222222222,18,24,0.8717948717948718,0.5322322079299767
16,0.375,0.8359871369974414,1588.25,20,24,0.6538461538461539,0.5320737073262835
13,0.3076923076923077,0.7656058474019874,1868.5294117647059,17,24,1.0,0.5260168464658815
17,0.4117647058823529,0.8780643425486621,1058.8333333333333,30,24,0.0,0.4665749091665773
