K,dominant_ratio,balance_entropy,mean_segment_length,segment_count,meta_min_len,coherence,selection_score
9,0.4444444444444444,0.8193374022519321,2073.5882352941176,17,24,1.0,0.6215010172296497
10,0.4,0.8070175738416652,1958.388888888889,18,24,0.8585858585858587,0.5705422722482951
11,0.45454545454545453,0.8501033785253358,1305.5925925925926,27,24,0.057239057239057194,0.49383897594446524
12,0.4166666666666667,0.8241274975985882,1258.9642857142858,28,24,0.0,0.45603187439964704
13,0.38461538461538464,0.8241274975985882,1258.9642857142858,28,24,0.0,0.4368011051688778
14,0.35714285714285715,0.8003456408628647,1258.9642857142858,28,24,0.0,0.41437212450143046
15,0.3333333333333333,0.8007522903708411,1258.9642857142858,28,24,0.0,0.4001880725927103
16,0.3125,0.8013957664538711,1258.9642857142858,28,24,0.0,0.3878489416134678
17,0.29411764705882354,0.801384187535565,1258.9642857142858,28,24,0.0,0.3768166351191854
