K,dominant_ratio,balance_entropy,mean_segment_length,segment_count,meta_min_len,coherence,selection_score
10,0.5,0.8538584837917141,2333.0,12,24,1.0,0.6634646209479286
11,0.45454545454545453,0.8538584837917141,2333.0,12,24,1.0,0.6361918936752012
12,0.4166666666666667,0.8538584837917141,2333.0,12,24,1.0,0.6134646209479285
13,0.38461538461538464,0.8538584837917141,2333.0,12,24,1.0,0.5942338517171594
14,0.35714285714285715,0.8538584837917141,2333.0,12,24,1.0,0.5777503352336428
15,0.4,0.8893550245163899,1999.7142857142858,14,24,0.0,0.4623387561290975
