K,dominant_ratio,balance_entropy,mean_segment_length,segment_count,meta_min_len,coherence,selection_score
11,0.45454545454545453,0.8281172792756369,2012.076923076923,13,24,1.0,0.629756592546182
12,0.4166666666666667,0.8058590681514389,1868.357142857143,14,24,0.8125,0.5733397670378597
17,0.47058823529411764,0.8922277531077712,1307.85,20,24,0.08124999999999977,0.5175973794534134
13,0.38461538461538464,0.8048139060799894,1634.8125,16,24,0.5078124999999999,0.5081445822892281
16,0.4375,0.8713467962903596,1376.6842105263158,19,24,0.17105263157894732,0.505994593809432
14,0.42857142857142855,0.8712478431990998,1376.6842105263158,19,24,0.17105263157894732,0.5006127126794742
18,0.4444444444444444,0.8851367320482533,1245.5714285714287,21,24,0.0,0.48795084967873
15,0.4,0.8713467962903596,1376.6842105263158,19,24,0.17105263157894732,0.483494593809432
