K,dominant_ratio,balance_entropy,mean_segment_length,segment_count,meta_min_len,coherence,selection_score
11,0.45454545454545453,0.932930959483444,1790.2,15,24,1.0,0.6559600125981337
14,0.5,0.9040366989914939,1579.5882352941176,17,24,0.0,0.5260091747478735
12,0.5,0.9039837753698532,1579.5882352941176,17,24,0.0,0.5259959438424633
15,0.4666666666666667,0.9040366989914939,1579.5882352941176,17,24,0.0,0.5060091747478734
13,0.46153846153846156,0.9040366989914939,1579.5882352941176,17,24,0.0,0.5029322516709505
