K,dominant_ratio,balance_entropy,mean_segment_length,segment_count,meta_min_len,coherence,selection_score
10,0.4,0.8520328094692692,1889.9333333333334,15,24,1.0,0.6030082023673173
11,0.36363636363636365,0.8149017028770141,1889.9333333333334,15,24,1.0,0.5719072439010717
15,0.3333333333333333,0.8149178600756288,1889.9333333333334,15,24,1.0,0.5537294650189072
12,0.3333333333333333,0.8149017028770141,1889.9333333333334,15,24,1.0,0.5537254257192535
13,0.3076923076923077,0.8150842100187109,1889.9333333333334,15,24,1.0,0.5383864371200624
14,0.2857142857142857,0.8149178600756288,1889.9333333333334,15,24,1.0,0.5251580364474786
17,0.47058823529411764,0.9066091877012311,1667.5882352941176,17,24,0.0,0.5090052381017783
18,0.4444444444444444,0.9064448278091121,1667.5882352941176,17,24,0.0,0.4932778736189447
16,0.4375,0.8663990837374558,1667.5882352941176,17,24,0.0,0.47909977093436396
