K,dominant_ratio,balance_entropy,mean_segment_length,segment_count,meta_min_len,coherence,selection_score
10,0.4,0.8658235765304214,1783.0,15,24,1.0,0.6064558941326054
11,0.36363636363636365,0.8658235765304214,1783.0,15,24,1.0,0.5846377123144235
12,0.4166666666666667,0.8932561060589502,1407.6315789473683,19,24,0.394736842105263,0.532524552830527
15,0.4,0.8748446314147237,1162.8260869565217,23,24,0.0,0.4587111578536809
13,0.38461538461538464,0.8749726052506607,1162.8260869565217,23,24,0.0,0.4495123820818959
14,0.35714285714285715,0.8748446314147237,1162.8260869565217,23,24,0.0,0.4329968721393952
