K,dominant_ratio,balance_entropy,mean_segment_length,segment_count,meta_min_len,coherence,selection_score
11,0.36363636363636365,0.8382541881254766,2323.769230769231,13,24,1.0,0.5777453652131873
12,0.3333333333333333,0.8111360313798831,2157.785714285714,14,24,0.7428571428571425,0.5142125792735421
17,0.47058823529411764,0.8651833882338102,1678.2777777777778,18,24,0.0,0.49864878823492315
14,0.42857142857142855,0.8129520120537966,1678.2777777777778,18,24,0.0,0.4603808601563063
13,0.3076923076923077,0.7877182757323401,2013.9333333333334,15,24,0.5199999999999999,0.4595449535484696
15,0.4,0.8129520120537966,1678.2777777777778,18,24,0.0,0.4432380030134492
16,0.375,0.8123232410163803,1678.2777777777778,18,24,0.0,0.42808081025409506
