K,dominant_ratio,balance_entropy,mean_segment_length,segment_count,meta_min_len,coherence,selection_score
9,0.4444444444444444,0.8206158343536386,3220.1,10,24,1.0,0.6218206252550763
10,0.4,0.8206158343536386,3220.1,10,24,1.0,0.5951539585884097
11,0.36363636363636365,0.8206158343536386,3220.1,10,24,1.0,0.5733357767702278
12,0.3333333333333333,0.8318830323353338,2927.3636363636365,11,24,0.6060606060606063,0.49887984899292437
13,0.3076923076923077,0.8318830323353338,2927.3636363636365,11,24,0.6060606060606063,0.48349523360830904
14,0.2857142857142857,0.8318830323353338,2927.3636363636365,11,24,0.6060606060606063,0.4703084204214958
15,0.26666666666666666,0.8126319484641338,2477.0,13,24,0.0,0.3631579871160334
16,0.25,0.8126319484641338,2477.0,13,24,0.0,0.3531579871160334
17,0.23529411764705882,0.8126319484641338,2477.0,13,24,0.0,0.34433445770426874
