K,dominant_ratio,balance_entropy,mean_segment_length,segment_count,meta_min_len,coherence,selection_score
12,0.5,0.8650500595075223,1890.6470588235295,17,24,1.0,0.6662625148768806
13,0.46153846153846156,0.8650500595075223,1890.6470588235295,17,24,1.0,0.6431855917999575
14,0.42857142857142855,0.865038722018408,1890.6470588235295,17,24,1.0,0.6234025376474591
15,0.4,0.8368197565686637,1691.6315789473683,19,24,0.0,0.4492049391421659
16,0.375,0.8368197565686637,1691.6315789473683,19,24,0.0,0.4342049391421659
17,0.35294117647058826,0.8368197565686637,1691.6315789473683,19,24,0.0,0.42096964502451883
