K,dominant_ratio,balance_entropy,mean_segment_length,segment_count,meta_min_len,coherence,selection_score
11,0.36363636363636365,0.8222667271266724,2324.5,14,24,1.0,0.5737484999634863
12,0.3333333333333333,0.8222667271266724,2324.5,14,24,1.0,0.5555666817816681
13,0.3076923076923077,0.8093753362849707,2169.5333333333333,15,24,0.0,0.3869592186866273
14,0.2857142857142857,0.8093753362849707,2169.5333333333333,15,24,0.0,0.37377240549981405
15,0.26666666666666666,0.8093753362849707,2169.5333333333333,15,24,0.0,0.3623438340712427
16,0.25,0.8094363860083907,2169.5333333333333,15,24,0.0,0.3523590965020977
