K,dominant_ratio,balance_entropy,mean_segment_length,segment_count,meta_min_len,coherence,selection_score
11,0.36363636363636365,0.8216942372083821,2276.6428571428573,14,24,1.0,0.5736053774839137
12,0.3333333333333333,0.8216942372083821,2276.6428571428573,14,24,1.0,0.5554235593020955
13,0.46153846153846156,0.849339562012339,1517.7619047619048,21,24,0.0,0.4892579674261617
14,0.42857142857142855,0.849339562012339,1517.7619047619048,21,24,0.0,0.46947774764594186
15,0.4,0.849339562012339,1517.7619047619048,21,24,0.0,0.45233489050308473
