K,dominant_ratio,balance_entropy,mean_segment_length,segment_count,meta_min_len,coherence,selection_score
11,0.36363636363636365,0.8522086884878242,1744.0,16,24,1.0,0.5812339903037742
14,0.35714285714285715,0.8388561438474889,1328.7619047619048,21,24,0.3386243386243386,0.4747934010412373
12,0.3333333333333333,0.838842112159547,1328.7619047619048,21,24,0.3386243386243386,0.4605041788335375
13,0.3076923076923077,0.838842112159547,1328.7619047619048,21,24,0.3386243386243386,0.4451195634489222
15,0.3333333333333333,0.8249980985943474,1213.2173913043478,23,24,0.1545893719806761,0.42943793044568823
16,0.3125,0.8058247040512977,1116.16,25,24,0.0,0.3889561760128244
17,0.29411764705882354,0.8058247040512977,1116.16,25,24,0.0,0.37792676424811855
