K,dominant_ratio,balance_entropy,mean_segment_length,segment_count,meta_min_len,coherence,selection_score
10,0.4,0.8296404739766835,2926.9,10,24,1.0,0.5974101184941709
11,0.36363636363636365,0.8296404739766835,2926.9,10,24,1.0,0.5755919366759891
12,0.3333333333333333,0.8320638314417556,2090.6428571428573,14,24,0.5357142857142858,0.4883731007175817
15,0.3333333333333333,0.8616021257233304,1219.5416666666667,24,24,0.05208333333333334,0.42321303143083255
17,0.35294117647058826,0.8420241590922951,1125.7307692307693,26,24,0.0,0.4222707456554267
13,0.23076923076923078,0.8362034766215074,1951.2666666666667,15,24,0.45833333333333326,0.4162624076169153
14,0.2857142857142857,0.8825580000112402,1393.7619047619048,21,24,0.1488095238095238,0.41438950000281
18,0.3333333333333333,0.8420241590922951,1125.7307692307693,26,24,0.0,0.41050603977307376
16,0.3125,0.8420241590922951,1125.7307692307693,26,24,0.0,0.3980060397730738
