K,dominant_ratio,balance_entropy,mean_segment_length,segment_count,meta_min_len,coherence,selection_score
11,0.36363636363636365,0.8195424450243604,1559.888888888889,18,24,1.0,0.5730674294379082
12,0.3333333333333333,0.8098706104399591,1403.9,20,24,0.5400000000000001,0.48346765260998975
13,0.3076923076923077,0.8099852574568185,1403.9,20,24,0.5400000000000001,0.46811169897958926
14,0.35714285714285715,0.7997953291305381,1220.7826086956522,23,24,0.0,0.4142345465683488
15,0.3333333333333333,0.7997953291305381,1220.7826086956522,23,24,0.0,0.3999488322826345
