K,dominant_ratio,balance_entropy,mean_segment_length,segment_count,meta_min_len,coherence,selection_score
9,0.3333333333333333,0.7318897389041136,2319.4166666666665,12,24,1.0,0.5329724347260284
10,0.3,0.770642193512528,2141.0,13,24,0.46153846153846156,0.4418913176089012
11,0.2727272727272727,0.7704859779554765,2141.0,13,24,0.46153846153846156,0.4254886273560019
14,0.35714285714285715,0.8413937438755943,1988.0714285714287,14,24,0.0,0.4246341502546128
12,0.3333333333333333,0.8413937438755943,1988.0714285714287,14,24,0.0,0.4103484359688986
15,0.3333333333333333,0.8221014956068871,1988.0714285714287,14,24,0.0,0.4055253739017217
13,0.3076923076923077,0.8413937438755943,1988.0714285714287,14,24,0.0,0.3949638205842832
16,0.3125,0.8221014956068871,1988.0714285714287,14,24,0.0,0.39302537390172176
17,0.29411764705882354,0.8221014956068871,1988.0714285714287,14,24,0.0,0.3819959621370159
