K,dominant_ratio,balance_entropy,mean_segment_length,segment_count,meta_min_len,coherence,selection_score
11,0.36363636363636365,0.8286525415204209,1410.3157894736842,19,24,1.0,0.5753449535619234
12,0.3333333333333333,0.808546866803044,1276.0,21,24,0.4523809523809526,0.4699938595579039
13,0.3076923076923077,0.808546866803044,1276.0,21,24,0.4523809523809526,0.4546092441732885
14,0.35714285714285715,0.7971109184267003,1218.0,22,24,0.21590909090909113,0.445949807528753
15,0.3333333333333333,0.7784196080668387,1165.0434782608695,23,24,0.0,0.39460490201670967
16,0.3125,0.7702331853872644,1165.0434782608695,23,24,0.0,0.3800582963468161
