K,dominant_ratio,balance_entropy,mean_segment_length,segment_count,meta_min_len,coherence,selection_score
9,0.5555555555555556,0.8916969920152235,2448.3846153846152,13,24,1.0,0.7062575813371392
11,0.5454545454545454,0.8507394049870054,2273.5,14,24,0.6190476190476193,0.6328147213766214
10,0.6,0.8601784018741112,2121.9333333333334,15,24,0.2888888888888891,0.6183779338018611
12,0.5,0.8391357167949681,1989.3125,16,24,0.0,0.509783929198742
13,0.46153846153846156,0.8391357167949681,1989.3125,16,24,0.0,0.48670700612181894
14,0.42857142857142855,0.8391668758455992,1989.3125,16,24,0.0,0.4669345761042569
15,0.4,0.8391668758455992,1989.3125,16,24,0.0,0.4497917189613998
16,0.375,0.8391668758455992,1989.3125,16,24,0.0,0.4347917189613998
