K,dominant_ratio,balance_entropy,mean_segment_length,segment_count,meta_min_len,coherence,selection_score
13,0.38461538461538464,0.7969586227736929,1519.578947368421,19,24,1.0,0.580008886462654
14,0.35714285714285715,0.7969586227736929,1519.578947368421,19,24,1.0,0.5635253699791375
12,0.3333333333333333,0.8215439225629548,1519.578947368421,19,24,1.0,0.5553859806407387
15,0.4,0.7780924054050181,1443.6,20,24,0.7599999999999998,0.5485231013512545
16,0.375,0.7687397843243153,1203.0,24,24,0.0,0.4171849460810788
17,0.35294117647058826,0.7687397843243153,1203.0,24,24,0.0,0.4039496519634318
