K,dominant_ratio,balance_entropy,mean_segment_length,segment_count,meta_min_len,coherence,selection_score
9,0.5555555555555556,0.914815816098437,1890.5294117647059,17,24,1.0,0.7120372873579426
11,0.5454545454545454,0.8670182231787188,1785.5,18,24,0.4722222222222221,0.6148606164007402
12,0.5,0.8670182231787188,1785.5,18,24,0.4722222222222221,0.587587889128013
10,0.6,0.8906628204346839,1691.5263157894738,19,24,0.0,0.582665705108671
13,0.46153846153846156,0.8670182231787188,1785.5,18,24,0.4722222222222221,0.56451096605109
14,0.42857142857142855,0.8670182231787188,1785.5,18,24,0.4722222222222221,0.5447307462708701
15,0.4,0.8670182231787188,1785.5,18,24,0.4722222222222221,0.527587889128013
16,0.375,0.8670182231787188,1785.5,18,24,0.4722222222222221,0.512587889128013
