K,dominant_ratio,balance_entropy,mean_segment_length,segment_count,meta_min_len,coherence,selection_score
12,0.5,0.8752083866481513,1771.3333333333333,18,24,1.0,0.6688020966620378
13,0.46153846153846156,0.874481143562408,1771.3333333333333,18,24,1.0,0.645543362813679
14,0.42857142857142855,0.8641025555349487,1138.7142857142858,28,24,0.1836734693877552,0.5007195164347575
15,0.4,0.8593257727488811,996.375,32,24,0.0,0.45483144318722024
16,0.375,0.8426091564550412,996.375,32,24,0.0,0.4356522891137603
17,0.35294117647058826,0.8428015042727789,996.375,32,24,0.0,0.42246508195054766
