K,dominant_ratio,balance_entropy,mean_segment_length,segment_count,meta_min_len,coherence,selection_score
9,0.5555555555555556,0.8605110961221203,2432.3571428571427,14,24,1.0,0.6984611073638635
11,0.5454545454545454,0.8674686100671415,2270.2,15,24,0.7,0.6491398797895126
10,0.5,0.8230788441380148,2270.2,15,24,0.7,0.6107697110345036
13,0.46153846153846156,0.8710547777407183,2003.1176470588234,17,24,0.20588235294117646,0.5255691242994329
14,0.42857142857142855,0.8704314583839462,2003.1176470588234,17,24,0.20588235294117646,0.5056330746800202
12,0.4166666666666667,0.8710547777407183,2003.1176470588234,17,24,0.20588235294117646,0.49864604737635604
15,0.4,0.85259582689813,1891.8333333333333,18,24,0.0,0.4531489567245325
16,0.375,0.8522914527691285,1891.8333333333333,18,24,0.0,0.4380728631922821
