K,dominant_ratio,balance_entropy,mean_segment_length,segment_count,meta_min_len,coherence,selection_score
11,0.5454545454545454,0.9062437528921043,1584.75,16,24,1.0,0.7038336654957533
12,0.5,0.896879789320518,1408.6666666666667,18,24,0.634920634920635,0.6194580425682247
13,0.46153846153846156,0.8967126299411686,1334.5263157894738,19,24,0.481203007518797,0.5732816855361886
14,0.5,0.8775166821875777,1207.4285714285713,21,24,0.21768707482993163,0.5520322317713842
15,0.4666666666666667,0.8775166821875777,1207.4285714285713,21,24,0.21768707482993163,0.5320322317713841
16,0.4375,0.867855198846404,1102.4347826086957,23,24,0.0,0.479463799711601
17,0.4117647058823529,0.867855198846404,1102.4347826086957,23,24,0.0,0.46402262324101273
