K,dominant_ratio,balance_entropy,mean_segment_length,segment_count,meta_min_len,coherence,selection_score
13,0.38461538461538464,0.8031966214252415,1643.4117647058824,17,24,1.0,0.5815683861255412
14,0.42857142857142855,0.8469230845730258,1470.421052631579,19,24,0.44736842105263164,0.5359788914440083
17,0.47058823529411764,0.8563262790762217,1396.9,20,24,0.21250000000000047,0.5283095109455261
16,0.4375,0.8313621070281284,1396.9,20,24,0.21250000000000047,0.5022155267570322
15,0.4,0.8313621070281284,1396.9,20,24,0.21250000000000047,0.4797155267570322
18,0.3888888888888889,0.853558902663044,1330.3809523809523,21,24,0.0,0.44672305899909437
19,0.3684210526315789,0.853558902663044,1330.3809523809523,21,24,0.0,0.43444235724470837
