K,dominant_ratio,balance_entropy,mean_segment_length,segment_count,meta_min_len,coherence,selection_score
12,0.5833333333333334,0.8749336408690735,1815.8666666666666,15,24,0.7466666666666664,0.6807334102172684
13,0.5384615384615384,0.8749336408690735,1815.8666666666666,15,24,0.7466666666666664,0.6538103332941915
11,0.45454545454545453,0.8979670093169775,1945.5714285714287,14,24,1.0,0.6472190250565171
16,0.4375,0.8648684374990747,1702.375,16,24,0.5249999999999999,0.5574671093747687
14,0.42857142857142855,0.8644214339146697,1702.375,16,24,0.5249999999999999,0.5519982156215245
15,0.4,0.8648684374990747,1702.375,16,24,0.5249999999999999,0.5349671093747687
17,0.4117647058823529,0.8467895348661674,1433.578947368421,19,24,0.0,0.45875620724595356
