K,dominant_ratio,balance_entropy,mean_segment_length,segment_count,meta_min_len,coherence,selection_score
11,0.5454545454545454,0.8471617976352153,1895.4,15,24,1.0,0.689063176681531
12,0.5,0.8270368380432029,1776.9375,16,24,0.8203124999999999,0.6298060845108007
13,0.5384615384615384,0.8765554308465462,1353.857142857143,21,24,0.17857142857142855,0.5690014950742739
14,0.5,0.8596443234276364,1292.3181818181818,22,24,0.08522727272727255,0.5276951717659999
15,0.4666666666666667,0.8592303622699925,1292.3181818181818,22,24,0.08522727272727255,0.507591681476589
16,0.4375,0.8380451321869951,1236.1304347826087,23,24,0.0,0.4720112830467488
17,0.4117647058823529,0.8380566394454299,1236.1304347826087,23,24,0.0,0.45657298339076924
18,0.3888888888888889,0.8376468955916321,1236.1304347826087,23,24,0.0,0.44274505723124136
