K,dominant_ratio,balance_entropy,mean_segment_length,segment_count,meta_min_len,coherence,selection_score
14,0.5,0.8959017843775358,1605.125,16,24,1.0,0.673975446094384
13,0.46153846153846156,0.8957031187302532,1605.125,16,24,1.0,0.6508488566056403
15,0.4666666666666667,0.8766357665805844,1605.125,16,24,1.0,0.6491589416451461
16,0.4375,0.8766357665805844,1605.125,16,24,1.0,0.6316589416451461
12,0.4166666666666667,0.8595376998149068,1510.7058823529412,17,24,0.4705882352941177,0.5354726602478443
17,0.4117647058823529,0.8767840291904652,1426.7777777777778,18,24,0.0,0.466254830827028
