K,dominant_ratio,balance_entropy,mean_segment_length,segment_count,meta_min_len,coherence,selection_score
12,0.4166666666666667,0.8827518901514039,2919.3333333333335,15,24,1.0,0.620687972537851
15,0.4666666666666667,0.9093198679255832,2189.5,20,24,0.5416666666666666,0.5885799669813958
16,0.5625,0.9047747570260715,1326.969696969697,33,24,0.0,0.5636936892565179
14,0.42857142857142855,0.8987945905982746,2189.5,20,24,0.5416666666666666,0.5630915047924258
17,0.5294117647058824,0.9052035007814795,1368.4375,32,24,0.026041666666666647,0.5478541840188993
13,0.38461538461538464,0.8661494607816981,2189.5,20,24,0.5416666666666666,0.5285565959646552
