K,dominant_ratio,balance_entropy,mean_segment_length,segment_count,meta_min_len,coherence,selection_score
13,0.46153846153846156,0.8553474834288164,3189.4615384615386,13,24,1.0,0.640759947780281
12,0.3333333333333333,0.8553474834288164,3189.4615384615386,13,24,1.0,0.5638368708572041
14,0.42857142857142855,0.8266226860316928,2439.0,17,24,0.3277310924369747,0.5129581925163265
15,0.4666666666666667,0.7992369254956041,2073.15,20,24,0.0,0.47980923137390097
16,0.4375,0.7992369254956041,2073.15,20,24,0.0,0.462309231373901
17,0.4117647058823529,0.7992369254956041,2073.15,20,24,0.0,0.4468680549033128
