K,dominant_ratio,balance_entropy,mean_segment_length,segment_count,meta_min_len,coherence,selection_score
10,0.5,0.9004397814294192,1724.8181818181818,22,24,1.0,0.6751099453573548
11,0.45454545454545453,0.9004397814294192,1724.8181818181818,22,24,1.0,0.6478372180846275
12,0.5,0.8769738689046663,1405.4074074074074,27,24,0.3621399176954733,0.5735644548804876
14,0.5,0.8769093736474237,1405.4074074074074,27,24,0.3621399176954733,0.573548331066177
15,0.4666666666666667,0.8769093736474237,1405.4074074074074,27,24,0.3621399176954733,0.553548331066177
13,0.46153846153846156,0.8769738689046663,1405.4074074074074,27,24,0.3621399176954733,0.5504875318035646
16,0.4375,0.8657266475657727,1224.0645161290322,31,24,0.0,0.4789316618914432
