K,dominant_ratio,balance_entropy,mean_segment_length,segment_count,meta_min_len,coherence,selection_score
11,0.45454545454545453,0.8145822937667467,1476.4615384615386,26,24,1.0,0.6263728461689594
12,0.4166666666666667,0.8145822937667467,1476.4615384615386,26,24,1.0,0.6036455734416867
10,0.4,0.8444806852841631,1476.4615384615386,26,24,1.0,0.6011201713210408
15,0.4666666666666667,0.8288824884799645,1199.625,32,24,0.0,0.48722062211999106
13,0.46153846153846156,0.8127267453102293,1199.625,32,24,0.0,0.4801047632506342
16,0.4375,0.8288824884799645,1199.625,32,24,0.0,0.4697206221199911
14,0.42857142857142855,0.8127267453102293,1199.625,32,24,0.0,0.4603245434704144
