K,dominant_ratio,balance_entropy,mean_segment_length,segment_count,meta_min_len,coherence,selection_score
10,0.5,0.8505868106700999,2382.315789473684,19,24,1.0,0.662646702667525
11,0.45454545454545453,0.8505868106700999,2382.315789473684,19,24,1.0,0.6353739753947977
13,0.38461538461538464,0.8437189689580834,1331.2941176470588,34,24,0.06574394463667824,0.4515605647042533
17,0.4117647058823529,0.8151148106832409,1257.3333333333333,36,24,0.0,0.450837526200222
15,0.4,0.8153216884063803,1257.3333333333333,36,24,0.0,0.44383042210159507
14,0.35714285714285715,0.8437189689580834,1331.2941176470588,34,24,0.06574394463667824,0.43507704822073684
16,0.375,0.8153216884063803,1257.3333333333333,36,24,0.0,0.42883042210159505
12,0.3333333333333333,0.8437189689580834,1331.2941176470588,34,24,0.06574394463667824,0.42079133393502255
