K,dominant_ratio,balance_entropy,mean_segment_length,segment_count,meta_min_len,coherence,selection_score
14,0.42857142857142855,0.904819762298412,4405.75,12,24,1.0,0.6333477977174601
12,0.4166666666666667,0.904819762298412,4405.75,12,24,1.0,0.626204940574603
13,0.38461538461538464,0.904819762298412,4405.75,12,24,1.0,0.6069741713438338
11,0.36363636363636365,0.90496105850903,4405.75,12,24,1.0,0.5944220828090757
16,0.4375,0.8769838956072045,3776.3571428571427,14,24,0.6428571428571428,0.5781745453303726
15,0.4,0.8767526729854179,3776.3571428571427,14,24,0.6428571428571428,0.5556167396749259
17,0.4117647058823529,0.859673100056309,2937.1666666666665,18,24,0.16666666666666666,0.48697709854348903
18,0.3888888888888889,0.8369981861046105,2643.45,20,24,0.0,0.44258287985948597
