K,dominant_ratio,balance_entropy,mean_segment_length,segment_count,meta_min_len,coherence,selection_score
15,0.4666666666666667,0.9303154690380699,3413.2,15,24,1.0,0.6625788672595175
16,0.4375,0.9303154690380699,3413.2,15,24,1.0,0.6450788672595175
14,0.42857142857142855,0.9303154690380699,3413.2,15,24,1.0,0.6397217244023746
17,0.4117647058823529,0.9303154690380699,3413.2,15,24,1.0,0.6296376907889293
18,0.3888888888888889,0.8968986994522087,2844.3333333333335,18,24,0.0,0.4575580081963855
