K,dominant_ratio,balance_entropy,mean_segment_length,segment_count,meta_min_len,coherence,selection_score
15,0.4,0.8763701293569349,4015.846153846154,13,24,1.0,0.6090925323392338
14,0.42857142857142855,0.9030614027393208,3480.4,15,24,0.806896551724138,0.603942690586308
12,0.4166666666666667,0.9030614027393208,3480.4,15,24,0.806896551724138,0.5967998334434509
17,0.47058823529411764,0.9066421430462512,2747.684210526316,19,24,0.5426497277676952,0.5904109361031877
13,0.38461538461538464,0.9030614027393208,3480.4,15,24,0.806896551724138,0.5775690642126817
16,0.4375,0.9066421430462512,2747.684210526316,19,24,0.5426497277676952,0.5705579949267171
18,0.4444444444444444,0.9116024060306177,1243.0,42,24,0.0,0.49456726817432106
