K,dominant_ratio,balance_entropy,mean_segment_length,segment_count,meta_min_len,coherence,selection_score
16,0.4375,0.862273979835264,2711.7894736842104,19,24,1.0,0.628068494958816
14,0.42857142857142855,0.862273979835264,2711.7894736842104,19,24,1.0,0.6227113521016732
17,0.4117647058823529,0.862273979835264,2711.7894736842104,19,24,1.0,0.6126273184882277
15,0.4,0.862273979835264,2711.7894736842104,19,24,1.0,0.605568494958816
13,0.38461538461538464,0.862273979835264,2711.7894736842104,19,24,1.0,0.5963377257280468
