K,dominant_ratio,balance_entropy,mean_segment_length,segment_count,meta_min_len,coherence,selection_score
13,0.5384615384615384,0.8727746765934471,2037.3076923076924,26,24,1.0,0.6912705922252849
14,0.5,0.8727746765934471,2037.3076923076924,26,24,1.0,0.6681936691483618
15,0.4666666666666667,0.8533064953943453,1961.851851851852,27,24,0.48148148148148223,0.5655488460708086
16,0.4375,0.8533064953943453,1961.851851851852,27,24,0.48148148148148223,0.5480488460708086
17,0.4117647058823529,0.8533064953943453,1961.851851851852,27,24,0.48148148148148223,0.5326076696002204
18,0.3888888888888889,0.8530642464963607,1961.851851851852,27,24,0.48148148148148223,0.5188216171796458
19,0.42105263157894735,0.836114102607072,1891.7857142857142,28,24,0.0,0.46166010459913637
