K,dominant_threshold,dominant_count,dominant_ratio,balance_entropy,mean_segment_length,segment_count,coherence,selection_score
15,0.06666666666666667,5,0.3333333333333333,0.8017815256064984,213.52631578947367,38,1.0,0.5504453814016246
16,0.0625,5,0.3125,0.7753356978047068,213.52631578947367,38,1.0,0.5313339244511767
14,0.07142857142857142,4,0.2857142857142857,0.8017815256064985,213.52631578947367,38,1.0,0.521873952830196
17,0.058823529411764705,5,0.29411764705882354,0.7753356978047068,213.52631578947367,38,1.0,0.5203045126864708
18,0.05555555555555555,6,0.3333333333333333,0.8323585472223968,172.63829787234042,47,0.0,0.4080896368055992
19,0.05263157894736842,6,0.3157894736842105,0.8323585472223968,172.63829787234042,47,0.0,0.39756332101612546
