dataset,case_count,mean_ARI,mean_NMI,mean_pred_states,mean_segments,total_seconds
MoCap,9,0.8447995497358863,0.8297245009909732,6.0,10.444444444444445,2273.031627893448
