K,dominant_threshold,dominant_count,dominant_ratio,balance_entropy,mean_segment_length,segment_count,coherence,selection_score
14,0.07142857142857142,4,0.2857142857142857,0.6791155236950234,90.6195652173913,92,1.0,0.4912074523523272
15,0.06666666666666667,4,0.26666666666666666,0.6692123933316017,90.6195652173913,92,1.0,0.4773030983329004
13,0.07692307692307693,4,0.3076923076923077,0.6889970574626021,89.64516129032258,93,0.791397849462366,0.47557432640039005
18,0.05555555555555555,4,0.2222222222222222,0.6854463892196673,86.84375,96,0.19166666666666754,0.33344493063825026
19,0.05263157894736842,4,0.21052631578947367,0.6854463892196673,86.84375,96,0.19166666666666754,0.3264273867786011
16,0.0625,4,0.25,0.6834358572628165,85.94845360824742,97,0.0,0.32085896431570415
17,0.058823529411764705,4,0.23529411764705882,0.6794239774734587,85.94845360824742,97,0.0,0.3110324649566
