algorithm,dataset,case_count,ARI_mean,NMI_mean,AMI_mean,covering_mean,f1_mean,seconds_sum
ClaSP-TKMeans,ActRecTut,2,0.30707388307158956,0.4360849996441388,0.4338507949324856,0.4753897809530502,0.24638297872340414,801.0671207904816
ClaSP-TKMeans,ALL_DATASETS_EQUAL_CASE_WEIGHT,2,0.30707388307158956,0.4360849996441388,0.4338507949324856,0.4753897809530502,0.24638297872340414,801.0671207904816
