K,dominant_ratio,balance_entropy,mean_segment_length,segment_count,meta_min_len,coherence,selection_score
10,0.3,0.7057888862692231,951.2727272727273,33,24,1.0,0.5064472215673058
11,0.2727272727272727,0.7057888862692231,951.2727272727273,33,24,1.0,0.49008358520366935
12,0.25,0.7057888862692231,951.2727272727273,33,24,1.0,0.4764472215673058
13,0.23076923076923078,0.7057888862692231,951.2727272727273,33,24,1.0,0.4649087600288443
14,0.21428571428571427,0.674520969241919,872.0,36,24,0.7333333333333334,0.4072016708819083
16,0.25,0.7040975434167887,654.0,48,24,0.0,0.32602438585419713
15,0.2,0.7040975434167887,654.0,48,24,0.0,0.29602438585419716
