K,dominant_ratio,balance_entropy,mean_segment_length,segment_count,meta_min_len,coherence,selection_score
12,0.3333333333333333,0.7573060584035732,509.015625,64,24,1.0,0.5393265146008933
13,0.3076923076923077,0.7385163993971685,493.59090909090907,66,24,0.3232323232323229,0.4177293329495252
14,0.2857142857142857,0.7189532996172621,486.2238805970149,67,24,0.0,0.3511668963328869
15,0.26666666666666666,0.7228822154297649,486.2238805970149,67,24,0.0,0.34072055385744127
16,0.25,0.7245465354265449,486.2238805970149,67,24,0.0,0.3311366338566362
17,0.23529411764705882,0.7256843827913863,486.2238805970149,67,24,0.0,0.3225975662860818
18,0.2222222222222222,0.7256877365587828,486.2238805970149,67,24,0.0,0.31475526747302907
19,0.21052631578947367,0.7113564983867544,486.2238805970149,67,24,0.0,0.30415491407037276
20,0.2,0.7113564983867544,486.2238805970149,67,24,0.0,0.2978391245966886
