global_state_name,run_idx,win,step,local_state,branch_weight,cluster_id
MoCap_alt64_b14_w144_s36_state0,1,144,36,0,0.807231866970096,0
MoCap_alt64_b14_w144_s36_state1,1,144,36,1,0.807231866970096,1
MoCap_alt64_b14_w144_s36_state2,1,144,36,2,0.807231866970096,1
MoCap_alt64_b14_w144_s36_state3,1,144,36,3,0.807231866970096,2
MoCap_alt64_b14_w144_s36_state4,1,144,36,4,0.807231866970096,3
MoCap_alt64_b14_w144_s36_state5,1,144,36,5,0.807231866970096,3
MoCap_alt64_b14_w144_s36_state6,1,144,36,6,0.807231866970096,4
MoCap_alt64_b14_w144_s36_state7,1,144,36,7,0.807231866970096,4
MoCap_alt64_b21_w176_s29_state0,2,176,29,0,1.0,0
MoCap_alt64_b21_w176_s29_state1,2,176,29,1,1.0,5
MoCap_alt64_b21_w176_s29_state2,2,176,29,2,1.0,1
MoCap_alt64_b21_w176_s29_state3,2,176,29,3,1.0,1
MoCap_alt64_b21_w176_s29_state4,2,176,29,4,1.0,3
MoCap_alt64_b21_w176_s29_state5,2,176,29,5,1.0,4
MoCap_alt64_b21_w176_s29_state6,2,176,29,6,1.0,4
MoCap_alt64_b21_w176_s29_state7,2,176,29,7,1.0,2
MoCap_alt64_b22_w176_s44_state0,3,176,44,0,0.820597146223348,0
MoCap_alt64_b22_w176_s44_state1,3,176,44,1,0.820597146223348,1
MoCap_alt64_b22_w176_s44_state2,3,176,44,2,0.820597146223348,1
MoCap_alt64_b22_w176_s44_state3,3,176,44,3,0.820597146223348,3
MoCap_alt64_b22_w176_s44_state4,3,176,44,4,0.820597146223348,4
MoCap_alt64_b22_w176_s44_state5,3,176,44,5,0.820597146223348,2
MoCap_alt64_b34_w224_s56_state0,4,224,56,0,0.7944129067624541,0
MoCap_alt64_b34_w224_s56_state1,4,224,56,1,0.7944129067624541,1
MoCap_alt64_b34_w224_s56_state2,4,224,56,2,0.7944129067624541,1
MoCap_alt64_b34_w224_s56_state3,4,224,56,3,0.7944129067624541,3
MoCap_alt64_b34_w224_s56_state4,4,224,56,4,0.7944129067624541,1
MoCap_alt64_b34_w224_s56_state5,4,224,56,5,0.7944129067624541,5
MoCap_alt64_b34_w224_s56_state6,4,224,56,6,0.7944129067624541,4
MoCap_alt64_b34_w224_s56_state7,4,224,56,7,0.7944129067624541,2
