K,dominant_ratio,balance_entropy,mean_segment_length,segment_count,meta_min_len,coherence,selection_score
7,0.42857142857142855,0.9130357582801966,1111.0,18,24,1.0,0.6354017967129063
8,0.375,0.9129940036828158,1111.0,18,24,1.0,0.6032485009207039
6,0.3333333333333333,0.9130357582801966,1111.0,18,24,1.0,0.5782589395700491
9,0.3333333333333333,0.8276125574132687,1052.5263157894738,19,24,0.710526315789474,0.5134820867217382
10,0.5,0.7811405004549282,909.0,22,24,0.0,0.495285125113732
11,0.45454545454545453,0.7811405004549282,909.0,22,24,0.0,0.4680123978410048
12,0.4166666666666667,0.7809619588101135,909.0,22,24,0.0,0.4452404897025284
13,0.38461538461538464,0.7819006617795801,909.0,22,24,0.0,0.4262443962141258
14,0.35714285714285715,0.7806381559112398,909.0,22,24,0.0,0.4094452532635242
