K,dominant_ratio,balance_entropy,mean_segment_length,segment_count,meta_min_len,coherence,selection_score
7,0.42857142857142855,0.8552182391184101,909.0,22,24,1.0,0.6209474169224597
8,0.375,0.7985557762969943,869.4782608695652,23,24,0.6376811594202902,0.520291117987292
9,0.3333333333333333,0.7985557762969943,869.4782608695652,23,24,0.6376811594202902,0.4952911179872921
11,0.36363636363636365,0.7543932011096106,799.92,25,24,0.0,0.4067801184592208
12,0.3333333333333333,0.7543932011096106,799.92,25,24,0.0,0.3885983002774026
13,0.3076923076923077,0.7543932011096106,799.92,25,24,0.0,0.3732136848927873
10,0.3,0.7543932011096106,799.92,25,24,0.0,0.36859830027740265
14,0.2857142857142857,0.7534011861841292,799.92,25,24,0.0,0.3597788679746037
15,0.26666666666666666,0.7534011861841292,799.92,25,24,0.0,0.34835029654603233
