K,dominant_ratio,balance_entropy,mean_segment_length,segment_count,meta_min_len,coherence,selection_score
7,0.7142857142857143,0.9074580493441464,999.9,20,24,1.0,0.8054359409074652
8,0.625,0.8588711359827661,833.25,24,24,0.2777777777777777,0.6313844506623582
9,0.5555555555555556,0.8200096005401252,769.1538461538462,26,24,0.0,0.5383357334683646
10,0.5,0.8201490681062075,769.1538461538462,26,24,0.0,0.5050372670265518
11,0.45454545454545453,0.77515357381551,769.1538461538462,26,24,0.0,0.4665156661811502
12,0.4166666666666667,0.7755677567250926,769.1538461538462,26,24,0.0,0.4438919391812731
13,0.38461538461538464,0.7752741786996926,769.1538461538462,26,24,0.0,0.42458777544415394
14,0.35714285714285715,0.7752741786996926,769.1538461538462,26,24,0.0,0.4081042589606374
15,0.3333333333333333,0.7752741786996926,769.1538461538462,26,24,0.0,0.39381854467492317
