K,dominant_ratio,balance_entropy,mean_segment_length,segment_count,meta_min_len,coherence,selection_score
7,0.5714285714285714,0.8311701307481512,833.25,24,24,0.5,0.6256496755441805
8,0.5,0.8310081832941085,833.25,24,24,0.5,0.5827520458235271
6,0.3333333333333333,0.8596272454166444,999.9,20,24,1.0,0.5649068113541611
9,0.4444444444444444,0.8009633385810013,714.2142857142857,28,24,0.14285714285714265,0.4883360727404884
11,0.45454545454545453,0.7324541275835679,689.5862068965517,29,24,0.06896551724137931,0.4661856322093716
12,0.4166666666666667,0.7324541275835679,689.5862068965517,29,24,0.06896551724137931,0.4434583594820989
10,0.4,0.768573977058482,666.6,30,24,0.0,0.4321434942646205
13,0.38461538461538464,0.7062946400966291,666.6,30,24,0.0,0.40734289079338803
14,0.35714285714285715,0.7062946400966291,666.6,30,24,0.0,0.39085937430987155
