algorithm,dataset,cases,ARI,NMI,AMI,Covering,CP_F1
AutoPlait,Synthetic,100,0.5221755782494146,0.6278234593056461,0.6183751180884757,0.6223411351542193,0.6616925294073384
