K,dominant_threshold,dominant_count,dominant_ratio,balance_entropy,mean_segment_length,segment_count,coherence,selection_score
18,0.05555555555555555,4,0.2222222222222222,0.7476539734870971,123.27848101265823,79,1.0,0.47024682670510765
16,0.0625,4,0.25,0.7559973773996858,121.7375,80,0.6583333333333321,0.4377493443499212
17,0.058823529411764705,4,0.23529411764705882,0.7559973773996858,121.7375,80,0.6583333333333321,0.4289258149381565
19,0.05263157894736842,6,0.3157894736842105,0.8076246755240294,118.76829268292683,82,0.0,0.39137985309153367
20,0.05,6,0.3,0.8064010849630261,118.76829268292683,82,0.0,0.3816002712407565
