K,dominant_threshold,dominant_count,dominant_ratio,balance_entropy,mean_segment_length,segment_count,coherence,selection_score
17,0.058823529411764705,5,0.29411764705882354,0.8300996420143504,101.08988764044943,89,1.0,0.5339954987388817
18,0.05555555555555555,6,0.3333333333333333,0.8425378652796724,95.7127659574468,94,0.5523049645390073,0.49348021100076916
19,0.05263157894736842,6,0.3157894736842105,0.8411912373260217,92.75257731958763,97,0.30584192439862606,0.44564778220182566
20,0.05,7,0.35,0.8501126152347294,89.07920792079207,101,0.0,0.42252815380868236
