K,dominant_threshold,dominant_count,dominant_ratio,balance_entropy,mean_segment_length,segment_count,coherence,selection_score
16,0.0625,2,0.125,0.5846647640438088,173.22641509433961,53,1.0,0.37116619101095216
17,0.058823529411764705,2,0.11764705882352941,0.5849330609453672,173.22641509433961,53,1.0,0.3668215005304595
19,0.05263157894736842,5,0.2631578947368421,0.7427819780835236,120.80263157894737,76,0.0,0.34359023136298616
18,0.05555555555555555,3,0.16666666666666666,0.6022399459672764,153.01666666666668,60,0.6144927536231888,0.3427338995352974
