algorithm,dataset,cases,ARI,NMI,AMI,Covering,CP_F1
AutoPlait,USC-HAD,70,0.294847838861823,0.584118263091522,0.5412877528916903,0.4078096585397413,0.4005449002343412
