algorithm,dataset,cases,ARI,NMI,AMI,Covering,CP_F1
AutoPlait,MoCap,9,0.734992101609214,0.7467914849162103,0.745657929492332,0.8152780196929283,0.7011353026058909
