K,dominant_threshold,dominant_count,dominant_ratio,balance_entropy,mean_segment_length,segment_count,coherence,selection_score
13,0.07692307692307693,3,0.23076923076923078,0.7114050472258002,116.8,60,1.0,0.4663128002679885
14,0.07142857142857142,5,0.35714285714285715,0.7955497470669609,103.05882352941177,68,0.0,0.4131731510524545
15,0.06666666666666667,5,0.3333333333333333,0.7955497470669609,103.05882352941177,68,0.0,0.3988874367667402
16,0.0625,5,0.3125,0.7726708655080559,103.05882352941177,68,0.0,0.38066771637701396
17,0.058823529411764705,5,0.29411764705882354,0.7536619806208834,103.05882352941177,68,0.0,0.364886083390515
18,0.05555555555555555,4,0.2222222222222222,0.7494181855250064,103.05882352941177,68,0.0,0.3206878797145849
19,0.05263157894736842,4,0.21052631578947367,0.7537507111009869,103.05882352941177,68,0.0,0.31475346724893094
