algorithm,dataset,case_id,rows,features,true_states,pred_states,ARI,NMI,AMI,Covering,CP_F1,CP_margin,seconds,win_size,step,m,n,out_channels,nb_steps,win_type,seed,protocol,error
Time2State,MoCap,amc_86_01.4d,4578,4,4,4,0.8383252268742825,0.8018008670723044,0.8016382951440155,0.8914475668434654,0.7692307692307692,46,4.482311248779297,512,50,10,4,4,20,hanning,500001,fit_each_case_predict_same_case,
Time2State,MoCap,amc_86_02.4d,10616,4,8,8,0.7943430389883965,0.8390920431293815,0.8387282167983007,0.8769799704664288,0.7368421052631577,106,4.512510061264038,512,50,10,4,4,20,hanning,500002,fit_each_case_predict_same_case,
Time2State,MoCap,amc_86_03.4d,8400,4,7,7,0.9201266119562236,0.9063339833908771,0.9062018582872999,0.9240966292063649,0.875,84,4.460515022277832,512,50,10,4,4,20,hanning,500003,fit_each_case_predict_same_case,
Time2State,MoCap,amc_86_07.4d,8701,4,6,7,0.8449807202916508,0.8669856389456704,0.8659464847270397,0.8070167509413512,0.64,87,4.4689857959747314,512,50,10,4,4,20,hanning,500004,fit_each_case_predict_same_case,
Time2State,MoCap,amc_86_08.4d,9205,4,9,7,0.6526086871705252,0.7870235482941793,0.7833201788565998,0.800733828008474,0.761904761904762,92,4.486289978027344,512,50,10,4,4,20,hanning,500005,fit_each_case_predict_same_case,
Time2State,MoCap,amc_86_09.4d,4793,4,5,6,0.9399591666909913,0.9117098634912698,0.9114515713231263,0.9417793934106111,0.9090909090909091,48,4.472381114959717,512,50,10,4,4,20,hanning,500006,fit_each_case_predict_same_case,
Time2State,MoCap,amc_86_10.4d,7582,4,4,7,0.899761178828961,0.8450160942461952,0.8425070551782454,0.8974292340562072,0.5882352941176471,76,4.538763761520386,512,50,10,4,4,20,hanning,500007,fit_each_case_predict_same_case,
Time2State,MoCap,amc_86_11.4d,5673,4,4,6,0.8392656114647402,0.8027459620582684,0.8019820892214178,0.8768033772727424,0.6250000000000001,57,4.490884065628052,512,50,10,4,4,20,hanning,500008,fit_each_case_predict_same_case,
Time2State,MoCap,amc_86_14.4d,6054,4,3,7,0.49617683916490923,0.4844310417564578,0.4807449690436422,0.7686706943000322,0.42105263157894735,61,4.475414276123047,512,50,10,4,4,20,hanning,500009,fit_each_case_predict_same_case,
