K,dominant_threshold,dominant_count,dominant_ratio,balance_entropy,mean_segment_length,segment_count,coherence,selection_score
15,0.06666666666666667,4,0.26666666666666666,0.6596699044061372,162.54545454545453,44,1.0,0.47491747610153434
16,0.0625,4,0.25,0.6596699044061373,162.54545454545453,44,1.0,0.46491747610153433
14,0.07142857142857142,4,0.2857142857142857,0.6889232971534752,152.17021276595744,47,0.7883538633818591,0.4619124752242191
17,0.058823529411764705,5,0.29411764705882354,0.7428923823574898,113.52380952380952,63,0.0,0.36219368382466655
18,0.05555555555555555,5,0.2777777777777778,0.7424854841525076,113.52380952380952,63,0.0,0.35228803770479356
