K,dominant_ratio,balance_entropy,mean_segment_length,segment_count,meta_min_len,coherence,selection_score
5,0.2,0.55727962620468,593.2222222222222,9,0,1.0,0.40931990655117
6,0.16666666666666666,0.55727962620468,593.2222222222222,9,0,1.0,0.38931990655117
7,0.2857142857142857,0.7359418921743356,242.6818181818182,22,0,0.09625668449197865,0.3698525471459521
8,0.25,0.7802972771741478,205.34615384615384,26,0,0.0,0.34507431929353694
