K,dominant_ratio,balance_entropy,mean_segment_length,segment_count,meta_min_len,coherence,selection_score
4,0.5,0.7846547533739214,1095.0,8,0,1.0,0.6461636883434804
5,0.4,0.7846547533739214,1095.0,8,0,1.0,0.5861636883434803
3,0.3333333333333333,0.7846547533739214,1095.0,8,0,1.0,0.5461636883434804
6,0.3333333333333333,0.7846547533739214,1095.0,8,0,1.0,0.5461636883434804
