K,dominant_ratio,balance_entropy,mean_segment_length,segment_count,meta_min_len,coherence,selection_score
4,0.75,0.9925702493983937,222.11111111111111,9,0,1.0,0.8481425623495984
3,0.6666666666666666,0.9925702493983937,222.11111111111111,9,0,1.0,0.7981425623495985
5,0.6,0.9925702493983937,222.11111111111111,9,0,1.0,0.7581425623495984
6,0.5,0.9925702493983937,222.11111111111111,9,0,1.0,0.6981425623495984
