K,dominant_ratio,balance_entropy,mean_segment_length,segment_count,meta_min_len,coherence,selection_score
5,0.6,0.8628910089085584,2999.8333333333335,6,0,1.0,0.7257227522271396
6,0.5,0.8628910089085584,2999.8333333333335,6,0,1.0,0.6657227522271396
7,0.42857142857142855,0.8632687188974629,2999.8333333333335,6,0,1.0,0.6229600368672229
8,0.375,0.8206869106006585,1124.9375,16,0,0.0,0.4301717276501646
