K,dominant_ratio,balance_entropy,mean_segment_length,segment_count,meta_min_len,coherence,selection_score
3,0.6666666666666666,0.7316136942046402,1304.0,8,0,0.0,0.58290342355116
6,0.3333333333333333,0.7222889452341682,1738.6666666666667,6,0,1.0,0.530572236308542
4,0.5,0.7316136942046402,1304.0,8,0,0.0,0.48290342355116
5,0.4,0.7316136942046402,1304.0,8,0,0.0,0.42290342355116006
