K,dominant_ratio,balance_entropy,mean_segment_length,segment_count,meta_min_len,coherence,selection_score
3,0.3333333333333333,0.47577221471243947,1566.3333333333333,3,0,1.0,0.46894305367810984
4,0.25,0.40583951263397633,939.8,5,0,0.4909090909090909,0.32509624179485774
5,0.2,0.395736908038389,939.8,5,0,0.4909090909090909,0.2925705906459609
6,0.16666666666666666,0.4666362840312706,335.64285714285717,14,0,0.0,0.21665907100781764
7,0.14285714285714285,0.4677658854881873,335.64285714285717,14,0,0.0,0.20265575708633254
8,0.125,0.4677658854881873,335.64285714285717,14,0,0.0,0.1919414713720468
