K,dominant_ratio,balance_entropy,mean_segment_length,segment_count,meta_min_len,coherence,selection_score
4,0.5,0.9787249916536915,671.2857142857143,7,0,1.0,0.6946812479134229
5,0.6,0.9827055973129197,391.5833333333333,12,0,0.0,0.6056763993282299
6,0.5,0.9795244126001007,427.1818181818182,11,0,0.12727272727272732,0.5639720122409342
