K,dominant_ratio,balance_entropy,mean_segment_length,segment_count,meta_min_len,coherence,selection_score
7,0.5714285714285714,0.9616441002981906,294.11764705882354,34,0,1.0,0.7332681679316905
6,0.5,0.9616441002981906,294.11764705882354,34,0,1.0,0.6904110250745477
8,0.5,0.8784554414611396,232.5581395348837,43,0,0.4672304439746298,0.5896984269614793
9,0.5555555555555556,0.8915805692035703,178.57142857142858,56,0,0.0,0.556228475634226
10,0.5,0.8919566159792882,188.67924528301887,53,0,0.08747855917667233,0.5361109378713229
