K,dominant_ratio,balance_entropy,mean_segment_length,segment_count,meta_min_len,coherence,selection_score
4,0.25,0.6758188182414177,1545.4545454545455,11,0,1.0,0.4689547045603544
6,0.3333333333333333,0.5922605132667653,653.8461538461538,26,0,0.026442307692307605,0.3520314744705375
5,0.2,0.6209976040566008,894.7368421052631,19,0,0.2894736842105262,0.3186704536457291
7,0.2857142857142857,0.5606778398127941,629.6296296296297,27,0,0.0,0.3115980313817699
8,0.25,0.5635592314948935,680.0,25,0,0.05499999999999995,0.29913980787372335
