K,dominant_ratio,balance_entropy,mean_segment_length,segment_count,meta_min_len,coherence,selection_score
7,0.42857142857142855,0.7992391721930996,437.5,16,0,1.0,0.606952650191132
6,0.3333333333333333,0.7992391721930996,437.5,16,0,1.0,0.5498097930482749
8,0.375,0.7288283101046658,411.7647058823529,17,0,0.8858131487889273,0.5400790498445055
10,0.5,0.8208387115496513,212.12121212121212,33,0,0.0,0.5052096778874128
9,0.4444444444444444,0.8362143808738339,212.12121212121212,33,0,0.0,0.4757202618851252
