K,dominant_ratio,balance_entropy,mean_segment_length,segment_count,meta_min_len,coherence,selection_score
5,0.6,0.9036366742669119,452.3809523809524,42,0,1.0,0.735909168566728
6,0.6666666666666666,0.9651062193368564,234.5679012345679,81,0,0.13696715583508035,0.6618216282094761
7,0.5714285714285714,0.8755788309211244,223.52941176470588,85,0,0.0932297447280799,0.5757363122966359
8,0.5,0.8788105258438044,218.39080459770116,87,0,0.0728692257644763,0.5306330153256226
9,0.4444444444444444,0.8584805767445789,200.0,95,0,0.0,0.4812868108528114
11,0.36363636363636365,0.8661713842247897,204.30107526881721,93,0,0.017041996348143677,0.43728096369023717
10,0.3,0.8661713842247897,204.30107526881721,93,0,0.017041996348143677,0.39909914550841896
