K,dominant_ratio,balance_entropy,mean_segment_length,segment_count,meta_min_len,coherence,selection_score
3,0.3333333333333333,0.6339464677001136,820.2222222222222,9,0,1.0,0.5084866169250284
4,0.25,0.6339464677001136,820.2222222222222,9,0,1.0,0.45848661692502846
5,0.2,0.6339464677001136,820.2222222222222,9,0,1.0,0.42848661692502843
6,0.16666666666666666,0.6339464677001136,820.2222222222222,9,0,1.0,0.4084866169250284
7,0.2857142857142857,0.41370448802598464,567.8461538461538,13,0,0.0,0.2748546934350676
8,0.25,0.41370448802598464,567.8461538461538,13,0,0.0,0.25342612200649617
