K,dominant_ratio,balance_entropy,mean_segment_length,segment_count,meta_min_len,coherence,selection_score
6,0.3333333333333333,0.6992179164248749,340.27272727272725,44,0,1.0,0.5248044791062187
8,0.375,0.7885762432165531,267.35714285714283,56,0,0.5238095238095237,0.5007154893755668
7,0.2857142857142857,0.6720564779159882,325.4782608695652,46,0,0.9033816425120772,0.47494993728438006
10,0.4,0.7081736895359098,223.46268656716418,67,0,0.2371475953565506,0.45261556168746
9,0.3333333333333333,0.7439574861719905,226.84848484848484,66,0,0.25925925925925924,0.4248782604318865
11,0.2727272727272727,0.7208180671979734,187.15,80,0,0.0,0.3438408804358569
