K,dominant_ratio,balance_entropy,mean_segment_length,segment_count,meta_min_len,coherence,selection_score
4,0.5,0.945239810518549,348.1860465116279,43,0,1.0,0.6863099526296372
5,0.4,0.8840003909489973,267.35714285714283,56,0,0.398148148148148,0.5207223199594715
6,0.3333333333333333,0.8451244411875342,213.88571428571427,70,0,0.0,0.4112811102968835
7,0.2857142857142857,0.8451244411875342,213.88571428571427,70,0,0.0,0.38270968172545494
