K,dominant_ratio,balance_entropy,mean_segment_length,segment_count,meta_min_len,coherence,selection_score
4,0.5,0.7656736018819293,768.1,10,0,0.15000000000000002,0.5139184004704823
3,0.3333333333333333,0.29132622817239434,2560.3333333333335,3,0,1.0,0.4228315570430986
5,0.4,0.6426410761957447,451.8235294117647,17,0,0.0,0.40066026904893615
6,0.3333333333333333,0.6426410761957447,451.8235294117647,17,0,0.0,0.36066026904893617
7,0.2857142857142857,0.6426410761957447,451.8235294117647,17,0,0.0,0.3320888404775076
8,0.25,0.6363751005037782,451.8235294117647,17,0,0.0,0.30909377512594455
