K,dominant_ratio,balance_entropy,mean_segment_length,segment_count,meta_min_len,coherence,selection_score
7,0.2857142857142857,0.6507893238047985,500.57142857142856,35,0,0.010989010989010962,0.33577425402812267
5,0.2,0.21296806879227118,1752.0,10,0,1.0,0.3232420171980678
8,0.25,0.6479345114463967,530.9090909090909,33,0,0.034965034965034926,0.31722838310635443
6,0.16666666666666666,0.21296806879227118,1752.0,10,0,1.0,0.30324201719806776
9,0.2222222222222222,0.6210652186818978,486.6666666666667,36,0,0.0,0.2885996380038078
10,0.2,0.6210652186818978,486.6666666666667,36,0,0.0,0.2752663046704744
