K,dominant_ratio,balance_entropy,mean_segment_length,segment_count,meta_min_len,coherence,selection_score
5,0.4,0.7227792028389375,461.05263157894734,38,0,1.0,0.5706948007097343
6,0.3333333333333333,0.7227792028389375,461.05263157894734,38,0,1.0,0.5306948007097344
8,0.375,0.6626548465318362,261.4925373134328,67,0,0.0,0.390663711632959
7,0.2857142857142857,0.6839155339381462,307.36842105263156,57,0,0.22988505747126436,0.37689021353379765
