K,dominant_ratio,balance_entropy,mean_segment_length,segment_count,meta_min_len,coherence,selection_score
5,0.4,0.8031346050262764,309.7073170731707,41,0,1.0,0.5907836512565691
6,0.3333333333333333,0.7726709050432363,282.1777777777778,45,0,0.455555555555556,0.4615010595941425
7,0.2857142857142857,0.7382023235026393,276.04347826086956,46,0,0.33423913043478237,0.4061150218694486
8,0.25,0.738175626586327,259.14285714285717,49,0,0.0,0.33454390664658173
