K,dominant_ratio,balance_entropy,mean_segment_length,segment_count,meta_min_len,coherence,selection_score
5,0.2,0.5967825312534815,524.9285714285714,28,0,1.0,0.41919563281337036
6,0.3333333333333333,0.8150566536298943,244.96666666666667,60,0,0.027450980392156873,0.40788181046629707
7,0.2857142857142857,0.8150566536298943,244.96666666666667,60,0,0.027450980392156873,0.3793103818948685
8,0.25,0.8128944352893334,244.96666666666667,60,0,0.027450980392156873,0.35734125588115684
9,0.2222222222222222,0.8124849707821258,244.96666666666667,60,0,0.027450980392156873,0.34057222308768825
10,0.2,0.8123621980811372,237.06451612903226,62,0,0.0,0.32309054952028426
