K,dominant_ratio,balance_entropy,mean_segment_length,segment_count,meta_min_len,coherence,selection_score
3,0.6666666666666666,0.9889595330023081,478.2173913043478,23,0,1.0,0.797239883250577
4,0.5,0.8301857786284317,314.25714285714287,35,0,0.32857142857142857,0.5568321589428221
5,0.4,0.6807962938385601,282.02564102564105,39,0,0.19658119658119666,0.4396862529468195
6,0.3333333333333333,0.6807402320535677,282.02564102564105,39,0,0.19658119658119666,0.3996722375005714
7,0.2857142857142857,0.5885364301937079,234.0212765957447,47,0,0.0,0.3185626789769984
8,0.25,0.5885364301937079,234.0212765957447,47,0,0.0,0.29713410754842695
9,0.2222222222222222,0.5802500669972858,234.0212765957447,47,0,0.0,0.27839585008265477
