K,dominant_ratio,balance_entropy,mean_segment_length,segment_count,meta_min_len,coherence,selection_score
5,0.4,0.560660457937283,2000.0,4,0,1.0,0.5301651144843208
3,0.3333333333333333,0.560660457937283,2000.0,4,0,1.0,0.49016511448432076
6,0.3333333333333333,0.560660457937283,2000.0,4,0,1.0,0.49016511448432076
4,0.25,0.560660457937283,2000.0,4,0,1.0,0.4401651144843207
