K,dominant_ratio,balance_entropy,mean_segment_length,segment_count,meta_min_len,coherence,selection_score
4,0.5,0.9162828367533756,545.4545454545455,22,0,1.0,0.6790707091883439
5,0.4,0.7557923947471801,300.0,40,0,0.0,0.428948098686795
6,0.3333333333333333,0.7557923947471801,300.0,40,0,0.0,0.38894809868679503
7,0.2857142857142857,0.7557923947471801,300.0,40,0,0.0,0.36037667011536645
8,0.25,0.6952468538649325,352.94117647058823,34,0,0.21568627450980388,0.3561646546427037
9,0.2222222222222222,0.6952468538649325,352.94117647058823,34,0,0.21568627450980388,0.33949798797603703
