K,dominant_ratio,balance_entropy,mean_segment_length,segment_count,meta_min_len,coherence,selection_score
5,0.4,0.8202615999672553,705.8235294117648,17,0,1.0,0.5950653999918138
6,0.3333333333333333,0.8202615999672553,705.8235294117648,17,0,1.0,0.5550653999918138
7,0.2857142857142857,0.8202615999672553,705.8235294117648,17,0,1.0,0.5264939714203852
4,0.5,0.8406442562140516,631.5263157894736,19,0,0.0,0.5101610640535129
