K,dominant_ratio,balance_entropy,mean_segment_length,segment_count,meta_min_len,coherence,selection_score
4,0.5,0.8756155438178369,352.94117647058823,34,0,1.0,0.6689038859544593
5,0.4,0.7694367185241663,315.7894736842105,38,0,0.0,0.43235917963104153
9,0.3333333333333333,0.7696775931586001,315.7894736842105,38,0,0.0,0.39241939828965
6,0.3333333333333333,0.7694367185241663,315.7894736842105,38,0,0.0,0.39235917963104155
7,0.2857142857142857,0.7701689554837,315.7894736842105,38,0,0.0,0.3639708102994964
8,0.25,0.7696775931586001,315.7894736842105,38,0,0.0,0.34241939828965
