K,dominant_ratio,balance_entropy,mean_segment_length,segment_count,meta_min_len,coherence,selection_score
6,0.3333333333333333,0.5274121129803081,975.5853658536586,41,0,1.0,0.48185302824507703
7,0.2857142857142857,0.5274121129803081,975.5853658536586,41,0,1.0,0.45328159967364845
8,0.25,0.5274121129803081,975.5853658536586,41,0,1.0,0.431853028245077
9,0.2222222222222222,0.5274121129803081,975.5853658536586,41,0,1.0,0.4151863615784104
10,0.2,0.5274121129803081,975.5853658536586,41,0,1.0,0.40185302824507707
11,0.18181818181818182,0.5274121129803081,975.5853658536586,41,0,1.0,0.3909439373359861
