K,dominant_ratio,balance_entropy,mean_segment_length,segment_count,meta_min_len,coherence,selection_score
3,0.6666666666666666,0.9549552525097289,13333.0,3,0,1.0,0.7887388131274322
4,0.5,0.9549552525097289,13333.0,3,0,1.0,0.6887388131274322
5,0.4,0.9549552525097289,13333.0,3,0,1.0,0.6287388131274322
6,0.3333333333333333,0.9550284836441508,13333.0,3,0,1.0,0.5887571209110377
7,0.2857142857142857,0.9550284836441508,13333.0,3,0,1.0,0.5601856923396091
8,0.25,0.7134636833531931,952.3571428571429,42,0,0.0,0.3283659208382983
9,0.2222222222222222,0.7134636833531931,952.3571428571429,42,0,0.0,0.3116992541716316
