K,dominant_ratio,balance_entropy,mean_segment_length,segment_count,meta_min_len,coherence,selection_score
4,0.75,0.8782909068520911,909.0909090909091,11,0,1.0,0.8195727267130227
5,0.6,0.7686933329396193,833.3333333333334,12,0,0.8148148148148149,0.674395555457127
6,0.5,0.7647424469143971,500.0,20,0,0.0,0.49118561172859926
7,0.42857142857142855,0.7647424469143971,500.0,20,0,0.0,0.4483284688714564
8,0.375,0.7647424469143971,500.0,20,0,0.0,0.41618561172859925
