K,dominant_ratio,balance_entropy,mean_segment_length,segment_count,meta_min_len,coherence,selection_score
4,0.5,0.7199051816116341,833.3333333333334,12,0,1.0,0.6299762954029086
5,0.4,0.6331989444902079,714.2857142857143,14,0,0.7428571428571429,0.5097283075511234
6,0.5,0.8017302494646509,370.3703703703704,27,0,0.0,0.5004325623661627
7,0.42857142857142855,0.8053987784555054,370.3703703703704,27,0,0.0,0.4584925517567335
