dataset,win_size,step,M,N,out_channels,nb_steps,kernel_size,win_type,cases,mean_ARI,mean_NMI,mean_AMI,mean_Covering,mean_CP_F1,std_ARI,std_NMI,std_AMI,std_Covering,std_CP_F1,mean_seconds
synthetic,256,50,20,4,4,20,3,rect,1000,0.8630250750214953,0.8471616559643721,0.8447558059950615,0.8983909605609022,0.6924484119476558,0.05308098876031527,0.03470755954770547,0.03502464003446291,0.03557735438929316,0.060536244036755726,12.876970406532287
