K,dominant_ratio,balance_entropy,mean_segment_length,segment_count,meta_min_len,coherence,selection_score
4,0.25,0.44655703936033625,762.7142857142857,7,0,1.0,0.4116392598400841
5,0.2,0.3759805697566058,762.7142857142857,7,0,1.0,0.36399514243915143
6,0.16666666666666666,0.5012594455167364,485.3636363636364,11,0,0.0,0.2253148613791841
7,0.14285714285714285,0.5022630603261196,485.3636363636364,11,0,0.0,0.21128005079581558
8,0.125,0.5022630603261196,485.3636363636364,11,0,0.0,0.2005657650815299
9,0.1111111111111111,0.5022630603261196,485.3636363636364,11,0,0.0,0.19223243174819654
10,0.1,0.5022630603261196,485.3636363636364,11,0,0.0,0.1855657650815299
