K,dominant_ratio,balance_entropy,mean_segment_length,segment_count,meta_min_len,coherence,selection_score
2,0.5,0.0,8760.0,1,0,1.0,0.44999999999999996
3,0.3333333333333333,0.0,8760.0,1,0,1.0,0.35
4,0.25,0.0,8760.0,1,0,1.0,0.3
5,0.2,0.0,8760.0,1,0,1.0,0.27
6,0.16666666666666666,0.0,8760.0,1,0,1.0,0.25
