K,dominant_ratio,balance_entropy,mean_segment_length,segment_count,meta_min_len,coherence,selection_score
3,0.6666666666666666,0.997774701319118,666.3333333333334,3,0,0.11111111111111113,0.6661103419964461
4,0.5,0.997774701319118,666.3333333333334,3,0,0.11111111111111113,0.5661103419964463
2,0.5,0.0,1999.0,1,0,1.0,0.44999999999999996
5,0.4,0.7492984851218385,499.75,4,0,0.0,0.4273246212804596
6,0.3333333333333333,0.7492984851218385,499.75,4,0,0.0,0.38732462128045964
7,0.2857142857142857,0.7492984851218385,499.75,4,0,0.0,0.35875319270903105
