K,dominant_ratio,balance_entropy,mean_segment_length,segment_count,meta_min_len,coherence,selection_score
3,0.6666666666666666,0.952335855913211,666.3333333333334,3,0,1.0,0.7880839639783027
2,0.5,0.952335855913211,666.3333333333334,3,0,1.0,0.6880839639783027
4,0.5,0.952335855913211,666.3333333333334,3,0,1.0,0.6880839639783027
5,0.4,0.952335855913211,666.3333333333334,3,0,1.0,0.6280839639783028
6,0.3333333333333333,0.952335855913211,666.3333333333334,3,0,1.0,0.5880839639783028
