K,dominant_ratio,balance_entropy,mean_segment_length,segment_count,meta_min_len,coherence,selection_score
4,0.5,0.6830038009957037,3599.8,5,0,1.0,0.6207509502489259
5,0.4,0.6830038009957037,3599.8,5,0,1.0,0.560750950248926
6,0.3333333333333333,0.6830038009957037,3599.8,5,0,1.0,0.5207509502489259
7,0.2857142857142857,0.6830038009957037,3599.8,5,0,1.0,0.49217952167749734
8,0.25,0.6830038009957037,3599.8,5,0,1.0,0.4707509502489259
