K,dominant_ratio,balance_entropy,mean_segment_length,segment_count,meta_min_len,coherence,selection_score
3,0.3333333333333333,0.7160075674497325,6143.666666666667,3,0,1.0,0.5290018918624331
6,0.5,0.8547382049423784,1151.9375,16,0,0.0,0.5136845512355945
4,0.25,0.7160075674497325,6143.666666666667,3,0,1.0,0.47900189186243314
7,0.42857142857142855,0.8547382049423784,1151.9375,16,0,0.0,0.4708274083784517
5,0.2,0.7160075674497325,6143.666666666667,3,0,1.0,0.4490018918624331
8,0.375,0.8547382049423784,1151.9375,16,0,0.0,0.4386845512355946
9,0.3333333333333333,0.8547382049423784,1151.9375,16,0,0.0,0.41368455123559456
