K,dominant_ratio,balance_entropy,mean_segment_length,segment_count,meta_min_len,coherence,selection_score
3,0.6666666666666666,0.9950462457159835,2608.0,4,0,1.0,0.7987615614289959
2,0.5,0.9950462457159835,2608.0,4,0,1.0,0.6987615614289959
4,0.5,0.9950462457159835,2608.0,4,0,1.0,0.6987615614289959
5,0.4,0.71276163961434,1738.6666666666667,6,0,0.0,0.418190409903585
6,0.3333333333333333,0.71276163961434,1738.6666666666667,6,0,0.0,0.378190409903585
7,0.2857142857142857,0.71276163961434,1738.6666666666667,6,0,0.0,0.3496189813321564
8,0.25,0.71276163961434,1738.6666666666667,6,0,0.0,0.328190409903585
