K,dominant_ratio,balance_entropy,mean_segment_length,segment_count,meta_min_len,coherence,selection_score
2,0.5,0.0,4699.0,1,0,1.0,0.44999999999999996
3,0.3333333333333333,0.39621232705483395,1566.3333333333333,3,0,0.0,0.2990530817637085
4,0.25,0.39621232705483395,1566.3333333333333,3,0,0.0,0.2490530817637085
5,0.2,0.39621232705483395,1566.3333333333333,3,0,0.0,0.21905308176370847
6,0.16666666666666666,0.39621232705483395,1566.3333333333333,3,0,0.0,0.19905308176370848
7,0.14285714285714285,0.39621232705483395,1566.3333333333333,3,0,0.0,0.1847673674779942
8,0.125,0.39621232705483395,1566.3333333333333,3,0,0.0,0.17405308176370848
