K,dominant_ratio,balance_entropy,mean_segment_length,segment_count,meta_min_len,coherence,selection_score
5,0.4,0.9972610698410892,434.7826086956522,23,0,0.023957409050576754,0.49290887881785883
10,0.4,0.8193838231287242,200.0,50,0,0.0,0.444845955782181
6,0.3333333333333333,0.8498372070697243,256.4102564102564,39,0,0.0057561486132914706,0.4133227240594248
7,0.2857142857142857,0.8498372070697243,256.4102564102564,39,0,0.0057561486132914706,0.3847512954879962
8,0.25,0.8418385716313928,256.4102564102564,39,0,0.0057561486132914706,0.36132306519984186
9,0.2222222222222222,0.8418385716313928,256.4102564102564,39,0,0.0057561486132914706,0.34465639853317526
4,0.25,0.0,10000.0,1,0,1.0,0.3
