K,dominant_ratio,balance_entropy,mean_segment_length,segment_count,meta_min_len,coherence,selection_score
4,0.25,0.5873911819862766,1214.2857142857142,14,0,1.0,0.44684779549656917
6,0.3333333333333333,0.5109414270660807,1062.5,16,0,0.5250000000000001,0.4064853567665202
7,0.2857142857142857,0.5109414270660807,1062.5,16,0,0.5250000000000001,0.3779139281950916
5,0.2,0.5332954137192185,1133.3333333333333,15,0,0.7466666666666666,0.3653238534298046
8,0.25,0.5109414270660807,1062.5,16,0,0.5250000000000001,0.35648535676652016
9,0.2222222222222222,0.5068271064582329,894.7368421052631,19,0,0.0,0.26004010994789156
10,0.2,0.5071443797479246,894.7368421052631,19,0,0.0,0.24678609493698114
11,0.18181818181818182,0.5071968216544405,894.7368421052631,19,0,0.0,0.2358901145045192
