K,dominant_ratio,balance_entropy,mean_segment_length,segment_count,meta_min_len,coherence,selection_score
4,0.5,0.8984832594645552,333.3333333333333,21,0,0.21568627450980388,0.5569737560426093
5,0.4,0.8984832594645552,333.3333333333333,21,0,0.21568627450980388,0.4969737560426094
3,0.3333333333333333,0.5706100138666389,636.3636363636364,11,0,1.0,0.4926525034666597
7,0.42857142857142855,0.8432494095285855,304.3478260869565,23,0,0.1406649616368286,0.48905495377052777
6,0.3333333333333333,0.8984832594645552,333.3333333333333,21,0,0.21568627450980388,0.45697375604260937
8,0.375,0.8431216680888831,304.3478260869565,23,0,0.1406649616368286,0.45688016126774506
9,0.3333333333333333,0.8431216680888831,304.3478260869565,23,0,0.1406649616368286,0.4318801612677451
10,0.3,0.7640378602006757,250.0,28,0,0.0,0.3710094650501689
