K,dominant_ratio,balance_entropy,mean_segment_length,segment_count,meta_min_len,coherence,selection_score
6,0.3333333333333333,0.8795046631202811,380.0,50,0,0.0,0.41987616578007025
8,0.375,0.7582050184364302,413.04347826086956,46,0,0.00966183574879227,0.41600052997142634
4,0.25,0.41248022237296433,3800.0,5,0,1.0,0.40312005559324104
9,0.3333333333333333,0.7688048252479001,413.04347826086956,46,0,0.00966183574879227,0.3936504816742938
10,0.3,0.7688048252479001,413.04347826086956,46,0,0.00966183574879227,0.3736504816742938
7,0.2857142857142857,0.7582050184364302,413.04347826086956,46,0,0.00966183574879227,0.3624291013999978
11,0.2727272727272727,0.7688048252479001,413.04347826086956,46,0,0.00966183574879227,0.3572868453106574
5,0.2,0.5982385721375043,703.7037037037037,27,0,0.09465020576131687,0.2837571738985736
