K,dominant_ratio,balance_entropy,mean_segment_length,segment_count,meta_min_len,coherence,selection_score
8,0.25,0.9148745016760017,516.2758620689655,29,0,0.0,0.3787186254190004
4,0.25,0.0,14972.0,1,0,1.0,0.3
5,0.2,0.0,14972.0,1,0,1.0,0.27
6,0.16666666666666666,0.0,14972.0,1,0,1.0,0.25
7,0.14285714285714285,0.0,14972.0,1,0,1.0,0.2357142857142857
