K,dominant_ratio,balance_entropy,mean_segment_length,segment_count,meta_min_len,coherence,selection_score
8,0.25,0.46076689984657004,467.875,32,0,1.0,0.41519172496164247
4,0.25,0.4778442046202153,453.6969696969697,33,0,0.0,0.2694610511550538
5,0.2,0.4783075620512889,453.6969696969697,33,0,0.0,0.23957689051282222
6,0.16666666666666666,0.4765867778445892,453.6969696969697,33,0,0.0,0.2191466944611473
10,0.2,0.39247482839305875,453.6969696969697,33,0,0.0,0.2181187070982647
11,0.18181818181818182,0.39247482839305875,453.6969696969697,33,0,0.0,0.20720961618917377
7,0.14285714285714285,0.4765867778445892,453.6969696969697,33,0,0.0,0.204860980175433
9,0.1111111111111111,0.39247482839305875,453.6969696969697,33,0,0.0,0.16478537376493135
