K,dominant_ratio,balance_entropy,mean_segment_length,segment_count,meta_min_len,coherence,selection_score
8,0.25,0.9970982614333078,698.2727272727273,11,0,0.0,0.39927456535832695
3,0.3333333333333333,0.0,7681.0,1,0,1.0,0.35
4,0.25,0.0,7681.0,1,0,1.0,0.3
5,0.2,0.0,7681.0,1,0,1.0,0.27
6,0.16666666666666666,0.0,7681.0,1,0,1.0,0.25
7,0.14285714285714285,0.0,7681.0,1,0,1.0,0.2357142857142857
