K,dominant_ratio,balance_entropy,mean_segment_length,segment_count,meta_min_len,coherence,selection_score
2,0.5,0.0,17520.0,1,0,1.0,0.44999999999999996
3,0.3333333333333333,0.0,17520.0,1,0,1.0,0.35
4,0.25,0.09150369710555264,3504.0,5,0,0.0,0.17287592427638815
5,0.2,0.08539096109391732,3504.0,5,0,0.0,0.14134774027347932
6,0.16666666666666666,0.08539096109391732,3504.0,5,0,0.0,0.12134774027347932
7,0.14285714285714285,0.08539096109391732,3504.0,5,0,0.0,0.10706202598776503
8,0.125,0.08539096109391732,3504.0,5,0,0.0,0.09634774027347932
9,0.1111111111111111,0.08539096109391732,3504.0,5,0,0.0,0.08801440694014599
10,0.1,0.08539096109391732,3504.0,5,0,0.0,0.08134774027347932
