K,dominant_ratio,balance_entropy,mean_segment_length,segment_count,meta_min_len,coherence,selection_score
4,0.25,0.06874142465138784,5840.0,3,0,1.0,0.31718535616284693
5,0.2,0.06874142465138784,5840.0,3,0,1.0,0.28718535616284696
6,0.16666666666666666,0.06874142465138784,5840.0,3,0,1.0,0.26718535616284694
7,0.14285714285714285,0.07188078471354692,5840.0,3,0,1.0,0.25368448189267245
8,0.125,0.24983098875618612,761.7391304347826,23,0,0.011857707509881434,0.13923640331552872
9,0.1111111111111111,0.24983098875618612,761.7391304347826,23,0,0.011857707509881434,0.1309030699821954
10,0.1,0.24983098875618612,761.7391304347826,23,0,0.011857707509881434,0.12423640331552875
11,0.09090909090909091,0.24691683106906026,700.8,25,0,0.0,0.1162746623127196
