K,dominant_ratio,balance_entropy,mean_segment_length,segment_count,meta_min_len,coherence,selection_score
3,0.3333333333333333,0.0,12698.0,1,0,1.0,0.35
4,0.25,0.0,12698.0,1,0,1.0,0.3
8,0.25,0.5805724350932856,1410.888888888889,9,0,0.0,0.2951431087733214
9,0.2222222222222222,0.5805724350932856,1410.888888888889,9,0,0.0,0.27847644210665473
10,0.2,0.582230585995051,1410.888888888889,9,0,0.0,0.26555764649876273
5,0.2,0.5805724350932856,1410.888888888889,9,0,0.0,0.26514310877332137
6,0.16666666666666666,0.5805724350932856,1410.888888888889,9,0,0.0,0.2451431087733214
7,0.14285714285714285,0.5805724350932856,1410.888888888889,9,0,0.0,0.23085739448760711
