K,dominant_ratio,balance_entropy,mean_segment_length,segment_count,meta_min_len,coherence,selection_score
4,0.25,0.0,14698.0,1,0,1.0,0.3
9,0.2222222222222222,0.5095309664156099,1633.111111111111,9,0,0.0,0.2607160749372358
10,0.2,0.5095309664156099,1633.111111111111,9,0,0.0,0.24738274160390247
5,0.2,0.5079125319036097,1633.111111111111,9,0,0.0,0.24697813297590243
6,0.16666666666666666,0.5079125319036097,1633.111111111111,9,0,0.0,0.2269781329759024
7,0.14285714285714285,0.508722282427992,1633.111111111111,9,0,0.0,0.2128948563212837
8,0.125,0.508722282427992,1633.111111111111,9,0,0.0,0.202180570606998
