K,dominant_ratio,balance_entropy,mean_segment_length,segment_count,meta_min_len,coherence,selection_score
2,0.5,0.0,8000.0,1,0,1.0,0.44999999999999996
3,0.3333333333333333,0.7840628699955428,2666.6666666666665,3,0,0.11111111111111109,0.4126823841655523
5,0.4,0.5656106812185764,2000.0,4,0,0.0,0.3814026703046441
6,0.3333333333333333,0.5656106812185764,2000.0,4,0,0.0,0.3414026703046441
7,0.2857142857142857,0.5656106812185764,2000.0,4,0,0.0,0.3128312417332155
4,0.25,0.5656106812185764,2000.0,4,0,0.0,0.29140267030464406
8,0.25,0.5656106812185764,2000.0,4,0,0.0,0.29140267030464406
