K,dominant_ratio,balance_entropy,mean_segment_length,segment_count,meta_min_len,coherence,selection_score
3,0.3333333333333333,0.0,11999.0,1,0,1.0,0.35
8,0.25,0.7780244746903462,705.8235294117648,17,0,0.017902813299232743,0.34719154066747143
9,0.2222222222222222,0.7780244746903462,705.8235294117648,17,0,0.017902813299232743,0.3305248740008048
4,0.25,0.0,11999.0,1,0,1.0,0.3
5,0.2,0.42299992959371085,3999.6666666666665,3,0,0.3043478260869565,0.2714021563114712
6,0.16666666666666666,0.42299992959371085,3999.6666666666665,3,0,0.3043478260869565,0.25140215631147117
7,0.14285714285714285,0.4184233248392355,499.9583333333333,24,0,0.0,0.19032011692409456
