K,dominant_ratio,balance_entropy,mean_segment_length,segment_count,meta_min_len,coherence,selection_score
3,0.3333333333333333,0.0,12000.0,1,0,1.0,0.35
4,0.25,0.0,12000.0,1,0,1.0,0.3
9,0.2222222222222222,0.5360309753427769,923.0769230769231,13,0,0.0,0.26734107716902755
5,0.2,0.5303182632695942,923.0769230769231,13,0,0.0,0.25257956581739854
6,0.16666666666666666,0.5303182632695942,923.0769230769231,13,0,0.0,0.23257956581739853
7,0.14285714285714285,0.5303182632695942,923.0769230769231,13,0,0.0,0.21829385153168424
8,0.125,0.5360309753427769,923.0769230769231,13,0,0.0,0.2090077438356942
