K,dominant_ratio,balance_entropy,mean_segment_length,segment_count,meta_min_len,coherence,selection_score
5,0.4,0.9818245310537708,1428.5714285714287,7,0,0.07692307692307693,0.49699459430190424
6,0.3333333333333333,0.670851764412812,1111.111111111111,9,0,0.04273504273504272,0.37412319751345935
3,0.3333333333333333,0.0,10000.0,1,0,1.0,0.35
7,0.2857142857142857,0.6190105980900726,714.2857142857143,14,0,0.0,0.3261812209510896
8,0.25,0.6190105980900726,714.2857142857143,14,0,0.0,0.3047526495225181
4,0.25,0.0,10000.0,1,0,1.0,0.3
9,0.2222222222222222,0.6190105980900726,714.2857142857143,14,0,0.0,0.2880859828558515
