K,dominant_ratio,balance_entropy,mean_segment_length,segment_count,meta_min_len,coherence,selection_score
3,0.6666666666666666,0.9577590247585602,3333.3333333333335,3,0,1.0,0.78943975618964
4,0.5,0.9577590247585602,3333.3333333333335,3,0,1.0,0.68943975618964
5,0.4,0.9577590247585602,3333.3333333333335,3,0,1.0,0.6294397561896401
6,0.3333333333333333,0.6669037154298336,2000.0,5,0,0.0,0.36672592885745836
7,0.2857142857142857,0.6669037154298336,2000.0,5,0,0.0,0.3381545002860298
8,0.25,0.6669037154298336,2000.0,5,0,0.0,0.3167259288574584
