class,support_sec,precision,recall,f1
自然讲授,1070.436035999992,0.8364888171931054,0.8483526128225365,0.8423789456032262
侧向讲授,684.7173659999978,0.7329103749323878,0.5741922865148994,0.6439149676689587
板书书写,468.7682969999993,0.7228628367308042,0.9281087645737263,0.8127278916540682
