expert_name,n_videos,total_sec,correct_sec,accuracy,macro_f1,weighted_f1,skipped_total_sec
expertC,4,2223.921698999989,1736.3346029999889,0.7807534787671485,0.7663406016420843,0.7750244131354732,382.9158699999998
