expert_name,video_id,total_sec,correct_sec,accuracy,macro_f1,weighted_f1
expertC,32/32,558.1909610000001,420.95386100000013,0.754139515705988,0.7553215953350336,0.7552810961304158
expertC,38/38,710.843468,623.0891359999997,0.8765490069889756,0.6115252154690426,0.8373652885221737
expertC,39/39,623.456167,439.13870299999985,0.7043617919654002,0.6487935926768092,0.7122305603136908
expertC,51/51,331.4311030000001,253.152903,0.7638175799089076,0.7852690010958062,0.7635410362000097
