K,dominant_ratio,balance_entropy,mean_segment_length,segment_count,meta_min_len,coherence,selection_score
9,0.5555555555555556,0.8743669384404668,172.2258064516129,31,0,0.0,0.55192506794345
8,0.375,0.7780720875606694,222.45833333333334,24,0,0.13888888888888895,0.44035135522350066
5,0.2,0.5480919220701685,533.9,10,0,1.0,0.40702298051754215
6,0.3333333333333333,0.7853887759669034,197.74074074074073,27,0,0.07054673721340389,0.4069292045737364
7,0.2857142857142857,0.7307250565961453,190.67857142857142,28,0,0.05102040816326529,0.3617628968020975
