K,dominant_ratio,balance_entropy,mean_segment_length,segment_count,meta_min_len,coherence,selection_score
4,0.5,0.9098564504326428,1752.0,5,0,1.0,0.6774641126081608
5,0.4,0.9098564504326428,1752.0,5,0,1.0,0.6174641126081607
6,0.3333333333333333,0.9098564504326428,1752.0,5,0,1.0,0.5774641126081607
7,0.2857142857142857,0.9098564504326428,1752.0,5,0,1.0,0.5488926840367321
8,0.25,0.7300956762527105,1095.0,8,0,0.0,0.33252391906317763
