K,dominant_ratio,balance_entropy,mean_segment_length,segment_count,meta_min_len,coherence,selection_score
4,0.75,0.9890507536520017,399.8,5,0,1.0,0.8472626884130005
3,0.6666666666666666,0.9890507536520017,399.8,5,0,1.0,0.7972626884130004
5,0.6,0.7998247917543108,333.1666666666667,6,0,0.0,0.5599561979385776
