K,dominant_ratio,balance_entropy,mean_segment_length,segment_count,meta_min_len,coherence,selection_score
3,0.6666666666666666,0.8206300682955504,499.75,4,0,1.0,0.7551575170738876
4,0.5,0.8206300682955504,499.75,4,0,1.0,0.6551575170738876
5,0.4,0.7178765300642036,333.1666666666667,6,0,0.0,0.4194691325160509
6,0.3333333333333333,0.7151164578667383,333.1666666666667,6,0,0.0,0.37877911446668455
