K,dominant_ratio,balance_entropy,mean_segment_length,segment_count,meta_min_len,coherence,selection_score
4,0.75,0.8653775392259158,2999.8333333333335,6,0,1.0,0.816344384806479
5,0.6,0.8653775392259158,2999.8333333333335,6,0,1.0,0.7263443848064789
6,0.5,0.8653775392259158,2999.8333333333335,6,0,1.0,0.666344384806479
7,0.42857142857142855,0.8653775392259158,2999.8333333333335,6,0,1.0,0.623487241949336
8,0.375,0.8653717847686191,2999.8333333333335,6,0,1.0,0.5913429461921548
