K,dominant_ratio,balance_entropy,mean_segment_length,segment_count,meta_min_len,coherence,selection_score
5,0.4,0.6975478245879608,1417.7692307692307,13,0,0.8391608391608391,0.540261082021116
4,0.25,0.8683824888002882,1535.9166666666667,12,0,1.0,0.5170956222000721
6,0.3333333333333333,0.684637449011455,877.6666666666666,21,0,0.10389610389610386,0.3867437778372793
7,0.2857142857142857,0.6856701898435981,801.3478260869565,23,0,0.0,0.3428461188894709
8,0.25,0.6858476604858167,801.3478260869565,23,0,0.0,0.32146191512145417
