K,dominant_ratio,balance_entropy,mean_segment_length,segment_count,meta_min_len,coherence,selection_score
3,0.6666666666666666,0.7462232085208028,2608.0,4,0,1.0,0.7365558021302007
4,0.5,0.7462232085208028,2608.0,4,0,1.0,0.6365558021302007
5,0.4,0.7487798189365875,2608.0,4,0,1.0,0.5771949547341468
6,0.3333333333333333,0.6233275564091807,1738.6666666666667,6,0,0.33333333333333337,0.4058318891022951
7,0.2857142857142857,0.6171498567759944,1304.0,8,0,0.0,0.32571603562257
