K,dominant_ratio,balance_entropy,mean_segment_length,segment_count,meta_min_len,coherence,selection_score
4,0.5,0.9628869245865168,587.375,8,0,1.0,0.6907217311466293
5,0.6,0.9355454679995325,522.1111111111111,9,0,0.0,0.5938863669998831
6,0.5,0.9355454679995325,522.1111111111111,9,0,0.0,0.5338863669998831
