K,dominant_ratio,balance_entropy,mean_segment_length,segment_count,meta_min_len,coherence,selection_score
4,0.25,0.7421895474821045,361.46153846153845,13,0,1.0,0.4855473868705261
5,0.2,0.7188364407123078,361.46153846153845,13,0,1.0,0.4497091101780769
6,0.3333333333333333,0.7001161249636877,276.4117647058824,17,0,0.0,0.3750290312409219
7,0.2857142857142857,0.7058250836734291,276.4117647058824,17,0,0.0,0.3478848423469287
