K,dominant_ratio,balance_entropy,mean_segment_length,segment_count,meta_min_len,coherence,selection_score
7,0.42857142857142855,0.799161931081099,358.49056603773585,53,0,1.0,0.6069333399131319
8,0.5,0.8823141007992997,256.7567567567568,74,0,0.11459459459459471,0.5377677143890142
9,0.4444444444444444,0.8802006769902665,243.5897435897436,78,0,0.0,0.4867168359142333
10,0.4,0.8802006769902665,243.5897435897436,78,0,0.0,0.4600501692475666
11,0.36363636363636365,0.8802006769902665,243.5897435897436,78,0,0.0,0.4382319874293848
