K,dominant_ratio,balance_entropy,mean_segment_length,segment_count,meta_min_len,coherence,selection_score
8,0.625,0.8847056139658603,303.030303030303,33,0,1.0,0.7461764034914651
7,0.5714285714285714,0.9753938711087313,303.030303030303,33,0,1.0,0.7367056106343256
9,0.5555555555555556,0.8847056139658603,303.030303030303,33,0,1.0,0.7045097368247984
6,0.5,0.9753938711087313,303.030303030303,33,0,1.0,0.6938484677771829
10,0.5,0.8847056139658603,303.030303030303,33,0,1.0,0.6711764034914651
11,0.45454545454545453,0.8847056139658603,303.030303030303,33,0,1.0,0.6439036762187378
