K,dominant_ratio,balance_entropy,mean_segment_length,segment_count,meta_min_len,coherence,selection_score
4,0.25,0.7050496776537712,1700.0,10,0,1.0,0.47626241941344283
5,0.2,0.656207319099014,1545.4545454545455,11,0,0.8333333333333334,0.4090518297747535
6,0.3333333333333333,0.5863192546896813,1133.3333333333333,15,0,0.3888888888888888,0.4049131470057536
7,0.2857142857142857,0.5618609690943511,944.4444444444445,18,0,0.18518518518518517,0.339671591479937
8,0.25,0.5618609690943511,944.4444444444445,18,0,0.18518518518518517,0.31824302005136557
9,0.2222222222222222,0.5649272394719793,772.7272727272727,22,0,0.0,0.2745651432013282
10,0.2,0.562528875661123,772.7272727272727,22,0,0.0,0.26063221891528077
