K,dominant_ratio,balance_entropy,mean_segment_length,segment_count,meta_min_len,coherence,selection_score
6,0.3333333333333333,0.8333629825304292,388.8888888888889,18,0,0.7870370370370374,0.5263963011881628
4,0.25,0.8755536975215831,411.7647058823529,17,0,1.0,0.5188884243803957
7,0.2857142857142857,0.7775972972072874,368.42105263157896,19,0,0.5964912280701757,0.45530157994091963
5,0.2,0.8360184977521127,388.8888888888889,18,0,0.7870370370370374,0.4470601799935837
8,0.25,0.8648105646713843,304.3478260869565,23,0,0.0,0.36620264116784607
