K,dominant_ratio,balance_entropy,mean_segment_length,segment_count,meta_min_len,coherence,selection_score
3,0.3333333333333333,0.6690612889484735,1476.4,5,0,1.0,0.5172653222371184
6,0.3333333333333333,0.6690612889484735,1476.4,5,0,1.0,0.5172653222371184
4,0.25,0.6690612889484735,1476.4,5,0,1.0,0.46726532223711836
5,0.2,0.6690612889484735,1476.4,5,0,1.0,0.43726532223711834
