K,dominant_ratio,balance_entropy,mean_segment_length,segment_count,meta_min_len,coherence,selection_score
5,0.6,0.9447143836712519,348.1860465116279,43,0,1.0,0.746178595917813
4,0.5,0.9447143836712519,348.1860465116279,43,0,1.0,0.6861785959178129
7,0.42857142857142855,0.8967451457964154,262.6666666666667,57,0,0.37719298245614047,0.5379080909603821
6,0.3333333333333333,0.8967451457964154,262.6666666666667,57,0,0.37719298245614047,0.4807652338175249
8,0.375,0.8619864902364177,210.8732394366197,71,0,0.0,0.4404966225591044
