K,dominant_ratio,balance_entropy,mean_segment_length,segment_count,meta_min_len,coherence,selection_score
6,0.5,0.7826346216270325,340.27272727272725,44,0,1.0,0.6456586554067582
7,0.42857142857142855,0.7305963788422282,332.7111111111111,45,0,0.8888888888888892,0.5731252851867474
8,0.375,0.7029205557846177,318.5531914893617,47,0,0.6808510638297879,0.5028577985206226
10,0.3,0.7705872309877222,272.2181818181818,55,0,0.0,0.37264680774693054
9,0.2222222222222222,0.7276038344291894,293.5686274509804,51,0,0.3137254901960787,0.3622931154700425
11,0.2727272727272727,0.7697881106981123,272.2181818181818,55,0,0.0,0.3560833913108917
