K,dominant_ratio,balance_entropy,mean_segment_length,segment_count,meta_min_len,coherence,selection_score
6,0.3333333333333333,0.716768766921421,998.1333333333333,15,0,1.0,0.5291921917303553
7,0.2857142857142857,0.716768766921421,998.1333333333333,15,0,1.0,0.5006207631589267
4,0.25,0.716768766921421,998.1333333333333,15,0,1.0,0.4791921917303552
8,0.25,0.716768766921421,998.1333333333333,15,0,1.0,0.4791921917303552
5,0.2,0.716768766921421,998.1333333333333,15,0,1.0,0.4491921917303553
