K,dominant_ratio,balance_entropy,mean_segment_length,segment_count,meta_min_len,coherence,selection_score
4,0.5,0.7394054714654617,768.1,10,0,1.0,0.6348513678663654
5,0.4,0.6270878856762325,480.0625,16,0,0.0,0.3967719714190581
6,0.3333333333333333,0.6270878856762325,480.0625,16,0,0.0,0.35677197141905814
7,0.2857142857142857,0.6270878856762325,480.0625,16,0,0.0,0.32820054284762956
