K,dominant_ratio,balance_entropy,mean_segment_length,segment_count,meta_min_len,coherence,selection_score
5,0.4,0.5463757306013056,530.9090909090909,33,0,0.0,0.37659393265032637
4,0.25,0.18513680712606367,1946.6666666666667,9,0,1.0,0.34628420178151587
6,0.3333333333333333,0.5445509868797715,565.1612903225806,31,0,0.02419354838709677,0.3397667789780074
7,0.2857142857142857,0.4906873670366244,565.1612903225806,31,0,0.02419354838709677,0.297729445445792
8,0.25,0.4907096581163166,565.1612903225806,31,0,0.02419354838709677,0.2763064467871436
9,0.2222222222222222,0.49315754227571196,584.0,30,0,0.03750000000000002,0.2622477189022613
