K,dominant_ratio,balance_entropy,mean_segment_length,segment_count,meta_min_len,coherence,selection_score
5,0.4,0.678211201736275,1752.0,10,0,1.0,0.5595528004340687
6,0.3333333333333333,0.679190897334858,1460.0,12,0,0.7828282828282828,0.4872219667579569
8,0.375,0.7702629191577579,427.3170731707317,41,0,0.014781966001478184,0.41978302468966117
9,0.3333333333333333,0.6638200357041864,407.4418604651163,43,0,0.0,0.3659550089260466
7,0.2857142857142857,0.7690648044409146,427.3170731707317,41,0,0.014781966001478184,0.36591206743902177
