K,dominant_ratio,balance_entropy,mean_segment_length,segment_count,meta_min_len,coherence,selection_score
3,0.6666666666666666,0.9854035845968627,5840.0,3,0,1.0,0.7963508961492157
4,0.5,0.9854035845968627,5840.0,3,0,1.0,0.6963508961492156
5,0.4,0.9854035845968627,5840.0,3,0,1.0,0.6363508961492157
6,0.3333333333333333,0.9854035845968627,5840.0,3,0,1.0,0.5963508961492157
7,0.2857142857142857,0.9854035845968627,5840.0,3,0,1.0,0.5677794675777871
