K,dominant_ratio,balance_entropy,mean_segment_length,segment_count,meta_min_len,coherence,selection_score
5,0.2,0.7131455139342184,793.625,16,0,1.0,0.44828637848355457
9,0.3333333333333333,0.808406607282326,295.30232558139534,43,0,0.0850498338870432,0.41485912690363796
7,0.2857142857142857,0.8652144112958541,302.3333333333333,42,0,0.09795918367346937,0.40242605180355534
10,0.3,0.8049542665227931,248.98039215686273,51,0,0.0,0.3812385666306983
6,0.16666666666666666,0.647324870688507,634.9,20,0,0.7085714285714285,0.368116931957841
8,0.25,0.8085233096116909,295.30232558139534,43,0,0.0850498338870432,0.3648883024859792
11,0.2727272727272727,0.8040868938768382,248.98039215686273,51,0,0.0,0.3646580871055731
