K,dominant_ratio,balance_entropy,mean_segment_length,segment_count,meta_min_len,coherence,selection_score
8,0.25,0.801103219418419,215.66666666666666,51,0,0.0,0.35027580485460474
4,0.25,0.0,10999.0,1,0,1.0,0.3
5,0.2,0.0,10999.0,1,0,1.0,0.27
6,0.16666666666666666,0.0,10999.0,1,0,1.0,0.25
7,0.14285714285714285,0.3993151760138636,1222.111111111111,9,0,0.09333333333333332,0.1995430797177516
