K,dominant_ratio,balance_entropy,mean_segment_length,segment_count,meta_min_len,coherence,selection_score
5,0.2,0.666435849403405,1469.8,10,0,1.0,0.4366089623508512
6,0.3333333333333333,0.899707517294286,489.93333333333334,30,0,0.055555555555555546,0.43326021265690484
9,0.3333333333333333,0.8261185436118156,432.29411764705884,34,0,0.0,0.4065296359029539
7,0.2857142857142857,0.8261185436118156,432.29411764705884,34,0,0.0,0.3779582073315253
8,0.25,0.8261185436118156,432.29411764705884,34,0,0.0,0.3565296359029539
