K,dominant_ratio,balance_entropy,mean_segment_length,segment_count,meta_min_len,coherence,selection_score
5,0.4,0.5967161015806813,1600.0,5,0,1.0,0.5391790253951704
6,0.3333333333333333,0.48086248674519305,1600.0,5,0,1.0,0.47021562168629827
4,0.25,0.5967161015806813,1600.0,5,0,1.0,0.4491790253951703
7,0.2857142857142857,0.48086248674519305,1600.0,5,0,1.0,0.4416441931148697
