K,dominant_ratio,balance_entropy,mean_segment_length,segment_count,meta_min_len,coherence,selection_score
3,0.6666666666666666,0.8912556804239682,307.6923076923077,39,0,0.1794871794871793,0.649736997029069
4,0.5,0.8917434839039716,324.3243243243243,37,0,0.5675675675675679,0.6080710061111281
6,0.3333333333333333,0.8908862251979148,342.85714285714283,35,0,1.0,0.5727215562994787
5,0.4,0.8917434839039716,324.3243243243243,37,0,0.5675675675675679,0.548071006111128
8,0.375,0.7701597933630475,324.3243243243243,37,0,0.5675675675675679,0.5026750834758971
7,0.2857142857142857,0.7703055676610219,324.3243243243243,37,0,0.5675675675675679,0.4491400984789621
9,0.3333333333333333,0.6773653693616812,300.0,40,0,0.0,0.36934134234042026
