K,dominant_ratio,balance_entropy,mean_segment_length,segment_count,meta_min_len,coherence,selection_score
4,0.5,0.6535940456600271,428.57142857142856,28,0,1.0,0.6133985114150068
5,0.4,0.6564273148689412,400.0,30,0,0.8296296296296297,0.5285512731616797
6,0.5,0.773122048934902,272.72727272727275,44,0,0.0707070707070708,0.5038865728397861
7,0.42857142857142855,0.7485545922498777,260.8695652173913,46,0,0.0,0.44428150520532655
8,0.375,0.6615225520733256,260.8695652173913,46,0,0.0,0.39038063801833134
9,0.3333333333333333,0.6615225520733256,260.8695652173913,46,0,0.0,0.36538063801833137
