K,dominant_ratio,balance_entropy,mean_segment_length,segment_count,meta_min_len,coherence,selection_score
3,0.6666666666666666,0.9146210029245444,799.9333333333333,15,0,0.14999999999999986,0.651155250731136
4,0.5,0.7555510783339833,857.0714285714286,14,0,0.24107142857142852,0.5250484838692101
7,0.2857142857142857,0.6958329685622003,1333.2222222222222,9,0,1.0,0.4953868135691215
6,0.3333333333333333,0.6984660123168234,999.9166666666666,12,0,0.46874999999999994,0.4449290030792058
5,0.4,0.7024687664573899,705.8235294117648,17,0,0.0,0.41561719161434746
