K,dominant_ratio,balance_entropy,mean_segment_length,segment_count,meta_min_len,coherence,selection_score
5,0.4,0.95407167911746,13333.0,3,0,1.0,0.628517919779365
6,0.5,0.965966404805151,1739.0869565217392,23,0,0.017013232514177704,0.5440435860784143
7,0.42857142857142855,0.965966404805151,1739.0869565217392,23,0,0.017013232514177704,0.5011864432212715
8,0.375,0.8021543443794122,1538.423076923077,26,0,0.0,0.42553858609485307
9,0.3333333333333333,0.8021543443794122,1538.423076923077,26,0,0.0,0.40053858609485304
