K,dominant_ratio,balance_entropy,mean_segment_length,segment_count,meta_min_len,coherence,selection_score
6,0.3333333333333333,0.7361172002678145,1538.423076923077,26,0,1.0,0.5340293000669536
7,0.2857142857142857,0.7377932782665751,1538.423076923077,26,0,1.0,0.5058768909952152
8,0.25,0.6018647418291432,1428.5357142857142,28,0,0.0,0.30046618545728576
9,0.2222222222222222,0.6018647418291432,1428.5357142857142,28,0,0.0,0.28379951879061915
10,0.2,0.6018647418291432,1428.5357142857142,28,0,0.0,0.2704661854572858
