K,dominant_ratio,balance_entropy,mean_segment_length,segment_count,meta_min_len,coherence,selection_score
5,0.6,0.8718784012709037,1111.111111111111,9,0,1.0,0.727969600317726
6,0.5,0.7635842224748273,769.2307692307693,13,0,0.46153846153846156,0.5601268248494761
7,0.42857142857142855,0.7666411046388066,476.1904761904762,21,0,0.0,0.4488031333025588
