K,dominant_ratio,balance_entropy,mean_segment_length,segment_count,meta_min_len,coherence,selection_score
3,0.6666666666666666,0.9854878531130992,1111.111111111111,9,0,1.0,0.7963719632782748
4,0.5,0.7719197321560067,625.0,16,0,0.41105769230769235,0.5546385868851555
6,0.5,0.8040187850118033,285.7142857142857,35,0,0.0,0.5010046962529509
7,0.42857142857142855,0.8040187850118033,285.7142857142857,35,0,0.0,0.4581475533958079
5,0.4,0.647582601951897,555.5555555555555,18,0,0.3269230769230769,0.4509341120264358
8,0.375,0.8040187850118033,285.7142857142857,35,0,0.0,0.4260046962529508
