dataset,case_id,ari,nmi,true_states,pred_states,init_source,init_cps_count,final_cps_count,init_cps,final_cps,segment_labels,seconds,status,error
MoCap,amc_86_14.4d,0.2094520143,0.3874887305,3,3,clasp:znormed_euclidean_distance,3,2,"[638, 1896, 5296]","[638, 1896]","[0, 1, 2]",24.6701,ok,
MoCap,amc_86_01.4d,0.4204468272,0.5624913553,4,3,clasp:znormed_euclidean_distance,3,2,"[1623, 3282, 4157]","[3282, 4157]","[0, 1, 2]",3.4955,ok,
MoCap,amc_86_02.4d,0.5904911735,0.7434297234,8,5,clasp:znormed_euclidean_distance,9,8,"[910, 1929, 2595, 4674, 6029, 7394, 8515, 8857, 9597]","[910, 1929, 2595, 4674, 6029, 7394, 8857, 9597]","[0, 1, 2, 1, 0, 1, 3, 4, 0]",9.9862,ok,
MoCap,amc_86_03.4d,0.9081228188,0.8884157936,7,6,clasp:znormed_euclidean_distance,8,8,"[893, 1899, 2428, 3491, 4648, 5400, 6257, 7049]","[893, 1899, 2428, 3491, 4648, 5400, 6257, 7049]","[0, 1, 2, 0, 3, 4, 2, 5, 0]",7.6659,ok,
MoCap,amc_86_07.4d,0.5773875250,0.6683311436,6,4,clasp:znormed_euclidean_distance,6,6,"[1062, 3671, 4375, 5228, 5720, 6079]","[1062, 3671, 4375, 5228, 5720, 6079]","[0, 1, 2, 3, 2, 1, 0]",7.5842,ok,
MoCap,amc_86_08.4d,0.4504437450,0.7101963444,9,5,clasp:znormed_euclidean_distance,9,7,"[1024, 1782, 2601, 3912, 4698, 5607, 6189, 7198, 8147]","[1024, 1782, 2601, 4698, 5607, 7198, 8147]","[0, 1, 2, 1, 3, 1, 4, 0]",8.8265,ok,
MoCap,amc_86_09.4d,0.7988292914,0.8083666806,5,4,clasp:znormed_euclidean_distance,4,4,"[780, 2155, 2792, 3659]","[780, 2155, 2792, 3659]","[0, 1, 2, 3, 0]",3.3744,ok,
MoCap,amc_86_10.4d,0.7101531117,0.7157221797,4,3,clasp:znormed_euclidean_distance,5,5,"[1752, 3811, 4912, 5663, 6589]","[1752, 3811, 4912, 5663, 6589]","[0, 1, 0, 1, 2, 0]",6.5251,ok,
MoCap,amc_86_11.4d,0.5639172649,0.6873190520,4,5,clasp:znormed_euclidean_distance,7,7,"[1058, 1545, 2231, 2721, 3384, 4027, 4793]","[1058, 1545, 2231, 2721, 3384, 4027, 4793]","[0, 1, 2, 1, 3, 2, 1, 4]",5.0217,ok,
