K,dominant_ratio,balance_entropy,mean_segment_length,segment_count,meta_min_len,coherence,selection_score
15,0.3333333333333333,0.6947768582218912,322.54455445544556,101,24,1.0,0.5236942145554728
20,0.25,0.6838366870766776,304.4579439252336,107,24,0.3775700934579423,0.3775946857878607
16,0.3125,0.6882425765018888,293.4864864864865,111,24,0.0,0.3595606441254722
17,0.29411764705882354,0.687937373121798,293.4864864864865,111,24,0.0,0.34845493151574364
18,0.2777777777777778,0.6877287603514229,293.4864864864865,111,24,0.0,0.3385988567545224
19,0.2631578947368421,0.6877773215298987,293.4864864864865,111,24,0.0,0.3298390672245799
