K,dominant_ratio,balance_entropy,mean_segment_length,segment_count,meta_min_len,coherence,selection_score
12,0.3333333333333333,0.7535995436428957,571.5263157894736,57,24,1.0,0.538399885910724
15,0.3333333333333333,0.7874065896557843,350.2903225806452,93,24,0.03225806451612923,0.40169035709136547
16,0.3125,0.7870253610498398,350.2903225806452,93,24,0.03225806451612923,0.3890950499398793
13,0.3076923076923077,0.7936972789954584,350.2903225806452,93,24,0.03225806451612923,0.3878784140416686
17,0.29411764705882354,0.7864723690852862,350.2903225806452,93,24,0.03225806451612923,0.3779273901840351
14,0.2857142857142857,0.7870155052964278,350.2903225806452,93,24,0.03225806451612923,0.3730211574300978
18,0.2777777777777778,0.7860022970858889,350.2903225806452,93,24,0.03225806451612923,0.3680059506155583
19,0.2631578947368421,0.7589205047529806,342.9157894736842,95,24,0.0,0.3476248630303504
20,0.25,0.7313886722483065,350.2903225806452,93,24,0.03225806451612923,0.337685877739496
