K,dominant_ratio,balance_entropy,mean_segment_length,segment_count,meta_min_len,coherence,selection_score
12,0.25,0.6773606647165035,490.5,64,24,1.0,0.4693401661791259
13,0.23076923076923078,0.6778562752558732,490.5,64,24,1.0,0.4579256072755068
14,0.21428571428571427,0.6780794870595229,490.5,64,24,1.0,0.4480913003363093
15,0.2,0.6780794870595229,490.5,64,24,1.0,0.4395198717648807
16,0.25,0.7040770055551645,369.3176470588235,85,24,0.0,0.3260192513887911
17,0.23529411764705882,0.7040770055551645,369.3176470588235,85,24,0.0,0.3171957219770264
