K,dominant_ratio,balance_entropy,mean_segment_length,segment_count,meta_min_len,coherence,selection_score
13,0.23076923076923078,0.6715434235370442,550.7368421052631,57,24,1.0,0.4563473943457995
14,0.21428571428571427,0.6715434235370442,550.7368421052631,57,24,1.0,0.44645728445568966
16,0.25,0.7014846811069031,378.2168674698795,83,24,0.0,0.3253711702767258
17,0.23529411764705882,0.7013131705308037,378.2168674698795,83,24,0.0,0.31650476322093624
18,0.2222222222222222,0.678902741677309,378.2168674698795,83,24,0.0,0.3030590187526606
15,0.2,0.7010729218851364,378.2168674698795,83,24,0.0,0.2952682304712841
