K,dominant_ratio,balance_entropy,mean_segment_length,segment_count,meta_min_len,coherence,selection_score
15,0.3333333333333333,0.7440177575324067,319.38235294117646,102,24,1.0,0.5360044393831017
16,0.3125,0.7285228677552966,313.24038461538464,104,24,0.49038461538461786,0.4431884092465168
17,0.29411764705882354,0.7282397554049322,310.25714285714287,105,24,0.24285714285714385,0.3949590985150988
18,0.2777777777777778,0.7286483358506626,307.3301886792453,106,24,0.0,0.3488287506293323
19,0.21052631578947367,0.735521894838532,310.25714285714287,105,24,0.24285714285714385,0.34662483461188875
20,0.25,0.7353911685372758,307.3301886792453,106,24,0.0,0.3338477921343189
