K,dominant_ratio,balance_entropy,mean_segment_length,segment_count,meta_min_len,coherence,selection_score
16,0.3125,0.7199422638620064,319.38235294117646,102,24,1.0,0.5174855659655017
14,0.2857142857142857,0.765776826039793,319.38235294117646,102,24,1.0,0.5128727779385197
15,0.26666666666666666,0.7405109478111482,319.38235294117646,102,24,1.0,0.4951277369527871
17,0.29411764705882354,0.7471660566295919,258.54761904761904,126,24,0.0,0.3632621023926921
18,0.2777777777777778,0.733139888736767,258.54761904761904,126,24,0.0,0.34995163885085845
19,0.2631578947368421,0.7326302673842375,258.54761904761904,126,24,0.0,0.34105230368816464
20,0.25,0.7326302673842375,258.54761904761904,126,24,0.0,0.33315756684605935
