K,dominant_ratio,balance_entropy,mean_segment_length,segment_count,meta_min_len,coherence,selection_score
14,0.2857142857142857,0.7543943497522222,383.25882352941176,85,24,1.0,0.510027158866627
15,0.26666666666666666,0.7298887620140074,378.80232558139534,86,24,0.9060077519379844,0.4783733532941995
18,0.2777777777777778,0.7379150542050713,342.9157894736842,95,24,0.14912280701754327,0.37351385127056597
16,0.25,0.7387679942143011,335.8453608247423,97,24,0.0,0.33469199855357523
17,0.23529411764705882,0.7386388229632335,335.8453608247423,97,24,0.0,0.32583617632904366
