K,dominant_ratio,balance_entropy,mean_segment_length,segment_count,meta_min_len,coherence,selection_score
16,0.25,0.7044821835006394,366.03370786516854,89,24,1.0,0.47612054587515984
17,0.17647058823529413,0.7134184416649406,361.96666666666664,90,24,0.4944444444444419,0.3584036300240779
20,0.3,0.713089226916829,357.989010989011,91,24,0.0,0.35827230672920723
19,0.2631578947368421,0.713089226916829,357.989010989011,91,24,0.0,0.3361670435713125
18,0.2222222222222222,0.7134045278896582,357.989010989011,91,24,0.0,0.3116844653057479
