K,dominant_ratio,balance_entropy,mean_segment_length,segment_count,meta_min_len,coherence,selection_score
16,0.3125,0.7780744410043043,293.4864864864865,111,24,1.0,0.5320186102510761
14,0.2857142857142857,0.779726561074157,293.4864864864865,111,24,1.0,0.5163602116971107
15,0.26666666666666666,0.7780744410043043,293.4864864864865,111,24,1.0,0.5045186102510761
20,0.25,0.7589157630355908,290.86607142857144,112,24,0.49553571428571397,0.4140592979017548
17,0.29411764705882354,0.7545480167806441,288.2920353982301,113,24,0.0,0.36510759243045515
18,0.2777777777777778,0.7544736970086272,288.2920353982301,113,24,0.0,0.35528509091882343
19,0.2631578947368421,0.7544736970086272,288.2920353982301,113,24,0.0,0.34651316109426206
