K,dominant_ratio,balance_entropy,mean_segment_length,segment_count,meta_min_len,coherence,selection_score
10,0.3,0.7030530557016437,747.4285714285714,42,24,1.0,0.5057632639254109
11,0.2727272727272727,0.6608611368951801,730.046511627907,43,24,0.950345694531741,0.47140350203991976
12,0.25,0.6779490326664893,506.3225806451613,62,24,0.31124673060156927,0.3661742677568577
16,0.25,0.7167970511146023,402.46153846153845,78,24,0.014553014553014486,0.33138221496160275
13,0.23076923076923078,0.7170131181860657,402.46153846153845,78,24,0.014553014553014486,0.31989777019100707
17,0.23529411764705882,0.6902790961719468,397.36708860759495,79,24,0.0,0.313746244631222
14,0.21428571428571427,0.7174788064001613,402.46153846153845,78,24,0.014553014553014486,0.310124082354421
18,0.2222222222222222,0.6901932527464928,397.36708860759495,79,24,0.0,0.30588164651995653
15,0.2,0.7174788064001613,402.46153846153845,78,24,0.014553014553014486,0.30155265378299245
