K,dominant_ratio,balance_entropy,mean_segment_length,segment_count,meta_min_len,coherence,selection_score
11,0.2727272727272727,0.7043036576645774,392.4,80,24,1.0,0.48971227805250794
12,0.25,0.681913548074924,387.55555555555554,81,24,0.0,0.320478387018731
13,0.23076923076923078,0.681913548074924,387.55555555555554,81,24,0.0,0.3089399254802695
17,0.23529411764705882,0.6622260727434796,387.55555555555554,81,24,0.0,0.30673298877410515
14,0.21428571428571427,0.6818593179667252,387.55555555555554,81,24,0.0,0.29903625806310985
15,0.2,0.6818593179667252,387.55555555555554,81,24,0.0,0.2904648294916813
16,0.1875,0.6811133873638906,387.55555555555554,81,24,0.0,0.28277834684097264
