K,dominant_ratio,balance_entropy,mean_segment_length,segment_count,meta_min_len,coherence,selection_score
11,0.2727272727272727,0.6696045329781316,765.6585365853658,41,24,1.0,0.4810374968808965
12,0.25,0.701122287121811,506.3225806451613,62,24,0.32258064516129037,0.37366766855464634
15,0.26666666666666666,0.7191183391928165,382.8292682926829,82,24,0.0,0.33977958479820414
16,0.25,0.7191183391928165,382.8292682926829,82,24,0.0,0.32977958479820413
17,0.23529411764705882,0.7191183391928165,382.8292682926829,82,24,0.0,0.32095605538643945
13,0.23076923076923078,0.7194010187415869,382.8292682926829,82,24,0.0,0.3183117931469352
18,0.2222222222222222,0.71911303047657,382.8292682926829,82,24,0.0,0.31311159095247587
14,0.21428571428571427,0.7194010187415869,382.8292682926829,82,24,0.0,0.3084216832568253
19,0.21052631578947367,0.71822806031841,382.8292682926829,82,24,0.0,0.3058728045532867
