K,dominant_ratio,balance_entropy,mean_segment_length,segment_count,meta_min_len,coherence,selection_score
13,0.23076923076923078,0.7207006987689761,402.46153846153845,78,24,1.0,0.4686367131537825
14,0.21428571428571427,0.7207006987689761,402.46153846153845,78,24,1.0,0.45874660326367256
15,0.2,0.6937514109351223,392.4,80,24,0.48749999999999943,0.3665628527337804
16,0.25,0.6762808631328723,387.55555555555554,81,24,0.24074074074074078,0.35518132689432913
17,0.23529411764705882,0.6562645838199909,382.8292682926829,82,24,0.0,0.30524261654323304
18,0.2222222222222222,0.6562645838199909,382.8292682926829,82,24,0.0,0.29739947928833105
19,0.21052631578947367,0.6562645838199909,382.8292682926829,82,24,0.0,0.2903819354286819
