K,dominant_ratio,balance_entropy,mean_segment_length,segment_count,meta_min_len,coherence,selection_score
15,0.26666666666666666,0.7488327802238715,387.82142857142856,84,24,1.0,0.4972081950559679
16,0.25,0.7274538479256645,387.82142857142856,84,24,1.0,0.48186346198141616
17,0.23529411764705882,0.7086504518761758,387.82142857142856,84,24,1.0,0.46833908355727927
18,0.2222222222222222,0.7063906007034522,370.1931818181818,88,24,0.40909090909090934,0.37129461987283274
19,0.2631578947368421,0.692653828861154,357.989010989011,91,24,0.0,0.3310581940573938
20,0.25,0.6925818681663285,357.989010989011,91,24,0.0,0.3231454670415821
