K,dominant_ratio,balance_entropy,mean_segment_length,segment_count,meta_min_len,coherence,selection_score
10,0.3,0.7298852555269246,498.2857142857143,63,24,1.0,0.5124713138817312
11,0.2727272727272727,0.6951999758271158,490.5,64,24,0.9479166666666667,0.4796238575931425
12,0.25,0.6643681189775934,490.5,64,24,0.9479166666666667,0.45827952974439834
13,0.23076923076923078,0.6643681189775934,490.5,64,24,0.9479166666666667,0.44674106820593684
16,0.25,0.6921951951682715,348.8,90,24,0.0,0.3230487987920679
17,0.23529411764705882,0.6921951951682715,348.8,90,24,0.0,0.31422526938030315
14,0.21428571428571427,0.6921951951682715,348.8,90,24,0.0,0.3016202273634965
15,0.2,0.6921951951682715,348.8,90,24,0.0,0.2930487987920679
