K,dominant_ratio,balance_entropy,mean_segment_length,segment_count,meta_min_len,coherence,selection_score
11,0.2727272727272727,0.70514825932121,482.95384615384614,65,24,1.0,0.48992342846666614
12,0.25,0.6750078209561835,482.95384615384614,65,24,1.0,0.4687519552390459
13,0.23076923076923078,0.6750078209561835,482.95384615384614,65,24,1.0,0.4572134937005844
16,0.25,0.702776493399658,365.0232558139535,86,24,0.0,0.3256941233499145
17,0.23529411764705882,0.7026157919751964,365.0232558139535,86,24,0.0,0.3168304185820344
18,0.2222222222222222,0.7030359736944868,365.0232558139535,86,24,0.0,0.309092326756955
14,0.21428571428571427,0.702776493399658,365.0232558139535,86,24,0.0,0.3042655519213431
15,0.2,0.702776493399658,365.0232558139535,86,24,0.0,0.2956941233499145
