K,dominant_ratio,balance_entropy,mean_segment_length,segment_count,meta_min_len,coherence,selection_score
14,0.2857142857142857,0.6739030998340728,412.36708860759495,79,24,0.909704641350211,0.4763600425896213
15,0.26666666666666666,0.6587202104026167,423.0779220779221,77,24,1.0,0.47468005260065416
20,0.25,0.6667585373132742,313.24038461538464,104,24,0.07403846153846193,0.3277954035590878
17,0.23529411764705882,0.6946844101311699,313.24038461538464,104,24,0.07403846153846193,0.325953342351797
16,0.25,0.6990601680359388,304.4579439252336,107,24,0.0,0.3247650420089847
18,0.2222222222222222,0.6805243593560988,307.3301886792453,106,24,0.0242138364779876,0.30709649864405614
19,0.21052631578947367,0.6805243593560988,307.3301886792453,106,24,0.0242138364779876,0.300078954784407
