K,dominant_ratio,balance_entropy,mean_segment_length,segment_count,meta_min_len,coherence,selection_score
10,0.3,0.7322272675699969,498.2857142857143,63,24,1.0,0.5130568168924993
11,0.2727272727272727,0.7464228654659297,378.2168674698795,83,24,0.0990047145102147,0.36509278717937826
15,0.26666666666666666,0.722537294148583,369.3176470588235,85,24,0.03222506393861893,0.3454680831279386
12,0.25,0.722731717177437,369.3176470588235,85,24,0.03222506393861893,0.3355166888851521
16,0.25,0.7225577334321893,369.3176470588235,85,24,0.03222506393861893,0.3354731929488402
17,0.23529411764705882,0.722199365316072,369.3176470588235,85,24,0.03222506393861893,0.32656007150804617
13,0.23076923076923078,0.722731717177437,369.3176470588235,85,24,0.03222506393861893,0.3239782273466906
14,0.21428571428571427,0.7227857282165293,369.3176470588235,85,24,0.03222506393861893,0.31410162021635374
18,0.2222222222222222,0.6948772439995615,365.0232558139535,86,24,0.0,0.3070526443332237
