K,dominant_ratio,balance_entropy,mean_segment_length,segment_count,meta_min_len,coherence,selection_score
12,0.25,0.6742277139830996,506.3225806451613,62,24,1.0,0.4685569284957749
13,0.23076923076923078,0.6742182430101571,506.3225806451613,62,24,1.0,0.4570160992140777
14,0.21428571428571427,0.6502235967477219,506.3225806451613,62,24,1.0,0.44112732775835906
17,0.23529411764705882,0.6413592567977205,365.0232558139535,86,24,0.14418604651162795,0.32314419176440967
15,0.2,0.6764233101154018,373.7142857142857,84,24,0.19682539682539696,0.31862963705266
18,0.2222222222222222,0.641048094353849,365.0232558139535,86,24,0.14418604651162795,0.31522326389853983
16,0.1875,0.6412466275986206,365.0232558139535,86,24,0.14418604651162795,0.29443956387639936
19,0.15789473684210525,0.6361934783425128,341.2173913043478,92,24,0.0,0.25378521169089135
