K,dominant_ratio,balance_entropy,mean_segment_length,segment_count,meta_min_len,coherence,selection_score
14,0.21428571428571427,0.7624067291764206,350.2903225806452,93,24,1.0,0.4691731108655337
15,0.2,0.7452676498666987,350.2903225806452,93,24,1.0,0.4563169124666747
16,0.25,0.7594920532473584,301.6388888888889,108,24,0.10130718954248454,0.3550690917432123
19,0.2631578947368421,0.7284617601199671,296.1545454545454,110,24,0.0,0.340010176872097
20,0.25,0.7430678716833886,296.1545454545454,110,24,0.0,0.33576696792084715
17,0.23529411764705882,0.7448092769104744,296.1545454545454,110,24,0.0,0.3273787898158539
18,0.2222222222222222,0.7449199201087813,296.1545454545454,110,24,0.0,0.3195633133605287
