K,dominant_threshold,dominant_count,dominant_ratio,balance_entropy,mean_segment_length,segment_count,coherence,selection_score
13,0.07692307692307693,4,0.3076923076923077,0.7689357595089018,109.0,79,1.0,0.5268493244926101
16,0.0625,5,0.3125,0.7429954774669393,109.0,79,1.0,0.5232488693667349
17,0.058823529411764705,5,0.29411764705882354,0.7429954774669393,109.0,79,1.0,0.5122194576020289
14,0.07142857142857142,4,0.2857142857142857,0.7430326781596782,109.0,79,1.0,0.5071867409684909
15,0.06666666666666667,4,0.26666666666666666,0.743607170159913,109.0,79,1.0,0.49590179253997824
