K,dominant_ratio,balance_entropy,mean_segment_length,segment_count,meta_min_len,coherence,selection_score
17,0.5294117647058824,0.9566332821876763,4236.559322033899,59,24,1.0,0.7068053793704485
18,0.6111111111111112,0.9793664192760952,3520.521126760563,71,24,0.0,0.6115082714856905
19,0.5789473684210527,0.9793887719156189,3520.521126760563,71,24,0.0,0.5922156140315363
20,0.55,0.9793887719156189,3520.521126760563,71,24,0.0,0.5748471929789047
