K,selected_by_rule,ARI,NMI,n_pred_states,segments,dominant_ratio,balance_entropy,mean_segment_length,segment_count_raw,coherence,selection_score,meta_min_len,branch_select_metric,meta_vote_weight_mode,selected_branch_names
17,1,0.6721947432352015,0.8076253928455949,12,59,0.5294117647058824,0.9566332821876763,4236.559322033899,59,1.0,0.7068053793704485,24,PID,uniform,PAMAP2_alt64_b21_w176_s29|PAMAP2_alt64_b28_w192_s96|PAMAP2_alt64_b29_w208_s35|PAMAP2_alt64_b31_w208_s78|PAMAP2_alt64_b40_w240_s120|PAMAP2_alt64_b42_w256_s64|PAMAP2_alt64_b44_w256_s128|PAMAP2_alt64_b45_w272_s45|PAMAP2_alt64_b49_w288_s48|PAMAP2_alt64_b53_w304_s51|PAMAP2_alt64_b54_w304_s76|PAMAP2_alt64_b55_w304_s114|PAMAP2_alt64_b56_w304_s152|PAMAP2_alt64_b57_w320_s53|PAMAP2_alt64_b58_w320_s80|PAMAP2_alt64_b62_w336_s84
18,0,0.7562476683481367,0.8345288865380943,13,71,0.6111111111111112,0.9793664192760952,3520.521126760563,71,0.0,0.6115082714856905,24,PID,uniform,PAMAP2_alt64_b21_w176_s29|PAMAP2_alt64_b28_w192_s96|PAMAP2_alt64_b29_w208_s35|PAMAP2_alt64_b31_w208_s78|PAMAP2_alt64_b40_w240_s120|PAMAP2_alt64_b42_w256_s64|PAMAP2_alt64_b44_w256_s128|PAMAP2_alt64_b45_w272_s45|PAMAP2_alt64_b49_w288_s48|PAMAP2_alt64_b53_w304_s51|PAMAP2_alt64_b54_w304_s76|PAMAP2_alt64_b55_w304_s114|PAMAP2_alt64_b56_w304_s152|PAMAP2_alt64_b57_w320_s53|PAMAP2_alt64_b58_w320_s80|PAMAP2_alt64_b62_w336_s84
19,0,0.755976468996123,0.8341921064263212,13,71,0.5789473684210527,0.9793887719156189,3520.521126760563,71,0.0,0.5922156140315363,24,PID,uniform,PAMAP2_alt64_b21_w176_s29|PAMAP2_alt64_b28_w192_s96|PAMAP2_alt64_b29_w208_s35|PAMAP2_alt64_b31_w208_s78|PAMAP2_alt64_b40_w240_s120|PAMAP2_alt64_b42_w256_s64|PAMAP2_alt64_b44_w256_s128|PAMAP2_alt64_b45_w272_s45|PAMAP2_alt64_b49_w288_s48|PAMAP2_alt64_b53_w304_s51|PAMAP2_alt64_b54_w304_s76|PAMAP2_alt64_b55_w304_s114|PAMAP2_alt64_b56_w304_s152|PAMAP2_alt64_b57_w320_s53|PAMAP2_alt64_b58_w320_s80|PAMAP2_alt64_b62_w336_s84
20,0,0.755976468996123,0.8341921064263212,13,71,0.55,0.9793887719156189,3520.521126760563,71,0.0,0.5748471929789047,24,PID,uniform,PAMAP2_alt64_b21_w176_s29|PAMAP2_alt64_b28_w192_s96|PAMAP2_alt64_b29_w208_s35|PAMAP2_alt64_b31_w208_s78|PAMAP2_alt64_b40_w240_s120|PAMAP2_alt64_b42_w256_s64|PAMAP2_alt64_b44_w256_s128|PAMAP2_alt64_b45_w272_s45|PAMAP2_alt64_b49_w288_s48|PAMAP2_alt64_b53_w304_s51|PAMAP2_alt64_b54_w304_s76|PAMAP2_alt64_b55_w304_s114|PAMAP2_alt64_b56_w304_s152|PAMAP2_alt64_b57_w320_s53|PAMAP2_alt64_b58_w320_s80|PAMAP2_alt64_b62_w336_s84
