K,selected_by_rule,ARI,NMI,n_pred_states,segments,dominant_ratio,balance_entropy,mean_segment_length,segment_count_raw,coherence,selection_score,meta_min_len,branch_select_metric,meta_vote_weight_mode,selected_branch_names
17,1,0.6300607968109301,0.7912693838908127,15,129,0.4117647058823529,0.9275192856620955,2041.4651162790697,129,1.0,0.6289386449449357,24,PID,uniform,PAMAP2_alt64_b16_w144_s72|PAMAP2_alt64_b24_w176_s88|PAMAP2_alt64_b28_w192_s96|PAMAP2_alt64_b36_w224_s112|PAMAP2_alt64_b39_w240_s90|PAMAP2_alt64_b40_w240_s120|PAMAP2_alt64_b41_w256_s50|PAMAP2_alt64_b42_w256_s64|PAMAP2_alt64_b43_w256_s96|PAMAP2_alt64_b44_w256_s128|PAMAP2_alt64_b46_w272_s68|PAMAP2_alt64_b47_w272_s102|PAMAP2_alt64_b54_w304_s76|PAMAP2_alt64_b55_w304_s114|PAMAP2_alt64_b62_w336_s84|PAMAP2_alt64_b63_w336_s126
18,0,0.6300607968109301,0.7912693838908127,15,129,0.3888888888888889,0.9275192856620955,2041.4651162790697,129,1.0,0.6152131547488572,24,PID,uniform,PAMAP2_alt64_b16_w144_s72|PAMAP2_alt64_b24_w176_s88|PAMAP2_alt64_b28_w192_s96|PAMAP2_alt64_b36_w224_s112|PAMAP2_alt64_b39_w240_s90|PAMAP2_alt64_b40_w240_s120|PAMAP2_alt64_b41_w256_s50|PAMAP2_alt64_b42_w256_s64|PAMAP2_alt64_b43_w256_s96|PAMAP2_alt64_b44_w256_s128|PAMAP2_alt64_b46_w272_s68|PAMAP2_alt64_b47_w272_s102|PAMAP2_alt64_b54_w304_s76|PAMAP2_alt64_b55_w304_s114|PAMAP2_alt64_b62_w336_s84|PAMAP2_alt64_b63_w336_s126
19,0,0.6281175969890528,0.790570343798518,15,133,0.47368421052631576,0.9268543496495999,1980.0676691729323,133,0.0,0.5159241137281895,24,PID,uniform,PAMAP2_alt64_b16_w144_s72|PAMAP2_alt64_b24_w176_s88|PAMAP2_alt64_b28_w192_s96|PAMAP2_alt64_b36_w224_s112|PAMAP2_alt64_b39_w240_s90|PAMAP2_alt64_b40_w240_s120|PAMAP2_alt64_b41_w256_s50|PAMAP2_alt64_b42_w256_s64|PAMAP2_alt64_b43_w256_s96|PAMAP2_alt64_b44_w256_s128|PAMAP2_alt64_b46_w272_s68|PAMAP2_alt64_b47_w272_s102|PAMAP2_alt64_b54_w304_s76|PAMAP2_alt64_b55_w304_s114|PAMAP2_alt64_b62_w336_s84|PAMAP2_alt64_b63_w336_s126
20,0,0.6281175969890528,0.790570343798518,15,133,0.45,0.9268543496495999,1980.0676691729323,133,0.0,0.5017135874124,24,PID,uniform,PAMAP2_alt64_b16_w144_s72|PAMAP2_alt64_b24_w176_s88|PAMAP2_alt64_b28_w192_s96|PAMAP2_alt64_b36_w224_s112|PAMAP2_alt64_b39_w240_s90|PAMAP2_alt64_b40_w240_s120|PAMAP2_alt64_b41_w256_s50|PAMAP2_alt64_b42_w256_s64|PAMAP2_alt64_b43_w256_s96|PAMAP2_alt64_b44_w256_s128|PAMAP2_alt64_b46_w272_s68|PAMAP2_alt64_b47_w272_s102|PAMAP2_alt64_b54_w304_s76|PAMAP2_alt64_b55_w304_s114|PAMAP2_alt64_b62_w336_s84|PAMAP2_alt64_b63_w336_s126
