K,dominant_ratio,balance_entropy,mean_segment_length,segment_count,meta_min_len,coherence,selection_score
17,0.4117647058823529,0.9275192856620955,2041.4651162790697,129,24,1.0,0.6289386449449357
18,0.3888888888888889,0.9275192856620955,2041.4651162790697,129,24,1.0,0.6152131547488572
19,0.47368421052631576,0.9268543496495999,1980.0676691729323,133,24,0.0,0.5159241137281895
20,0.45,0.9268543496495999,1980.0676691729323,133,24,0.0,0.5017135874124
