K,dominant_ratio,balance_entropy,mean_segment_length,segment_count,meta_min_len,coherence,selection_score
17,0.4117647058823529,0.890793309082965,2179.225,80,24,1.0,0.619757150800153
18,0.3888888888888889,0.890793309082965,2179.225,80,24,1.0,0.6060316606040745
19,0.3684210526315789,0.890793309082965,2179.225,80,24,1.0,0.5937509588496886
20,0.4,0.8908091338367475,2152.320987654321,81,24,0.0,0.46270228345918685
