K,selected_by_rule,ARI,NMI,n_pred_states,segments,dominant_ratio,balance_entropy,mean_segment_length,segment_count_raw,coherence,selection_score,meta_min_len,branch_select_metric,meta_vote_weight_mode,selected_branch_names
17,1,0.7253170460001644,0.7943589079726415,12,80,0.4117647058823529,0.890793309082965,2179.225,80,1.0,0.619757150800153,24,PID,uniform,PAMAP2_alt64_b20_w160_s80|PAMAP2_alt64_b21_w176_s29|PAMAP2_alt64_b25_w192_s32|PAMAP2_alt64_b36_w224_s112|PAMAP2_alt64_b39_w240_s90|PAMAP2_alt64_b40_w240_s120|PAMAP2_alt64_b44_w256_s128|PAMAP2_alt64_b45_w272_s45|PAMAP2_alt64_b47_w272_s102|PAMAP2_alt64_b51_w288_s108|PAMAP2_alt64_b53_w304_s51|PAMAP2_alt64_b54_w304_s76|PAMAP2_alt64_b58_w320_s80|PAMAP2_alt64_b61_w336_s56|PAMAP2_alt64_b62_w336_s84|PAMAP2_alt64_b63_w336_s126
18,0,0.7253170460001644,0.7943589079726415,12,80,0.3888888888888889,0.890793309082965,2179.225,80,1.0,0.6060316606040745,24,PID,uniform,PAMAP2_alt64_b20_w160_s80|PAMAP2_alt64_b21_w176_s29|PAMAP2_alt64_b25_w192_s32|PAMAP2_alt64_b36_w224_s112|PAMAP2_alt64_b39_w240_s90|PAMAP2_alt64_b40_w240_s120|PAMAP2_alt64_b44_w256_s128|PAMAP2_alt64_b45_w272_s45|PAMAP2_alt64_b47_w272_s102|PAMAP2_alt64_b51_w288_s108|PAMAP2_alt64_b53_w304_s51|PAMAP2_alt64_b54_w304_s76|PAMAP2_alt64_b58_w320_s80|PAMAP2_alt64_b61_w336_s56|PAMAP2_alt64_b62_w336_s84|PAMAP2_alt64_b63_w336_s126
19,0,0.7253170460001644,0.7943589079726415,12,80,0.3684210526315789,0.890793309082965,2179.225,80,1.0,0.5937509588496886,24,PID,uniform,PAMAP2_alt64_b20_w160_s80|PAMAP2_alt64_b21_w176_s29|PAMAP2_alt64_b25_w192_s32|PAMAP2_alt64_b36_w224_s112|PAMAP2_alt64_b39_w240_s90|PAMAP2_alt64_b40_w240_s120|PAMAP2_alt64_b44_w256_s128|PAMAP2_alt64_b45_w272_s45|PAMAP2_alt64_b47_w272_s102|PAMAP2_alt64_b51_w288_s108|PAMAP2_alt64_b53_w304_s51|PAMAP2_alt64_b54_w304_s76|PAMAP2_alt64_b58_w320_s80|PAMAP2_alt64_b61_w336_s56|PAMAP2_alt64_b62_w336_s84|PAMAP2_alt64_b63_w336_s126
20,0,0.7243603138338558,0.793773727128851,12,81,0.4,0.8908091338367475,2152.320987654321,81,0.0,0.46270228345918685,24,PID,uniform,PAMAP2_alt64_b20_w160_s80|PAMAP2_alt64_b21_w176_s29|PAMAP2_alt64_b25_w192_s32|PAMAP2_alt64_b36_w224_s112|PAMAP2_alt64_b39_w240_s90|PAMAP2_alt64_b40_w240_s120|PAMAP2_alt64_b44_w256_s128|PAMAP2_alt64_b45_w272_s45|PAMAP2_alt64_b47_w272_s102|PAMAP2_alt64_b51_w288_s108|PAMAP2_alt64_b53_w304_s51|PAMAP2_alt64_b54_w304_s76|PAMAP2_alt64_b58_w320_s80|PAMAP2_alt64_b61_w336_s56|PAMAP2_alt64_b62_w336_s84|PAMAP2_alt64_b63_w336_s126
