K,dominant_ratio,balance_entropy,mean_segment_length,segment_count,meta_min_len,coherence,selection_score
18,0.5555555555555556,0.9526540872154929,1793.9612403100775,129,24,1.0,0.7214968551372066
19,0.5263157894736842,0.9526540872154929,1793.9612403100775,129,24,1.0,0.7039529954880838
17,0.47058823529411764,0.9526540872154929,1793.9612403100775,129,24,1.0,0.6705164629803438
20,0.5,0.9236635138704931,1766.5725190839694,131,24,0.0,0.5309158784676232
