K,selected_by_rule,ARI,NMI,n_pred_states,segments,dominant_ratio,balance_entropy,mean_segment_length,segment_count_raw,coherence,selection_score,meta_min_len,branch_select_metric,meta_vote_weight_mode,selected_branch_names
17,0,0.7808617342323765,0.8335561876003058,12,129,0.47058823529411764,0.9526540872154929,1793.9612403100775,129,1.0,0.6705164629803438,24,PID,uniform,PAMAP2_alt64_b20_w160_s80|PAMAP2_alt64_b23_w176_s66|PAMAP2_alt64_b24_w176_s88|PAMAP2_alt64_b26_w192_s48|PAMAP2_alt64_b33_w224_s37|PAMAP2_alt64_b39_w240_s90|PAMAP2_alt64_b44_w256_s128|PAMAP2_alt64_b45_w272_s45|PAMAP2_alt64_b47_w272_s102|PAMAP2_alt64_b49_w288_s48|PAMAP2_alt64_b55_w304_s114|PAMAP2_alt64_b56_w304_s152|PAMAP2_alt64_b58_w320_s80|PAMAP2_alt64_b60_w320_s160|PAMAP2_alt64_b62_w336_s84|PAMAP2_alt64_b64_w336_s168
18,1,0.7808617342323765,0.8335561876003058,12,129,0.5555555555555556,0.9526540872154929,1793.9612403100775,129,1.0,0.7214968551372066,24,PID,uniform,PAMAP2_alt64_b20_w160_s80|PAMAP2_alt64_b23_w176_s66|PAMAP2_alt64_b24_w176_s88|PAMAP2_alt64_b26_w192_s48|PAMAP2_alt64_b33_w224_s37|PAMAP2_alt64_b39_w240_s90|PAMAP2_alt64_b44_w256_s128|PAMAP2_alt64_b45_w272_s45|PAMAP2_alt64_b47_w272_s102|PAMAP2_alt64_b49_w288_s48|PAMAP2_alt64_b55_w304_s114|PAMAP2_alt64_b56_w304_s152|PAMAP2_alt64_b58_w320_s80|PAMAP2_alt64_b60_w320_s160|PAMAP2_alt64_b62_w336_s84|PAMAP2_alt64_b64_w336_s168
19,0,0.7808617342323765,0.8335561876003058,12,129,0.5263157894736842,0.9526540872154929,1793.9612403100775,129,1.0,0.7039529954880838,24,PID,uniform,PAMAP2_alt64_b20_w160_s80|PAMAP2_alt64_b23_w176_s66|PAMAP2_alt64_b24_w176_s88|PAMAP2_alt64_b26_w192_s48|PAMAP2_alt64_b33_w224_s37|PAMAP2_alt64_b39_w240_s90|PAMAP2_alt64_b44_w256_s128|PAMAP2_alt64_b45_w272_s45|PAMAP2_alt64_b47_w272_s102|PAMAP2_alt64_b49_w288_s48|PAMAP2_alt64_b55_w304_s114|PAMAP2_alt64_b56_w304_s152|PAMAP2_alt64_b58_w320_s80|PAMAP2_alt64_b60_w320_s160|PAMAP2_alt64_b62_w336_s84|PAMAP2_alt64_b64_w336_s168
20,0,0.7805273298971276,0.8332242263923723,13,131,0.5,0.9236635138704931,1766.5725190839694,131,0.0,0.5309158784676232,24,PID,uniform,PAMAP2_alt64_b20_w160_s80|PAMAP2_alt64_b23_w176_s66|PAMAP2_alt64_b24_w176_s88|PAMAP2_alt64_b26_w192_s48|PAMAP2_alt64_b33_w224_s37|PAMAP2_alt64_b39_w240_s90|PAMAP2_alt64_b44_w256_s128|PAMAP2_alt64_b45_w272_s45|PAMAP2_alt64_b47_w272_s102|PAMAP2_alt64_b49_w288_s48|PAMAP2_alt64_b55_w304_s114|PAMAP2_alt64_b56_w304_s152|PAMAP2_alt64_b58_w320_s80|PAMAP2_alt64_b60_w320_s160|PAMAP2_alt64_b62_w336_s84|PAMAP2_alt64_b64_w336_s168
