K,dominant_ratio,balance_entropy,mean_segment_length,segment_count,meta_min_len,coherence,selection_score
18,0.3888888888888889,0.9329665451189855,1472.6594594594594,185,24,1.0,0.6165749696130797
19,0.3684210526315789,0.9329995038231038,1472.6594594594594,185,24,1.0,0.6043025075347234
20,0.35,0.9330918214077254,1472.6594594594594,185,24,1.0,0.5932729553519314
