K,selected_by_rule,ARI,NMI,n_pred_states,segments,dominant_ratio,balance_entropy,mean_segment_length,segment_count_raw,coherence,selection_score,meta_min_len,branch_select_metric,meta_vote_weight_mode,selected_branch_names
18,1,0.5738162639926562,0.7281234846762726,15,185,0.3888888888888889,0.9329665451189855,1472.6594594594594,185,1.0,0.6165749696130797,24,PID,uniform,PAMAP2_alt64_b24_w176_s88|PAMAP2_alt64_b26_w192_s48|PAMAP2_alt64_b27_w192_s72|PAMAP2_alt64_b30_w208_s52|PAMAP2_alt64_b38_w240_s60|PAMAP2_alt64_b40_w240_s120|PAMAP2_alt64_b46_w272_s68|PAMAP2_alt64_b47_w272_s102|PAMAP2_alt64_b49_w288_s48|PAMAP2_alt64_b50_w288_s72|PAMAP2_alt64_b51_w288_s108|PAMAP2_alt64_b55_w304_s114|PAMAP2_alt64_b56_w304_s152|PAMAP2_alt64_b57_w320_s53|PAMAP2_alt64_b59_w320_s120|PAMAP2_alt64_b63_w336_s126
19,0,0.5738763191677649,0.7281465308082152,15,185,0.3684210526315789,0.9329995038231038,1472.6594594594594,185,1.0,0.6043025075347234,24,PID,uniform,PAMAP2_alt64_b24_w176_s88|PAMAP2_alt64_b26_w192_s48|PAMAP2_alt64_b27_w192_s72|PAMAP2_alt64_b30_w208_s52|PAMAP2_alt64_b38_w240_s60|PAMAP2_alt64_b40_w240_s120|PAMAP2_alt64_b46_w272_s68|PAMAP2_alt64_b47_w272_s102|PAMAP2_alt64_b49_w288_s48|PAMAP2_alt64_b50_w288_s72|PAMAP2_alt64_b51_w288_s108|PAMAP2_alt64_b55_w304_s114|PAMAP2_alt64_b56_w304_s152|PAMAP2_alt64_b57_w320_s53|PAMAP2_alt64_b59_w320_s120|PAMAP2_alt64_b63_w336_s126
20,0,0.573867309768786,0.7279763492236002,15,185,0.35,0.9330918214077254,1472.6594594594594,185,1.0,0.5932729553519314,24,PID,uniform,PAMAP2_alt64_b24_w176_s88|PAMAP2_alt64_b26_w192_s48|PAMAP2_alt64_b27_w192_s72|PAMAP2_alt64_b30_w208_s52|PAMAP2_alt64_b38_w240_s60|PAMAP2_alt64_b40_w240_s120|PAMAP2_alt64_b46_w272_s68|PAMAP2_alt64_b47_w272_s102|PAMAP2_alt64_b49_w288_s48|PAMAP2_alt64_b50_w288_s72|PAMAP2_alt64_b51_w288_s108|PAMAP2_alt64_b55_w304_s114|PAMAP2_alt64_b56_w304_s152|PAMAP2_alt64_b57_w320_s53|PAMAP2_alt64_b59_w320_s120|PAMAP2_alt64_b63_w336_s126
