K,dominant_ratio,balance_entropy,mean_segment_length,segment_count,meta_min_len,coherence,selection_score
16,0.4375,0.8679764300711351,2718.4347826086955,92,24,1.0,0.6294941075177838
17,0.4117647058823529,0.8676813328961652,2660.595744680851,94,24,0.9424743892829001,0.605350315145888
18,0.4444444444444444,0.8970306952835749,1712.986301369863,146,24,0.0,0.4909243404875604
19,0.42105263157894735,0.8970306952835749,1712.986301369863,146,24,0.0,0.4768892527682621
20,0.4,0.8970503575408488,1736.7777777777778,144,24,0.023662551440329298,0.4678119721012616
