K,dominant_ratio,balance_entropy,mean_segment_length,segment_count,meta_min_len,coherence,selection_score
16,0.5,0.8998208875247756,2984.3076923076924,78,24,1.0,0.674955221881194
17,0.47058823529411764,0.8998208875247756,2984.3076923076924,78,24,1.0,0.6573081630576645
15,0.4666666666666667,0.8930589005543743,2984.3076923076924,78,24,1.0,0.6532647251385936
18,0.4444444444444444,0.9158565303220325,2375.265306122449,98,24,0.0,0.4956307992471748
19,0.42105263157894735,0.9158565303220325,2375.265306122449,98,24,0.0,0.4815957115278765
20,0.4,0.9158567120826092,2375.265306122449,98,24,0.0,0.46896417802065227
