K,dominant_ratio,balance_entropy,mean_segment_length,segment_count,meta_min_len,coherence,selection_score
19,0.5263157894736842,0.9373641827317257,1845.7887323943662,142,24,1.0,0.700130519367142
20,0.5,0.9371618286216419,1845.7887323943662,142,24,1.0,0.6842904571554105
