K,dominant_threshold,dominant_count,dominant_ratio,balance_entropy,mean_segment_length,segment_count,coherence,selection_score
15,0.06666666666666667,4,0.26666666666666666,0.759200278328922,126.35849056603773,53,1.0,0.49980006958223056
14,0.07142857142857142,3,0.21428571428571427,0.7602129957389808,124.01851851851852,54,0.8833333333333336,0.4511246775061738
17,0.058823529411764705,6,0.35294117647058826,0.8138908138924453,109.78688524590164,61,0.17377049180327886,0.4413029831259561
16,0.0625,5,0.3125,0.8283611146117761,111.61666666666666,60,0.2649999999999997,0.434340278652944
18,0.05555555555555555,6,0.3333333333333333,0.8145187245311092,106.3015873015873,63,0.0,0.4036296811327773
19,0.05263157894736842,6,0.3157894736842105,0.8145187245311091,106.3015873015873,63,0.0,0.3931033653433036
