algorithm,dataset,case_count,ARI_mean,NMI_mean,AMI_mean,covering_mean,f1_mean,seconds_sum
ClaSP-TKMeans,MoCap,9,0.6309213156005851,0.7210284934503889,0.7205873779753802,0.7581392313955548,0.5833018136165712,62.56692409515381
ClaSP-TKMeans,ALL_DATASETS_EQUAL_CASE_WEIGHT,9,0.6309213156005851,0.7210284934503889,0.7205873779753802,0.7581392313955548,0.5833018136165712,62.56692409515381
