K,dominant_threshold,dominant_count,dominant_ratio,balance_entropy,mean_segment_length,segment_count,coherence,selection_score
19,0.05263157894736842,8,0.42105263157894735,0.8571732550818466,109.32291666666667,96,1.0,0.61692489271783
20,0.05,8,0.4,0.8571671896863295,109.32291666666667,96,1.0,0.6042917974215823
