K,dominant_ratio,balance_entropy,mean_segment_length,segment_count,meta_min_len,coherence,selection_score
7,0.5714285714285714,0.8234765911192045,1249.875,16,24,1.0,0.6987262906369439
8,0.5,0.823415128954303,1249.875,16,24,1.0,0.6558537822385758
10,0.5,0.7861731120788649,1111.0,18,24,0.4444444444444445,0.5632099446863829
9,0.4444444444444444,0.7861968867097905,1111.0,18,24,0.4444444444444445,0.529882555010781
11,0.45454545454545453,0.755352156525016,999.9,20,24,0.0,0.4615653118585267
