K,dominant_ratio,balance_entropy,mean_segment_length,segment_count,meta_min_len,coherence,selection_score
8,0.5,0.8210580432684494,952.2857142857143,21,24,0.7936507936507939,0.6243121298647314
7,0.42857142857142855,0.8555535113194501,999.9,20,24,1.0,0.6210312349727196
9,0.4444444444444444,0.8268404562495418,769.1538461538462,26,24,0.0,0.4733767807290521
10,0.4,0.8267945418184303,769.1538461538462,26,24,0.0,0.44669863545460753
