K,dominant_ratio,balance_entropy,mean_segment_length,segment_count,meta_min_len,coherence,selection_score
7,0.42857142857142855,0.8440790577721707,952.2857142857143,21,24,1.0,0.6181626215858999
8,0.5,0.8559165190525397,740.6666666666666,27,24,0.3111111111111109,0.5606457964298015
9,0.4444444444444444,0.8162023569074024,714.2142857142857,28,24,0.22499999999999973,0.5044672558935173
12,0.4166666666666667,0.7673200375223649,645.0967741935484,31,24,0.0,0.44183000938059125
10,0.4,0.8009320510426888,645.0967741935484,31,24,0.0,0.44023301276067217
11,0.36363636363636365,0.7667230497676825,645.0967741935484,31,24,0.0,0.4098625806237388
