K,dominant_ratio,balance_entropy,mean_segment_length,segment_count,meta_min_len,coherence,selection_score
6,0.6666666666666666,0.9375364732310244,1249.875,16,24,1.0,0.7843841183077561
7,0.42857142857142855,0.8990817643684333,952.2857142857143,21,24,0.2857142857142858,0.5247704410921084
8,0.5,0.854967756291267,833.25,24,24,0.0,0.5137419390728167
9,0.4444444444444444,0.8549288935324877,833.25,24,24,0.0,0.4803988900497886
10,0.4,0.8548548661797439,833.25,24,24,0.0,0.453713716544936
11,0.36363636363636365,0.8153020514447635,833.25,24,24,0.0,0.422007331043009
12,0.3333333333333333,0.8153020514447635,833.25,24,24,0.0,0.40382551286119084
