K,dominant_ratio,balance_entropy,mean_segment_length,segment_count,meta_min_len,coherence,selection_score
8,0.5,0.7406615619333856,869.4782608695652,23,24,0.6832298136645965,0.5876498625330359
6,0.3333333333333333,0.7802347618909871,999.9,20,24,1.0,0.5450586904727468
7,0.2857142857142857,0.7802347618909871,999.9,20,24,1.0,0.5164872619013182
9,0.3333333333333333,0.7352759303721967,740.6666666666666,27,24,0.37037037037037035,0.4393745381486047
10,0.3,0.7437665082548813,588.1764705882352,34,24,0.0,0.36594162706372035
11,0.2727272727272727,0.7436647279380746,588.1764705882352,34,24,0.0,0.3495525456208822
