K,dominant_ratio,balance_entropy,mean_segment_length,segment_count,meta_min_len,coherence,selection_score
6,0.6666666666666666,0.9751338248249156,999.9,20,24,1.0,0.7937834562062289
7,0.5714285714285714,0.9509959075145468,833.25,24,24,0.16666666666666685,0.6056061197357795
8,0.5,0.9514112579507369,833.25,24,24,0.16666666666666685,0.5628528144876842
9,0.4444444444444444,0.9512082662761251,833.25,24,24,0.16666666666666685,0.529468733235698
10,0.5,0.888108816438755,799.92,25,24,0.0,0.5220272041096887
11,0.45454545454545453,0.888108816438755,799.92,25,24,0.0,0.4947544768369615
12,0.4166666666666667,0.888108816438755,799.92,25,24,0.0,0.4720272041096888
