K,dominant_ratio,balance_entropy,mean_segment_length,segment_count,meta_min_len,coherence,selection_score
8,0.375,0.7784125804023219,666.6,30,24,1.0,0.5696031451005804
9,0.3333333333333333,0.7456963775807173,624.9375,32,24,0.0,0.38642409439517933
10,0.3,0.7456963775807173,624.9375,32,24,0.0,0.3664240943951793
11,0.2727272727272727,0.7456963775807173,624.9375,32,24,0.0,0.35006045803154295
