K,dominant_ratio,balance_entropy,mean_segment_length,segment_count,meta_min_len,coherence,selection_score
8,0.5,0.829665140073555,833.25,24,24,1.0,0.6574162850183888
7,0.2857142857142857,0.829665140073555,833.25,24,24,1.0,0.5288448564469601
10,0.5,0.8123625233476248,645.0967741935484,31,24,0.0,0.5030906308369062
9,0.4444444444444444,0.855102807440788,645.0967741935484,31,24,0.0,0.4804423685268637
11,0.45454545454545453,0.8123625233476248,645.0967741935484,31,24,0.0,0.4758179035641789
