K,dominant_ratio,balance_entropy,mean_segment_length,segment_count,meta_min_len,coherence,selection_score
7,0.5714285714285714,0.8656536197667035,714.2142857142857,28,24,1.0,0.7092705477988187
8,0.625,0.8369454574513118,666.6,30,24,0.666666666666667,0.684236364362828
9,0.5555555555555556,0.8244230519343377,606.0,33,24,0.24242424242424224,0.5758027326805542
10,0.5,0.8238350678407806,606.0,33,24,0.24242424242424224,0.5423224033238315
11,0.45454545454545453,0.8238086319152106,606.0,33,24,0.24242424242424224,0.5150430670697117
12,0.4166666666666667,0.7985384625549986,571.3714285714286,35,24,0.0,0.4496346156387496
