K,dominant_ratio,balance_entropy,mean_segment_length,segment_count,meta_min_len,coherence,selection_score
6,0.6666666666666666,0.9502140632527764,1176.3529411764705,17,24,1.0,0.7875535158131941
5,0.6,0.9502419609504527,1176.3529411764705,17,24,1.0,0.7475604902376132
7,0.5714285714285714,0.8862401956900167,999.9,20,24,0.5950000000000001,0.653667191779647
8,0.5,0.8457060356980791,909.0,22,24,0.3863636363636365,0.5693810543790653
9,0.4444444444444444,0.8104069453294372,869.4782608695652,23,24,0.29565217391304366,0.5136162290859825
10,0.4,0.7990998623058878,740.6666666666666,27,24,0.0,0.43977496557647194
11,0.36363636363636365,0.7990998623058878,740.6666666666666,27,24,0.0,0.41795678375829015
