K,dominant_ratio,balance_entropy,mean_segment_length,segment_count,meta_min_len,coherence,selection_score
7,0.5714285714285714,0.8358652898754777,1052.5263157894738,19,24,1.0,0.7018234653260123
8,0.5,0.8358836750113487,869.4782608695652,23,24,0.5507246376811593,0.5915796144050111
9,0.4444444444444444,0.7972033065494908,833.25,24,24,0.4618055555555554,0.5352383266373727
12,0.4166666666666667,0.8065534870900285,666.6,30,24,0.052777777777777764,0.4595550384391738
10,0.4,0.8089759236619811,666.6,30,24,0.052777777777777764,0.45016064758216195
11,0.36363636363636365,0.8088977679387178,645.0967741935484,31,24,0.0,0.4204062601664976
