K,dominant_ratio,balance_entropy,mean_segment_length,segment_count,meta_min_len,coherence,selection_score
6,0.5,0.8868234539168852,689.5862068965517,29,24,1.0,0.6717058634792213
7,0.42857142857142855,0.8297919702293203,645.0967741935484,31,24,0.46774193548387116,0.5347521400227678
8,0.5,0.7869923764520587,606.0,33,24,0.0,0.4967480941130147
9,0.4444444444444444,0.7620738585508646,606.0,33,24,0.0,0.4571851313043828
10,0.4,0.7364135880019426,606.0,33,24,0.0,0.4241033970004856
11,0.36363636363636365,0.7364135880019426,606.0,33,24,0.0,0.4022852151823038
