K,dominant_ratio,balance_entropy,mean_segment_length,segment_count,meta_min_len,coherence,selection_score
7,0.42857142857142855,0.8297448023633824,833.25,24,24,1.0,0.6145790577337027
8,0.375,0.8298309980733297,833.25,24,24,1.0,0.5824577495183324
9,0.3333333333333333,0.8298309980733297,833.25,24,24,1.0,0.5574577495183324
10,0.4,0.7801195418128711,799.92,25,24,0.0,0.43502988545321775
