K,dominant_ratio,balance_entropy,mean_segment_length,segment_count,meta_min_len,coherence,selection_score
6,0.3333333333333333,0.9142472186888946,869.4782608695652,23,24,1.0,0.5785618046722236
7,0.2857142857142857,0.9142552931343498,869.4782608695652,23,24,1.0,0.5499923947121589
10,0.4,0.8013489117171935,799.92,25,24,0.0,0.44033722792929836
8,0.375,0.8356611600622139,799.92,25,24,0.0,0.43391529001555346
9,0.2222222222222222,0.8020023618567079,799.92,25,24,0.0,0.3338339237975103
