K,dominant_ratio,balance_entropy,mean_segment_length,segment_count,meta_min_len,coherence,selection_score
6,0.6666666666666666,0.8915686530441121,1111.0,18,24,1.0,0.772892163261028
7,0.5714285714285714,0.8760722936468557,833.25,24,24,0.18749999999999992,0.5900002162688567
8,0.5,0.836399804191946,769.1538461538462,26,24,0.0,0.5090999510479866
9,0.4444444444444444,0.8362938874799499,769.1538461538462,26,24,0.0,0.47574013853665414
10,0.4,0.8362938874799499,769.1538461538462,26,24,0.0,0.4490734718699875
