K,dominant_ratio,balance_entropy,mean_segment_length,segment_count,meta_min_len,coherence,selection_score
6,0.5,0.8989743445398333,1052.5263157894738,19,24,1.0,0.6747435861349583
7,0.42857142857142855,0.8403146577395764,909.0,22,24,0.6045454545454544,0.5579033397595694
8,0.5,0.8348749732192853,714.2142857142857,28,24,0.06785714285714266,0.5188973147333926
9,0.4444444444444444,0.7829996626075368,714.2142857142857,28,24,0.06785714285714266,0.47259515374712224
11,0.45454545454545453,0.7936301212906088,689.5862068965517,29,24,0.0,0.47113480304992494
10,0.4,0.7429297298803088,714.2142857142857,28,24,0.06785714285714266,0.43591100389864856
