K,dominant_ratio,balance_entropy,mean_segment_length,segment_count,meta_min_len,coherence,selection_score
7,0.5714285714285714,0.8720452001806208,952.2857142857143,21,24,1.0,0.710868442902298
8,0.5,0.8743445871775611,689.5862068965517,29,24,0.27851458885941655,0.5603633351233028
9,0.4444444444444444,0.813060968885741,714.2142857142857,28,24,0.34615384615384603,0.5218549858111787
10,0.5,0.8092489404205655,624.9375,32,24,0.10096153846153856,0.5174564658743721
11,0.45454545454545453,0.7839278422231714,588.1764705882352,34,24,0.0,0.4687092332830656
12,0.4166666666666667,0.7839278422231714,588.1764705882352,34,24,0.0,0.44598196055579287
