K,dominant_ratio,balance_entropy,mean_segment_length,segment_count,meta_min_len,coherence,selection_score
7,0.42857142857142855,0.8558228443298439,1111.0,18,24,1.0,0.6210985682253181
8,0.375,0.8138643365388978,952.2857142857143,21,24,0.21428571428571452,0.4606089412775816
9,0.4444444444444444,0.7718002079597721,909.0,22,24,0.0,0.4596167186566097
10,0.4,0.7335198425803047,909.0,22,24,0.0,0.42337996064507616
11,0.36363636363636365,0.7335198425803047,909.0,22,24,0.0,0.40156177882689437
