K,dominant_ratio,balance_entropy,mean_segment_length,segment_count,meta_min_len,coherence,selection_score
7,0.5714285714285714,0.8862516721131661,740.6666666666666,27,24,1.0,0.7144200608854344
9,0.5555555555555556,0.8026316421875301,714.2142857142857,28,24,0.4821428571428564,0.6063126724516443
8,0.5,0.8355401858530483,714.2142857142857,28,24,0.4821428571428564,0.5812064750346905
10,0.5,0.7763548721391684,689.5862068965517,29,24,0.0,0.4940887180347921
11,0.45454545454545453,0.7771009131794838,689.5862068965517,29,24,0.0,0.4670025010221437
