K,dominant_ratio,balance_entropy,mean_segment_length,segment_count,meta_min_len,coherence,selection_score
7,0.42857142857142855,0.8248991036453238,909.0,22,24,0.8590909090909089,0.5922312694178243
8,0.5,0.7901240669379685,833.25,24,24,0.6124999999999998,0.5894060167344921
6,0.3333333333333333,0.8817542542641922,952.2857142857143,21,24,1.0,0.570438563566048
9,0.4444444444444444,0.7597535039550809,799.92,25,24,0.5039999999999998,0.5322050426554369
11,0.45454545454545453,0.7612953142677568,645.0967741935484,31,24,0.0,0.4630511012942119
10,0.4,0.7730653195304302,689.5862068965517,29,24,0.1448275862068965,0.45499046781364205
12,0.4166666666666667,0.7609996481334749,645.0967741935484,31,24,0.0,0.4402499120333687
13,0.38461538461538464,0.7374733651915762,645.0967741935484,31,24,0.0,0.41513757206712487
