K,dominant_ratio,balance_entropy,mean_segment_length,segment_count,meta_min_len,coherence,selection_score
8,0.5,0.8555492072878464,740.6666666666666,27,24,1.0,0.6638873018219617
9,0.4444444444444444,0.8231377791356267,740.6666666666666,27,24,1.0,0.6224511114505733
10,0.4,0.8227754877876365,740.6666666666666,27,24,1.0,0.5956938719469091
11,0.45454545454545453,0.791112147444998,714.2142857142857,28,24,0.0,0.4705053095885222
12,0.4166666666666667,0.7888926630030745,714.2142857142857,28,24,0.0,0.4472231657507686
