K,dominant_ratio,balance_entropy,mean_segment_length,segment_count,meta_min_len,coherence,selection_score
7,0.7142857142857143,0.9134583933651232,1052.5263157894738,19,24,1.0,0.8069360269127094
8,0.625,0.9119147513036785,1052.5263157894738,19,24,1.0,0.7529786878259196
9,0.5555555555555556,0.8718901650292546,909.0,22,24,0.2159090909090907,0.5836922382270106
10,0.5,0.8201017153046263,869.4782608695652,23,24,0.0,0.5050254288261565
