K,dominant_ratio,balance_entropy,mean_segment_length,segment_count,meta_min_len,coherence,selection_score
7,0.42857142857142855,0.8634631160492259,833.25,24,24,1.0,0.6230086361551636
8,0.5,0.8302262730342677,740.6666666666666,27,24,0.0,0.5075565682585669
11,0.45454545454545453,0.8293596286760161,740.6666666666666,27,24,0.0,0.48006717989627673
9,0.4444444444444444,0.8302026471597418,740.6666666666666,27,24,0.0,0.47421732845660214
10,0.4,0.8302026471597418,740.6666666666666,27,24,0.0,0.4475506617899354
