K,dominant_ratio,balance_entropy,mean_segment_length,segment_count,meta_min_len,coherence,selection_score
6,0.5,0.8435209855953643,999.9,20,24,1.0,0.6608802463988411
7,0.5714285714285714,0.7863674554008554,952.2857142857143,21,24,0.7142857142857146,0.6465918638502138
8,0.5,0.7863674554008554,952.2857142857143,21,24,0.7142857142857146,0.603734720993071
10,0.4,0.8121949198983094,909.0,22,24,0.4545454545454546,0.5112305481563956
9,0.4444444444444444,0.8142999499304395,869.4782608695652,23,24,0.2173913043478263,0.5028503498014505
11,0.36363636363636365,0.7824005770616091,833.25,24,24,0.0,0.41378196244722043
