K,dominant_ratio,balance_entropy,mean_segment_length,segment_count,meta_min_len,coherence,selection_score
8,0.5,0.888752331203312,624.9375,32,24,1.0,0.672188082800828
9,0.4444444444444444,0.8885366377502192,624.9375,32,24,1.0,0.6388008261042215
10,0.4,0.8885366377502192,624.9375,32,24,1.0,0.6121341594375548
