K,dominant_ratio,balance_entropy,mean_segment_length,segment_count,meta_min_len,coherence,selection_score
7,0.5714285714285714,0.8341115299411066,1111.0,18,24,1.0,0.7013850253424195
8,0.5,0.8166172393700062,909.0,22,24,0.409090909090909,0.5655179462061379
9,0.4444444444444444,0.8168474021506034,909.0,22,24,0.409090909090909,0.5322421535679539
10,0.4,0.7956853921210268,769.1538461538462,26,24,0.0,0.43892134803025673
