K,dominant_ratio,balance_entropy,mean_segment_length,segment_count,meta_min_len,coherence,selection_score
9,0.5555555555555556,0.8293066122101218,740.6666666666666,27,24,0.44444444444444414,0.6073266530525304
8,0.5,0.8659185777330038,740.6666666666666,27,24,0.44444444444444414,0.5831463110999175
7,0.2857142857142857,0.8805781480797057,833.25,24,24,1.0,0.5415731084484978
10,0.5,0.8073593383730785,689.5862068965517,29,24,0.13793103448275862,0.5225294897656835
11,0.45454545454545453,0.784178834819879,666.6,30,24,0.0,0.46877198143224247
12,0.4166666666666667,0.7842196339211922,666.6,30,24,0.0,0.44605490848029805
