K,dominant_ratio,balance_entropy,mean_segment_length,segment_count,meta_min_len,coherence,selection_score
6,0.6666666666666666,0.9857243137863313,909.0,22,24,1.0,0.7964310784465828
7,0.7142857142857143,0.9286865887681286,799.92,25,24,0.6599999999999999,0.7597430757634607
8,0.625,0.8993381729795872,689.5862068965517,29,24,0.3160919540229887,0.6472483363483451
9,0.5555555555555556,0.8993381729795872,689.5862068965517,29,24,0.3160919540229887,0.6055816696816784
10,0.5,0.883317161742034,606.0,33,24,0.05555555555555569,0.5291626237688418
11,0.45454545454545453,0.8412108225839757,588.1764705882352,34,24,0.0,0.48302997837326667
