K,dominant_ratio,balance_entropy,mean_segment_length,segment_count,meta_min_len,coherence,selection_score
7,0.5714285714285714,0.8605575418157022,769.1538461538462,26,24,1.0,0.7079965283110684
8,0.5,0.831374815180316,689.5862068965517,29,24,0.5123152709359606,0.584690994435473
9,0.4444444444444444,0.7940318788846428,666.6,30,24,0.3714285714285715,0.5208889221021131
11,0.45454545454545453,0.7902689792473712,606.0,33,24,0.0,0.4702945175391155
12,0.4166666666666667,0.7871212346599915,624.9375,32,24,0.11607142857142855,0.46419102295071213
10,0.4,0.7894448753542336,606.0,33,24,0.0,0.4373612188385584
