K,dominant_ratio,balance_entropy,mean_segment_length,segment_count,meta_min_len,coherence,selection_score
8,0.375,0.7761317550301702,799.92,25,24,1.0,0.5690329387575426
9,0.3333333333333333,0.7493252702434692,799.92,25,24,1.0,0.5373313175608673
10,0.3,0.7493252702434692,799.92,25,24,1.0,0.5173313175608673
11,0.2727272727272727,0.7494924345132649,799.92,25,24,1.0,0.5010094722646798
12,0.25,0.7140760987749689,769.1538461538462,26,24,0.0,0.3285190246937422
