K,dominant_ratio,balance_entropy,mean_segment_length,segment_count,meta_min_len,coherence,selection_score
7,0.7142857142857143,0.8872175631984391,869.4782608695652,23,24,1.0,0.8003758193710383
6,0.6666666666666666,0.9511574513418214,869.4782608695652,23,24,1.0,0.7877893628354553
8,0.625,0.8628497635612683,740.6666666666666,27,24,0.17037037037037037,0.6162679964458726
9,0.5555555555555556,0.821346550329097,714.2142857142857,28,24,0.0,0.5386699709156075
10,0.5,0.8213565698932446,714.2142857142857,28,24,0.0,0.5053391424733111
11,0.45454545454545453,0.7815618382791586,740.6666666666666,27,24,0.17037037037037037,0.4936732878526179
12,0.4166666666666667,0.7815618382791586,740.6666666666666,27,24,0.17037037037037037,0.4709460151253452
