K,dominant_ratio,balance_entropy,mean_segment_length,segment_count,meta_min_len,coherence,selection_score
6,0.5,0.9062750923126289,869.4782608695652,23,24,1.0,0.6765687730781572
10,0.5,0.8407336315760952,833.25,24,24,0.0,0.5101834078940237
11,0.45454545454545453,0.8407336315760952,833.25,24,24,0.0,0.4829106806212965
7,0.42857142857142855,0.8410537122018192,833.25,24,24,0.0,0.46740628519331195
8,0.375,0.8410537122018192,833.25,24,24,0.0,0.4352634280504548
9,0.3333333333333333,0.8407336315760952,833.25,24,24,0.0,0.41018340789402374
