K,dominant_ratio,balance_entropy,mean_segment_length,segment_count,meta_min_len,coherence,selection_score
6,0.6666666666666666,0.8706065237254371,1111.0,18,24,1.0,0.7676516309313592
7,0.5714285714285714,0.8689287757021201,869.4782608695652,23,24,0.0,0.5600893367826728
8,0.5,0.8689287757021201,869.4782608695652,23,24,0.0,0.51723219392553
9,0.4444444444444444,0.8689287757021201,869.4782608695652,23,24,0.0,0.48389886059219667
10,0.4,0.8689287757021201,869.4782608695652,23,24,0.0,0.45723219392553005
11,0.36363636363636365,0.8689287757021201,869.4782608695652,23,24,0.0,0.4354140121073482
