K,dominant_ratio,balance_entropy,mean_segment_length,segment_count,meta_min_len,coherence,selection_score
7,0.42857142857142855,0.8310494848337038,1111.0,18,24,1.0,0.614905228351283
8,0.5,0.8301127384011617,869.4782608695652,23,24,0.29347826086956524,0.5515499237307252
9,0.4444444444444444,0.7937377965206909,833.25,24,24,0.18749999999999992,0.4932261157968394
11,0.45454545454545453,0.7791074137186816,799.92,25,24,0.08999999999999979,0.4810041261569431
10,0.4,0.7835101036037684,769.1538461538462,26,24,0.0,0.4358775259009421
