K,dominant_ratio,balance_entropy,mean_segment_length,segment_count,meta_min_len,coherence,selection_score
7,0.5714285714285714,0.8874825606706879,714.2142857142857,28,24,1.0,0.7147277830248148
8,0.5,0.8370098950328873,714.2142857142857,28,24,1.0,0.6592524737582218
9,0.4444444444444444,0.7940851899697877,714.2142857142857,28,24,1.0,0.6151879641591136
10,0.4,0.7931616807944248,714.2142857142857,28,24,1.0,0.5882904201986062
