K,dominant_ratio,balance_entropy,mean_segment_length,segment_count,meta_min_len,coherence,selection_score
6,0.5,0.8973044938637108,909.0,22,24,1.0,0.6743261234659277
8,0.625,0.8648525639271581,645.0967741935484,31,24,0.17741935483870988,0.617826044207596
9,0.5555555555555556,0.8656135118257205,645.0967741935484,31,24,0.17741935483870988,0.5763496145155699
7,0.42857142857142855,0.8898096765197201,714.2142857142857,28,24,0.3928571428571428,0.5385238477013585
10,0.5,0.829372501745077,606.0,33,24,0.05555555555555569,0.5156764587696026
11,0.45454545454545453,0.8277832047227344,606.0,33,24,0.05555555555555569,0.4880064072412897
12,0.4166666666666667,0.7957410063690986,588.1764705882352,34,24,0.0,0.44893525159227465
