K,dominant_ratio,balance_entropy,mean_segment_length,segment_count,meta_min_len,coherence,selection_score
8,0.375,0.870694649856116,740.6666666666666,27,24,1.0,0.592673662464029
9,0.3333333333333333,0.8483062215457627,714.2142857142857,28,24,0.4821428571428564,0.48439798395786915
11,0.45454545454545453,0.8122596981920326,689.5862068965517,29,24,0.0,0.4757921972752809
10,0.3,0.8122596981920326,689.5862068965517,29,24,0.0,0.3830649245480081
