K,dominant_ratio,balance_entropy,mean_segment_length,segment_count,meta_min_len,coherence,selection_score
7,0.42857142857142855,0.8487920036471104,909.0,22,24,1.0,0.6193408580546347
8,0.5,0.839005026926531,769.1538461538462,26,24,0.4230769230769232,0.5732127951931711
9,0.4444444444444444,0.824987090124518,689.5862068965517,29,24,0.09482758620689655,0.48713757712883066
10,0.4,0.824987090124518,689.5862068965517,29,24,0.09482758620689655,0.460470910462164
11,0.36363636363636365,0.7925533287997057,666.6,30,24,0.0,0.41632015038174464
