K,dominant_ratio,balance_entropy,mean_segment_length,segment_count,meta_min_len,coherence,selection_score
8,0.5,0.8830454920024056,740.6666666666666,27,24,1.0,0.6707613730006013
7,0.42857142857142855,0.8830454920024056,740.6666666666666,27,24,1.0,0.6279042301434585
9,0.4444444444444444,0.8408047149543146,689.5862068965517,29,24,0.0,0.4768678454052453
10,0.4,0.8398916432009677,689.5862068965517,29,24,0.0,0.44997291080024193
