K,dominant_ratio,balance_entropy,mean_segment_length,segment_count,meta_min_len,coherence,selection_score
6,0.6666666666666666,0.9330410784565061,833.25,24,24,1.0,0.7832602696141265
7,0.5714285714285714,0.8726669522454135,833.25,24,24,1.0,0.7110238809184962
8,0.5,0.8302297176994825,769.1538461538462,26,24,0.46153846153846206,0.5767881986556399
9,0.4444444444444444,0.8307481022361172,769.1538461538462,26,24,0.46153846153846206,0.5435844614564652
11,0.45454545454545453,0.8116478073187195,714.2142857142857,28,24,0.0,0.4756392245569526
10,0.4,0.8103530719772187,714.2142857142857,28,24,0.0,0.4425882679943047
