K,dominant_ratio,balance_entropy,mean_segment_length,segment_count,meta_min_len,coherence,selection_score
6,0.5,0.9075120974843763,999.9,20,24,1.0,0.6768780243710941
7,0.5714285714285714,0.8531929273236243,909.0,22,24,0.3030303030303029,0.6016099201425943
8,0.5,0.8036363727568361,869.4782608695652,23,24,0.0,0.5009090931892091
10,0.5,0.803469515316785,869.4782608695652,23,24,0.0,0.5008673788291962
11,0.45454545454545453,0.803469515316785,869.4782608695652,23,24,0.0,0.47359465155646896
9,0.4444444444444444,0.803710141932563,869.4782608695652,23,24,0.0,0.4675942021498074
12,0.4166666666666667,0.803469515316785,869.4782608695652,23,24,0.0,0.45086737882919625
