K,dominant_ratio,balance_entropy,mean_segment_length,segment_count,meta_min_len,coherence,selection_score
7,0.5714285714285714,0.8429919982375872,952.2857142857143,21,24,1.0,0.7036051424165396
8,0.5,0.8430186006347979,952.2857142857143,21,24,1.0,0.6607546501586995
9,0.4444444444444444,0.8215548136954732,833.25,24,24,0.5833333333333331,0.5595553700905349
10,0.5,0.7814349212075397,689.5862068965517,29,24,0.08045977011494251,0.5074276958191263
11,0.45454545454545453,0.781611514450944,689.5862068965517,29,24,0.08045977011494251,0.4801991168572501
12,0.4166666666666667,0.7613901040805762,666.6,30,24,0.0,0.44034752602014404
