K,dominant_ratio,balance_entropy,mean_segment_length,segment_count,meta_min_len,coherence,selection_score
6,0.3333333333333333,0.8835135683963246,952.2857142857143,21,24,1.0,0.5708783920990811
7,0.42857142857142855,0.8183187301201881,909.0,22,24,0.4772727272727268,0.5333134487638131
8,0.375,0.8177054457133143,909.0,22,24,0.4772727272727268,0.5010172705192376
11,0.45454545454545453,0.7321694054169483,869.4782608695652,23,24,0.0,0.4557696240815098
9,0.3333333333333333,0.768889996404919,869.4782608695652,23,24,0.0,0.39222249910122975
10,0.3,0.7318467154066658,869.4782608695652,23,24,0.0,0.3629616788516664
