K,dominant_ratio,balance_entropy,mean_segment_length,segment_count,meta_min_len,coherence,selection_score
7,0.5714285714285714,0.790905457613787,999.9,20,24,1.0,0.6905835072605896
8,0.5,0.8336301544791279,666.6,30,24,0.25000000000000006,0.5459075386197819
9,0.4444444444444444,0.7995624304580435,624.9375,32,24,0.15625,0.48999477428117755
10,0.4,0.7817099534459672,624.9375,32,24,0.15625,0.4588649883614918
11,0.36363636363636365,0.7818497231421482,624.9375,32,24,0.15625,0.4370817489673552
12,0.3333333333333333,0.774083957209375,555.5,36,24,0.0,0.3935209893023437
