K,dominant_ratio,balance_entropy,mean_segment_length,segment_count,meta_min_len,coherence,selection_score
6,0.5,0.8391936661845099,999.9,20,24,1.0,0.6597984165461275
8,0.5,0.8186520090831352,799.92,25,24,0.46666666666666656,0.5746630022707837
7,0.42857142857142855,0.8199023934790545,799.92,25,24,0.46666666666666656,0.5321184555126207
9,0.4444444444444444,0.7854385922190098,645.0967741935484,31,24,0.053763440860215124,0.47109083085045134
10,0.4,0.7849184902733508,645.0967741935484,31,24,0.053763440860215124,0.44429413869736994
11,0.36363636363636365,0.7846507118677255,645.0967741935484,31,24,0.053763440860215124,0.4224090122777818
12,0.3333333333333333,0.7558547883808269,624.9375,32,24,0.0,0.38896369709520673
