K,dominant_ratio,balance_entropy,mean_segment_length,segment_count,meta_min_len,coherence,selection_score
8,0.5,0.8132854392378329,869.4782608695652,23,24,1.0,0.6533213598094583
9,0.4444444444444444,0.7959269388758979,769.1538461538462,26,24,0.22115384615384662,0.4988214783087181
10,0.4,0.7658124401827398,769.1538461538462,26,24,0.22115384615384662,0.4646261869687619
11,0.36363636363636365,0.7486879315365184,740.6666666666666,27,24,0.0,0.40535380106594776
