K,dominant_ratio,balance_entropy,mean_segment_length,segment_count,meta_min_len,coherence,selection_score
7,0.5714285714285714,0.8060635503570625,952.2857142857143,21,24,1.0,0.6943730304464084
8,0.5,0.7987454942518748,799.92,25,24,0.5815384615384614,0.5869171427937379
9,0.4444444444444444,0.7944333450630892,689.5862068965517,29,24,0.27851458885941655,0.5070521912613515
10,0.4,0.7951171384119756,606.0,33,24,0.04895104895104907,0.44612194194565125
11,0.36363636363636365,0.7697542722341411,588.1764705882352,34,24,0.0,0.41062038624035346
12,0.3333333333333333,0.7697542722341411,588.1764705882352,34,24,0.0,0.3924385680585353
