K,dominant_ratio,balance_entropy,mean_segment_length,segment_count,meta_min_len,coherence,selection_score
6,0.6666666666666666,0.9109559856993733,833.25,24,24,1.0,0.7777389964248433
7,0.5714285714285714,0.8436481240186287,799.92,25,24,0.7999999999999997,0.6737691738618
8,0.5,0.8436481240186287,799.92,25,24,0.7999999999999997,0.6309120310046571
9,0.4444444444444444,0.8311846232245298,689.5862068965517,29,24,0.13793103448275862,0.4951524776452129
10,0.4,0.8315928998647283,666.6,30,24,0.0,0.44789822496618203
