K,dominant_ratio,balance_entropy,mean_segment_length,segment_count,meta_min_len,coherence,selection_score
6,0.5,0.9129641617392192,869.4782608695652,23,24,1.0,0.6782410404348048
7,0.5714285714285714,0.8493355922306438,799.92,25,24,0.0,0.5551910409148038
8,0.5,0.8007204810122968,799.92,25,24,0.0,0.5001801202530742
9,0.4444444444444444,0.8007204810122968,799.92,25,24,0.0,0.46684678691974085
