K,dominant_ratio,balance_entropy,mean_segment_length,segment_count,meta_min_len,coherence,selection_score
8,0.625,0.9774214070064973,689.5862068965517,29,24,1.0,0.7693553517516244
7,0.5714285714285714,0.9773785322825811,689.5862068965517,29,24,1.0,0.7372017759277881
9,0.5555555555555556,0.9342500240071447,624.9375,32,24,0.0,0.5668958393351196
10,0.5,0.9008606133325578,624.9375,32,24,0.0,0.5252151533331395
11,0.45454545454545453,0.900880266773196,624.9375,32,24,0.0,0.4979473394205717
