K,dominant_ratio,balance_entropy,mean_segment_length,segment_count,meta_min_len,coherence,selection_score
6,0.5,0.8831351492915221,1111.0,18,24,1.0,0.6707837873228806
7,0.5714285714285714,0.8370267882187251,999.9,20,24,0.5999999999999999,0.642113839911824
8,0.5,0.8370267882187251,999.9,20,24,0.5999999999999999,0.5992566970546812
9,0.4444444444444444,0.8370267882187251,999.9,20,24,0.5999999999999999,0.5659233637213479
10,0.4,0.8258552055064521,833.25,24,24,0.0,0.446463801376613
11,0.36363636363636365,0.7856680330653915,833.25,24,24,0.0,0.41459882644816604
