K,dominant_ratio,balance_entropy,mean_segment_length,segment_count,meta_min_len,coherence,selection_score
9,0.4444444444444444,0.7819700228128287,769.1538461538462,26,24,1.0,0.6121591723698738
8,0.375,0.8288355278150555,769.1538461538462,26,24,1.0,0.5822088819537639
11,0.45454545454545453,0.7551264216576328,740.6666666666666,27,24,0.0,0.4615088781416809
10,0.4,0.7543639900622227,740.6666666666666,27,24,0.0,0.4285909975155556
