K,dominant_ratio,balance_entropy,mean_segment_length,segment_count,meta_min_len,coherence,selection_score
7,0.42857142857142855,0.8590934241359713,799.92,25,24,1.0,0.62191621317685
8,0.375,0.8170784588310177,769.1538461538462,26,24,0.7211538461538467,0.5374426916308314
9,0.3333333333333333,0.7771229731646726,740.6666666666666,27,24,0.4629629629629627,0.46372518773561255
12,0.4166666666666667,0.7337271110480422,689.5862068965517,29,24,0.0,0.4334317777620106
13,0.38461538461538464,0.730548966236854,689.5862068965517,29,24,0.0,0.4134064723284443
11,0.36363636363636365,0.7335355830947681,689.5862068965517,29,24,0.0,0.4015657139555102
10,0.3,0.7594270384421974,689.5862068965517,29,24,0.0,0.3698567596105493
