K,dominant_ratio,balance_entropy,mean_segment_length,segment_count,meta_min_len,coherence,selection_score
8,0.625,0.8711445614468255,909.0,22,24,1.0,0.7427861403617064
7,0.5714285714285714,0.8711445614468255,909.0,22,24,1.0,0.7106432832188492
9,0.5555555555555556,0.8711445614468255,909.0,22,24,1.0,0.7011194736950397
6,0.5,0.935028613107766,909.0,22,24,1.0,0.6837571532769415
10,0.5,0.8709885822373761,909.0,22,24,1.0,0.667747145559344
11,0.45454545454545453,0.8708897687762545,909.0,22,24,1.0,0.6404497149213363
