K,dominant_ratio,balance_entropy,mean_segment_length,segment_count,meta_min_len,coherence,selection_score
7,0.42857142857142855,0.843751530564683,1111.0,18,24,1.0,0.6180807397840279
8,0.5,0.8437548009213535,869.4782608695652,23,24,0.0,0.5109387002303384
9,0.4444444444444444,0.8037828637034019,869.4782608695652,23,24,0.0,0.46761238259251714
10,0.4,0.8035905667402682,869.4782608695652,23,24,0.0,0.44089764168506707
