K,dominant_ratio,balance_entropy,mean_segment_length,segment_count,meta_min_len,coherence,selection_score
8,0.5,0.8706173742498376,769.1538461538462,26,24,1.0,0.6676543435624595
7,0.42857142857142855,0.8705416560180325,769.1538461538462,26,24,1.0,0.6247782711473653
9,0.4444444444444444,0.8281683373998467,769.1538461538462,26,24,1.0,0.6237087510166284
10,0.4,0.8281683373998467,769.1538461538462,26,24,1.0,0.5970420843499616
