K,dominant_ratio,balance_entropy,mean_segment_length,segment_count,meta_min_len,coherence,selection_score
6,0.5,0.8388407748986032,1176.3529411764705,17,24,1.0,0.6597101937246508
7,0.5714285714285714,0.794768172474006,1052.5263157894738,19,24,0.7157894736842109,0.648917607028276
8,0.5,0.7618905224542084,952.2857142857143,21,24,0.485714285714286,0.563329773470695
9,0.4444444444444444,0.7697290624267255,740.6666666666666,27,24,0.0,0.459098932273348
10,0.4,0.7697290624267255,740.6666666666666,27,24,0.0,0.43243226560668135
11,0.36363636363636365,0.7708306869006267,740.6666666666666,27,24,0.0,0.4108894899069748
12,0.3333333333333333,0.771015346462962,740.6666666666666,27,24,0.0,0.3927538366157405
