K,dominant_ratio,balance_entropy,mean_segment_length,segment_count,meta_min_len,coherence,selection_score
8,0.375,0.8516975552438567,769.1538461538462,26,24,1.0,0.5879243888109642
10,0.4,0.7674012507354266,740.6666666666666,27,24,0.0,0.43185031268385665
11,0.36363636363636365,0.7398035936172421,740.6666666666666,27,24,0.0,0.4031327165861287
9,0.3333333333333333,0.8064057734319029,740.6666666666666,27,24,0.0,0.4016014433579757
12,0.3333333333333333,0.7398035936172421,740.6666666666666,27,24,0.0,0.3849508984043105
