K,dominant_ratio,balance_entropy,mean_segment_length,segment_count,meta_min_len,coherence,selection_score
7,0.5714285714285714,0.87965049170978,999.9,20,24,1.0,0.7127697657845878
8,0.5,0.8798686156822411,999.9,20,24,1.0,0.6699671539205603
9,0.4444444444444444,0.8435935069616065,909.0,22,24,0.6493506493506495,0.5749676408096657
10,0.4,0.8434343465124117,909.0,22,24,0.6493506493506495,0.5482611840307003
11,0.45454545454545453,0.8322703350982572,740.6666666666666,27,24,0.0,0.480794856501837
