K,dominant_ratio,balance_entropy,mean_segment_length,segment_count,meta_min_len,coherence,selection_score
7,0.42857142857142855,0.8585159230998928,999.9,20,24,1.0,0.6217718379178303
8,0.5,0.814905380706436,909.0,22,24,0.3030303030303029,0.5491808906311544
9,0.4444444444444444,0.81678895331171,909.0,22,24,0.3030303030303029,0.5163184504491396
10,0.4,0.7778249300081208,869.4782608695652,23,24,0.0,0.4344562325020302
