K,dominant_ratio,balance_entropy,mean_segment_length,segment_count,meta_min_len,coherence,selection_score
8,0.625,0.8486209413705698,740.6666666666666,27,24,0.44444444444444414,0.6538219020093091
7,0.42857142857142855,0.8734131972078271,833.25,24,24,1.0,0.6254961564448139
9,0.5555555555555556,0.8240752980915017,666.6,30,24,0.0,0.5393521578562087
10,0.5,0.7936734516844145,666.6,30,24,0.0,0.49841836292110364
11,0.45454545454545453,0.7935223085022447,666.6,30,24,0.0,0.4711078498528339
