K,dominant_ratio,balance_entropy,mean_segment_length,segment_count,meta_min_len,coherence,selection_score
7,0.5714285714285714,0.8488133768010949,833.25,24,24,1.0,0.7050604870574165
8,0.5,0.8302081730313174,769.1538461538462,26,24,0.0,0.5075520432578293
9,0.4444444444444444,0.8302081730313174,769.1538461538462,26,24,0.0,0.474218709924496
10,0.4,0.830213487559292,769.1538461538462,26,24,0.0,0.447553371889823
11,0.36363636363636365,0.7879758705017957,769.1538461538462,26,24,0.0,0.4151757858072671
