K,dominant_ratio,balance_entropy,mean_segment_length,segment_count,meta_min_len,coherence,selection_score
6,0.5,0.8295344203641445,999.9,20,24,1.0,0.6573836050910361
7,0.5714285714285714,0.8506952678955969,769.1538461538462,26,24,0.10989010989011017,0.5720144763145586
8,0.5,0.8565640918901589,740.6666666666666,27,24,0.0,0.5141410229725397
9,0.4444444444444444,0.8565640918901589,740.6666666666666,27,24,0.0,0.4808076896392064
10,0.4,0.8558818717963296,740.6666666666666,27,24,0.0,0.45397046794908236
