K,dominant_ratio,balance_entropy,mean_segment_length,segment_count,meta_min_len,coherence,selection_score
6,0.5,0.8166234694244671,1111.0,18,24,1.0,0.6541558673561167
7,0.42857142857142855,0.7690614864271663,999.9,20,24,0.7363636363636363,0.5598627742041942
8,0.375,0.7800247783632677,799.92,25,24,0.26181818181818167,0.45927892186354413
9,0.3333333333333333,0.7572082883537303,740.6666666666666,27,24,0.12121212121212108,0.4074838902702508
12,0.3333333333333333,0.706160677437619,689.5862068965517,29,24,0.0,0.3765401693594047
10,0.3,0.7330243522055703,714.2142857142857,28,24,0.05844155844155828,0.3720223218176263
11,0.2727272727272727,0.706160677437619,689.5862068965517,29,24,0.0,0.34017653299576833
