K,dominant_ratio,balance_entropy,mean_segment_length,segment_count,meta_min_len,coherence,selection_score
8,0.625,0.8830977247439641,833.25,24,24,1.0,0.7457744311859911
7,0.5714285714285714,0.8830977247439641,833.25,24,24,1.0,0.7136315740431338
9,0.5555555555555556,0.8561741255461043,740.6666666666666,27,24,0.3555555555555552,0.6007101980531926
10,0.5,0.8550133212199003,740.6666666666666,27,24,0.3555555555555552,0.5670866636383083
11,0.45454545454545453,0.8243369541685664,689.5862068965517,29,24,0.0,0.47881151126941435
