K,dominant_ratio,balance_entropy,mean_segment_length,segment_count,meta_min_len,coherence,selection_score
7,0.5714285714285714,0.8854807994714482,999.9,20,24,1.0,0.7142273427250049
8,0.5,0.8509924817141615,869.4782608695652,23,24,0.4968944099378884,0.5872822819192236
9,0.4444444444444444,0.8509924817141615,869.4782608695652,23,24,0.4968944099378884,0.5539489485858903
10,0.4,0.8509924817141615,869.4782608695652,23,24,0.4968944099378884,0.5272822819192237
11,0.36363636363636365,0.8315903271607045,740.6666666666666,27,24,0.0,0.4260793999719943
