K,dominant_ratio,balance_entropy,mean_segment_length,segment_count,meta_min_len,coherence,selection_score
6,0.3333333333333333,0.8586194743540679,1052.5263157894738,19,24,1.0,0.564654868588517
7,0.2857142857142857,0.8009924991269894,999.9,20,24,0.6333333333333329,0.46667669621031865
8,0.25,0.8009924991269894,999.9,20,24,0.6333333333333329,0.4452481247817473
10,0.3,0.7620153524660646,909.0,22,24,0.0,0.3705038381165161
9,0.2222222222222222,0.7620153524660646,909.0,22,24,0.0,0.32383717144984947
