K,dominant_ratio,balance_entropy,mean_segment_length,segment_count,meta_min_len,coherence,selection_score
8,0.5,0.9230888868001238,869.4782608695652,23,24,1.0,0.6807722217000309
7,0.42857142857142855,0.9230888868001238,869.4782608695652,23,24,1.0,0.6379150788428881
9,0.4444444444444444,0.8841391551287335,769.1538461538462,26,24,0.5528846153846154,0.5706341477565423
10,0.4,0.8233943235103621,645.0967741935484,31,24,0.0,0.4458485808775905
11,0.36363636363636365,0.8233943235103621,645.0967741935484,31,24,0.0,0.4240303990594087
