K,dominant_ratio,balance_entropy,mean_segment_length,segment_count,meta_min_len,coherence,selection_score
8,0.625,0.8554525192396945,909.0,22,24,1.0,0.7388631298099236
9,0.5555555555555556,0.8554437849179705,909.0,22,24,1.0,0.697194279562826
10,0.5,0.8162853329216603,909.0,22,24,1.0,0.6540713332304151
11,0.45454545454545453,0.7828785414916749,909.0,22,24,1.0,0.6184469081001914
