K,dominant_ratio,balance_entropy,mean_segment_length,segment_count,meta_min_len,coherence,selection_score
8,0.375,0.8161375064036747,869.4782608695652,23,24,1.0,0.5790343766009186
11,0.36363636363636365,0.7799628627389643,799.92,25,24,0.0,0.4131725338665593
9,0.3333333333333333,0.7799628627389643,799.92,25,24,0.0,0.3949907156847411
10,0.3,0.7799628627389643,799.92,25,24,0.0,0.37499071568474107
