K,dominant_ratio,balance_entropy,mean_segment_length,segment_count,meta_min_len,coherence,selection_score
6,0.5,0.8307757862036194,909.0,22,24,1.0,0.6576939465509049
8,0.5,0.7892321877346213,714.2142857142857,28,24,0.3142857142857141,0.5444509040765124
7,0.42857142857142855,0.8329155613322797,740.6666666666666,27,24,0.4074074074074073,0.5264828585870381
9,0.4444444444444444,0.7530737445287542,689.5862068965517,29,24,0.2275862068965518,0.48907303383333794
10,0.4,0.8010099012630671,624.9375,32,24,0.0,0.4402524753157668
