K,dominant_ratio,balance_entropy,mean_segment_length,segment_count,meta_min_len,coherence,selection_score
7,0.42857142857142855,0.8542394725328439,909.0,22,24,1.0,0.6207027252760681
8,0.5,0.8245787913658251,833.25,24,24,0.6547619047619048,0.604358983555742
9,0.4444444444444444,0.7863635009571557,799.92,25,24,0.5028571428571427,0.538686113334527
11,0.45454545454545453,0.7933415691907927,689.5862068965517,29,24,0.0,0.47106266502497085
12,0.4166666666666667,0.7933415691907927,689.5862068965517,29,24,0.0,0.44833539229769814
10,0.4,0.7926405896586324,689.5862068965517,29,24,0.0,0.4381601474146581
