K,dominant_ratio,balance_entropy,mean_segment_length,segment_count,meta_min_len,coherence,selection_score
8,0.5,0.8363796225500313,714.2142857142857,28,24,1.0,0.6590949056375078
9,0.4444444444444444,0.7930509987678656,689.5862068965517,29,24,0.4827586206896558,0.5373432094620814
10,0.4,0.7930509987678656,689.5862068965517,29,24,0.4827586206896558,0.5106765427954147
11,0.36363636363636365,0.7660283027657272,666.6,30,24,0.0,0.40968889387324997
12,0.3333333333333333,0.7660283027657272,666.6,30,24,0.0,0.3915070756914318
