K,dominant_ratio,balance_entropy,mean_segment_length,segment_count,meta_min_len,coherence,selection_score
7,0.5714285714285714,0.939103011637809,869.4782608695652,23,24,1.0,0.7276328957665951
8,0.5,0.939103011637809,869.4782608695652,23,24,1.0,0.6847757529094523
9,0.4444444444444444,0.8976071216511354,740.6666666666666,27,24,0.17037037037037037,0.5166240026350061
10,0.5,0.8480881439857217,714.2142857142857,28,24,0.0,0.5120220359964305
11,0.45454545454545453,0.8486278465687856,714.2142857142857,28,24,0.0,0.48488423436946915
12,0.4166666666666667,0.8476925645115279,714.2142857142857,28,24,0.0,0.46192314112788196
13,0.38461538461538464,0.8476925645115279,714.2142857142857,28,24,0.0,0.44269237189711275
