K,dominant_ratio,balance_entropy,mean_segment_length,segment_count,meta_min_len,coherence,selection_score
8,0.375,0.7321473886874198,740.6666666666666,27,24,1.0,0.558036847171855
7,0.42857142857142855,0.7812899923219274,714.2142857142857,28,24,0.6428571428571425,0.5488939266519104
9,0.3333333333333333,0.7087720961944928,689.5862068965517,29,24,0.31034482758620713,0.4237447481865543
11,0.36363636363636365,0.7279044624396035,666.6,30,24,0.0,0.40015793379171904
10,0.3,0.7279044624396035,666.6,30,24,0.0,0.36197611560990084
