K,dominant_ratio,balance_entropy,mean_segment_length,segment_count,meta_min_len,coherence,selection_score
7,0.7142857142857143,0.8592149895329529,952.2857142857143,21,24,1.0,0.7933751759546668
8,0.625,0.8464099163117883,799.92,25,24,0.4199999999999997,0.649602479077947
9,0.5555555555555556,0.8460479170293365,799.92,25,24,0.4199999999999997,0.6078453125906673
10,0.5,0.8226477834419992,714.2142857142857,28,24,0.09374999999999974,0.5197244458604998
11,0.45454545454545453,0.7889650422335458,689.5862068965517,29,24,0.0,0.46996853328565913
