K,dominant_ratio,balance_entropy,mean_segment_length,segment_count,meta_min_len,coherence,selection_score
7,0.42857142857142855,0.8821489126317773,869.4782608695652,23,24,1.0,0.6276800853008014
6,0.3333333333333333,0.8822610829299656,869.4782608695652,23,24,1.0,0.5705652707324914
8,0.375,0.8203593953264864,799.92,25,24,0.613333333333333,0.5220898488316216
9,0.3333333333333333,0.7967403071166951,689.5862068965517,29,24,0.0,0.39918507677917375
10,0.3,0.7967403071166951,689.5862068965517,29,24,0.0,0.3791850767791738
