K,dominant_ratio,balance_entropy,mean_segment_length,segment_count,meta_min_len,coherence,selection_score
6,0.3333333333333333,0.8322532273350528,1176.3529411764705,17,24,1.0,0.5580633068337632
9,0.4444444444444444,0.7841177849787169,869.4782608695652,23,24,0.0,0.4626961129113459
7,0.2857142857142857,0.7922673444247529,1052.5263157894738,19,24,0.5964912280701758,0.458969091745286
10,0.4,0.7838070199586631,869.4782608695652,23,24,0.0,0.43595175498966576
8,0.25,0.7841177849787169,869.4782608695652,23,24,0.0,0.34602944624467924
