K,dominant_ratio,balance_entropy,mean_segment_length,segment_count,meta_min_len,coherence,selection_score
7,0.5714285714285714,0.8615066766812668,909.0,22,24,1.0,0.7082338120274595
8,0.5,0.8420520441413164,769.1538461538462,26,24,0.0,0.5105130110353291
9,0.4444444444444444,0.8416422655407323,769.1538461538462,26,24,0.0,0.47707723305184974
10,0.4,0.8416422655407323,769.1538461538462,26,24,0.0,0.45041056638518306
