K,dominant_ratio,balance_entropy,mean_segment_length,segment_count,meta_min_len,coherence,selection_score
7,0.42857142857142855,0.8699114507645258,869.4782608695652,23,24,1.0,0.6246207198339886
8,0.5,0.8383766958009055,740.6666666666666,27,24,0.47325102880658415,0.580581828271214
9,0.4444444444444444,0.8268452737642707,624.9375,32,24,0.0,0.4733779851077343
10,0.4,0.8268452737642707,624.9375,32,24,0.0,0.4467113184410677
