K,dominant_ratio,balance_entropy,mean_segment_length,segment_count,meta_min_len,coherence,selection_score
9,0.5555555555555556,0.8173046741744003,624.9375,32,24,1.0,0.6876595018769335
8,0.5,0.855098080614082,624.9375,32,24,1.0,0.6637745201535205
10,0.5,0.7856534708808595,624.9375,32,24,1.0,0.6464133677202148
11,0.45454545454545453,0.7658033488407481,606.0,33,24,0.0,0.4641781099374597
12,0.4166666666666667,0.7658033488407481,606.0,33,24,0.0,0.441450837210187
