K,dominant_ratio,balance_entropy,mean_segment_length,segment_count,meta_min_len,coherence,selection_score
6,0.5,0.9015663824646132,999.9,20,24,1.0,0.6753915956161533
8,0.5,0.8074595143892112,869.4782608695652,23,24,0.6521739130434784,0.5996909655538245
7,0.42857142857142855,0.847310972849401,909.0,22,24,0.7575757575757576,0.582606963991571
9,0.4444444444444444,0.7850480518981321,799.92,25,24,0.46666666666666656,0.5329286796411996
10,0.5,0.7999817229811755,689.5862068965517,29,24,0.17241379310344834,0.5258574997108111
11,0.45454545454545453,0.7788177475543357,645.0967741935484,31,24,0.053763440860215124,0.4754962257448889
12,0.4166666666666667,0.7538421439107933,624.9375,32,24,0.0,0.4384605359776983
