K,dominant_ratio,balance_entropy,mean_segment_length,segment_count,meta_min_len,coherence,selection_score
7,0.5714285714285714,0.874788712779164,689.5862068965517,29,24,1.0,0.7115543210519338
8,0.5,0.8528240202871392,624.9375,32,24,0.5178571428571428,0.5908845765003562
9,0.4444444444444444,0.8522665199803173,555.5,36,24,0.0,0.479733296661746
11,0.45454545454545453,0.8235982094476412,555.5,36,24,0.0,0.478626825089183
10,0.4,0.8537344910070429,555.5,36,24,0.0,0.4534336227517607
