K,dominant_ratio,balance_entropy,mean_segment_length,segment_count,meta_min_len,coherence,selection_score
7,0.5714285714285714,0.8898592172365126,833.25,24,24,1.0,0.715321947166271
8,0.625,0.8599843030887729,740.6666666666666,27,24,0.0,0.5899960757721933
9,0.5555555555555556,0.8194391555308591,740.6666666666666,27,24,0.0,0.5381931222160481
10,0.5,0.8194199316029948,740.6666666666666,27,24,0.0,0.5048549829007487
12,0.4166666666666667,0.8161680391341075,769.1538461538462,26,24,0.3076923076923084,0.5001958559373731
11,0.45454545454545453,0.8194199316029948,740.6666666666666,27,24,0.0,0.47758225562802137
