K,dominant_ratio,balance_entropy,mean_segment_length,segment_count,meta_min_len,coherence,selection_score
6,0.3333333333333333,0.9315256046899145,1111.0,18,24,1.0,0.5828814011724787
7,0.2857142857142857,0.8507790750574672,1052.5263157894738,19,24,0.8289473684210529,0.5084654454560962
10,0.5,0.799604168279539,769.1538461538462,26,24,0.0,0.4999010420698847
11,0.45454545454545453,0.7636266727643028,799.92,25,24,0.08999999999999979,0.4771339409183484
8,0.375,0.8411207309470395,769.1538461538462,26,24,0.0,0.43528018273675984
12,0.4166666666666667,0.7382452340152998,769.1538461538462,26,24,0.0,0.43456130850382496
9,0.3333333333333333,0.799509455801028,769.1538461538462,26,24,0.0,0.39987736395025697
