K,dominant_ratio,balance_entropy,mean_segment_length,segment_count,meta_min_len,coherence,selection_score
7,0.5714285714285714,0.8595267506043631,833.25,24,24,1.0,0.7077388305082336
8,0.5,0.8517479517831709,666.6,30,24,0.0,0.5129369879457927
9,0.4444444444444444,0.8522327594920295,666.6,30,24,0.0,0.479724856539674
10,0.4,0.8519448217143509,666.6,30,24,0.0,0.4529862054285877
