K,dominant_ratio,balance_entropy,mean_segment_length,segment_count,meta_min_len,coherence,selection_score
7,0.42857142857142855,0.8804762773322441,1052.5263157894738,19,24,1.0,0.6272619264759182
8,0.5,0.8480923824872559,869.4782608695652,23,24,0.3540372670807453,0.5651286856839257
9,0.4444444444444444,0.8174976763544658,769.1538461538462,26,24,0.0,0.47104108575528314
10,0.4,0.8158953498349663,769.1538461538462,26,24,0.0,0.4439738374587415
