K,dominant_ratio,balance_entropy,mean_segment_length,segment_count,meta_min_len,coherence,selection_score
7,0.7142857142857143,0.8961204094959996,799.92,25,24,1.0,0.8026015309454285
8,0.5,0.88038414243411,689.5862068965517,29,24,0.4310344827586209,0.5847512080223206
9,0.5555555555555556,0.8693306932077777,606.0,33,24,0.0,0.5506660066352778
10,0.5,0.8693306932077777,606.0,33,24,0.0,0.5173326733019444
11,0.45454545454545453,0.8693306932077777,606.0,33,24,0.0,0.4900599460292171
12,0.4166666666666667,0.8327700239364266,606.0,33,24,0.0,0.45819250598410666
13,0.38461538461538464,0.8281915371714438,606.0,33,24,0.0,0.43781711506209176
