K,dominant_ratio,balance_entropy,mean_segment_length,segment_count,meta_min_len,coherence,selection_score
7,0.42857142857142855,0.8376237949491795,740.6666666666666,27,24,1.0,0.616548805880152
10,0.4,0.8382048330869023,740.6666666666666,27,24,1.0,0.5995512082717256
8,0.375,0.8376237949491795,740.6666666666666,27,24,1.0,0.5844059487372949
9,0.3333333333333333,0.8379636562288892,740.6666666666666,27,24,1.0,0.5594909140572223
