K,dominant_ratio,balance_entropy,mean_segment_length,segment_count,meta_min_len,coherence,selection_score
7,0.42857142857142855,0.8456505209011641,869.4782608695652,23,24,1.0,0.6185554873681481
8,0.5,0.8510501160471858,740.6666666666666,27,24,0.47325102880658415,0.5837501833327841
9,0.4444444444444444,0.8368135700431677,666.6,30,24,0.17037037037037045,0.5014256147330142
10,0.4,0.8071748056230424,666.6,30,24,0.17037037037037045,0.46734925696131613
12,0.4166666666666667,0.7665134167820867,624.9375,32,24,0.0,0.4416283541955217
13,0.38461538461538464,0.7665134167820867,624.9375,32,24,0.0,0.42239758496475244
11,0.36363636363636365,0.7935862984253134,624.9375,32,24,0.0,0.4165783927881465
14,0.35714285714285715,0.7666684430019042,624.9375,32,24,0.0,0.40595282503619035
