K,dominant_ratio,balance_entropy,mean_segment_length,segment_count,meta_min_len,coherence,selection_score
7,0.5714285714285714,0.8400612527071176,952.2857142857143,21,24,1.0,0.7028724560339222
8,0.5,0.8199182425284715,799.92,25,24,0.27999999999999986,0.5469795606321178
10,0.5,0.7813986664948284,799.92,25,24,0.27999999999999986,0.537349666623707
9,0.4444444444444444,0.7823477716631978,799.92,25,24,0.27999999999999986,0.504253609582466
11,0.45454545454545453,0.7559493507994474,740.6666666666666,27,24,0.0,0.4617146104271346
