K,dominant_ratio,balance_entropy,mean_segment_length,segment_count,meta_min_len,coherence,selection_score
6,0.5,0.8898296108640281,740.6666666666666,27,24,1.0,0.6724574027160071
7,0.42857142857142855,0.8579065106408691,645.0967741935484,31,24,0.0,0.47161948480307436
8,0.375,0.8570079001919614,645.0967741935484,31,24,0.0,0.4392519750479903
9,0.3333333333333333,0.8570079001919614,645.0967741935484,31,24,0.0,0.41425197504799033
