K,dominant_ratio,balance_entropy,mean_segment_length,segment_count,meta_min_len,coherence,selection_score
7,0.5714285714285714,0.8899063113612565,799.92,25,24,1.0,0.7153337206974569
8,0.625,0.8581415757213289,714.2142857142857,28,24,0.4464285714285711,0.656499679644618
9,0.5555555555555556,0.8239350516287718,714.2142857142857,28,24,0.4464285714285711,0.606281381954812
10,0.5,0.8110643532670996,645.0967741935484,31,24,0.0,0.5027660883167748
