K,dominant_ratio,balance_entropy,mean_segment_length,segment_count,meta_min_len,coherence,selection_score
7,0.42857142857142855,0.7980129776447895,1111.0,18,24,1.0,0.6066461015540545
8,0.5,0.8222485508639908,799.92,25,24,0.216,0.5379621377159977
9,0.4444444444444444,0.7818993900033423,769.1538461538462,26,24,0.13846153846153866,0.4829107449367331
10,0.4,0.7488870196575979,740.6666666666666,27,24,0.06666666666666668,0.43722175491439946
12,0.4166666666666667,0.7230168290837875,714.2142857142857,28,24,0.0,0.4307542072709469
11,0.36363636363636365,0.7488870196575979,740.6666666666666,27,24,0.06666666666666668,0.41540357309621767
