K,dominant_ratio,balance_entropy,mean_segment_length,segment_count,meta_min_len,coherence,selection_score
10,0.4,0.759293622163917,740.6666666666666,27,24,1.0,0.5798234055409792
11,0.36363636363636365,0.7587929553088764,740.6666666666666,27,24,1.0,0.5578800570090373
12,0.3333333333333333,0.7587929553088764,740.6666666666666,27,24,1.0,0.5396982388272191
13,0.3076923076923077,0.7589685113170628,740.6666666666666,27,24,1.0,0.5243575124446503
8,0.5,0.7911474315315867,714.2142857142857,28,24,0.0,0.49778685788289667
9,0.4444444444444444,0.7937819738031963,714.2142857142857,28,24,0.0,0.4651121601174657
