K,dominant_ratio,balance_entropy,mean_segment_length,segment_count,meta_min_len,coherence,selection_score
6,0.5,0.8786939776954855,909.0,22,24,1.0,0.6696734944238714
7,0.5714285714285714,0.8844290061080436,689.5862068965517,29,24,0.2275862068965518,0.5981023254186365
8,0.5,0.8873279151628487,689.5862068965517,29,24,0.2275862068965518,0.555969909825195
9,0.4444444444444444,0.8873136700135611,689.5862068965517,29,24,0.2275862068965518,0.5226330152045398
10,0.4,0.8873136700135611,689.5862068965517,29,24,0.2275862068965518,0.495966348537873
11,0.45454545454545453,0.8395958745666365,645.0967741935484,31,24,0.07096774193548396,0.49327140265925445
12,0.4166666666666667,0.8026399670830543,624.9375,32,24,0.0,0.45065999177076355
