K,dominant_ratio,balance_entropy,mean_segment_length,segment_count,meta_min_len,coherence,selection_score
7,0.42857142857142855,0.9144298365100335,952.2857142857143,21,24,1.0,0.6357503162703655
8,0.5,0.8658551464630102,869.4782608695652,23,24,0.30434782608695665,0.5621159605287961
9,0.4444444444444444,0.8662345341829598,869.4782608695652,23,24,0.30434782608695665,0.5288774741254502
11,0.45454545454545453,0.7655633698749793,833.25,24,24,0.0,0.46411811519601753
10,0.4,0.7930088319134012,833.25,24,24,0.0,0.4382522079783503
