K,dominant_ratio,balance_entropy,mean_segment_length,segment_count,meta_min_len,coherence,selection_score
6,0.5,0.7843162894866328,869.4782608695652,23,24,1.0,0.6460790723716582
7,0.42857142857142855,0.7587765211169835,769.1538461538462,26,24,0.44230769230769235,0.5131831412682568
8,0.375,0.7587765211169835,769.1538461538462,26,24,0.44230769230769235,0.4810402841253997
10,0.4,0.7804248787188622,689.5862068965517,29,24,0.0,0.4351062196797155
9,0.3333333333333333,0.721694398113478,740.6666666666666,27,24,0.28395061728395027,0.423016192120962
