K,dominant_ratio,balance_entropy,mean_segment_length,segment_count,meta_min_len,coherence,selection_score
17,0.5882352941176471,0.9531358774022864,3730.7014925373132,67,24,1.0,0.74122514582116
19,0.5789473684210527,0.9532200933065771,3424.068493150685,73,24,0.0,0.5856734443792759
18,0.5555555555555556,0.9532200933065771,3424.068493150685,73,24,0.0,0.5716383566599776
20,0.55,0.9532200933065771,3424.068493150685,73,24,0.0,0.5683050233266442
