K,dominant_ratio,balance_entropy,mean_segment_length,segment_count,meta_min_len,coherence,selection_score
17,0.47058823529411764,0.8821982779439965,3511.32,75,24,1.0,0.6529025106624697
18,0.4444444444444444,0.8821982779439965,3511.32,75,24,1.0,0.6372162361526658
19,0.47368421052631576,0.9257958548469953,2743.21875,96,24,0.0,0.5156594900275383
20,0.45,0.9257958548469953,2743.21875,96,24,0.0,0.5014489637117489
