K,dominant_ratio,balance_entropy,mean_segment_length,segment_count,meta_min_len,coherence,selection_score
14,0.5,0.9839442232222518,2682.123076923077,65,24,1.0,0.6959860558055629
16,0.5,0.9839442232222518,2682.123076923077,65,24,1.0,0.6959860558055629
17,0.47058823529411764,0.9840012494373764,2682.123076923077,65,24,1.0,0.6783532535358147
15,0.4666666666666667,0.9839442232222518,2682.123076923077,65,24,1.0,0.6759860558055629
19,0.42105263157894735,0.9016769478615854,2682.123076923077,65,24,1.0,0.6280508159127647
20,0.4,0.9016769478615854,2682.123076923077,65,24,1.0,0.6154192369653964
18,0.4444444444444444,0.9018543639238075,2602.0597014925374,67,24,0.0,0.49213025764761853
