K,dominant_ratio,balance_entropy,mean_segment_length,segment_count,meta_min_len,coherence,selection_score
16,0.5,0.9430702272361577,3214.1805555555557,72,24,1.0,0.6857675568090394
17,0.47058823529411764,0.9426802823662915,3127.310810810811,74,24,0.9009009009009008,0.6531581469031785
18,0.5,0.9812050319969191,2337.5858585858587,99,24,0.0,0.5453012579992298
19,0.47368421052631576,0.9812313091475797,2337.5858585858587,99,24,0.0,0.5295183536026844
20,0.45,0.9812313091475797,2337.5858585858587,99,24,0.0,0.515307827286895
