K,dominant_ratio,balance_entropy,mean_segment_length,segment_count,meta_min_len,coherence,selection_score
19,0.47368421052631576,0.896739530714231,2270.35,120,24,1.0,0.6583954089943472
20,0.45,0.8962854586829521,2251.586776859504,121,24,0.793388429752065,0.6130796291335477
18,0.5,0.9093774826273853,2179.536,125,24,0.0,0.5273443706568464
