K,dominant_ratio,balance_entropy,mean_segment_length,segment_count,meta_min_len,coherence,selection_score
16,0.4375,0.8469925206375508,5321.191489361702,47,24,1.0,0.6242481301593877
17,0.4117647058823529,0.8469925206375508,5321.191489361702,47,24,1.0,0.6088069536887994
18,0.3888888888888889,0.851168666073325,4718.792452830188,53,24,0.4433962264150937,0.5126349338139287
19,0.3684210526315789,0.8570497781133403,4238.9152542372885,59,24,0.0,0.43531507610728243
20,0.35,0.8570497781133403,4238.9152542372885,59,24,0.0,0.42426244452833506
