K,dominant_ratio,balance_entropy,mean_segment_length,segment_count,meta_min_len,coherence,selection_score
17,0.47058823529411764,0.9351981213871771,3474.268656716418,67,24,1.0,0.6661524715232648
20,0.4,0.9040659163005675,3474.268656716418,67,24,1.0,0.6160164790751419
15,0.5333333333333333,0.956200833994761,3373.5652173913045,69,24,0.0,0.5590502084986902
16,0.5,0.9561978793574827,3373.5652173913045,69,24,0.0,0.5390494698393706
18,0.4444444444444444,0.9354088845465113,3373.5652173913045,69,24,0.0,0.5005188878032945
19,0.42105263157894735,0.9354088845465113,3373.5652173913045,69,24,0.0,0.48648380008399617
