K,dominant_ratio,balance_entropy,mean_segment_length,segment_count,meta_min_len,coherence,selection_score
19,0.42105263157894735,0.866047044174533,2361.2792792792793,111,24,1.0,0.6191433399910017
20,0.4,0.866047044174533,2361.2792792792793,111,24,1.0,0.6065117610436332
18,0.4444444444444444,0.8641751959524834,2340.1964285714284,112,24,0.0,0.4827104656547875
