dataset,win_size,step,M,N,out_channels,nb_steps,kernel_size,win_type,cases,mean_ARI,mean_NMI,mean_AMI,mean_Covering,mean_CP_F1,std_ARI,std_NMI,std_AMI,std_Covering,std_CP_F1,mean_seconds
ucrseg,512,50,20,4,4,20,3,rect,320,0.3457639955062694,0.4466850369934628,0.41650021345160787,0.4143931169087612,0.05520316752678903,0.2264782956675559,0.1862199806412771,0.18774853148836051,0.21932576491694497,0.07643065703059346,12.87824485078454
