{
  "status": "ok",
  "dataset": "ucrseg",
  "e2usd_root": "D:\\code\\teacherT2S\\E2Usd-main",
  "win_sizes": [
    512
  ],
  "steps": [
    50
  ],
  "repeats": 10,
  "summary": {
    "grid_mean": {
      "ARI": 0.3457639955062694,
      "NMI": 0.4466850369934628,
      "AMI": 0.41650021345160787,
      "Covering": 0.4143931169087612,
      "CP_F1": 0.05520316752678904
    },
    "best_by_mean_ARI": {
      "win_size": 512,
      "step": 50,
      "ARI": 0.3457639955062694,
      "NMI": 0.4466850369934628,
      "AMI": 0.41650021345160787,
      "Covering": 0.4143931169087612,
      "CP_F1": 0.05520316752678903
    },
    "n_rows": 320
  }
}