algorithm,dataset,case_count,ARI_mean,NMI_mean,AMI_mean,covering_mean,f1_mean,seconds_sum
TICC,Synthetic,100,0.4368376848735312,0.5583086297034383,0.5363673169582882,0.5606184207670502,0.5244496287034671,3338.014216899872
TICC,ALL_DATASETS_EQUAL_CASE_WEIGHT,100,0.4368376848735312,0.5583086297034383,0.5363673169582882,0.5606184207670502,0.5244496287034671,3338.014216899872
