K,dominant_threshold,dominant_count,dominant_ratio,balance_entropy,mean_segment_length,segment_count,coherence,selection_score
10,0.1,2,0.2,0.6024821650789441,372.84615384615387,13,1.0,0.420620541269736
11,0.09090909090909091,2,0.18181818181818182,0.6024821650789441,372.84615384615387,13,1.0,0.40971145036064516
12,0.08333333333333333,3,0.25,0.6682820951792682,201.95833333333334,24,0.0,0.31707052379481704
13,0.07692307692307693,3,0.23076923076923078,0.6682820951792682,201.95833333333334,24,0.0,0.30553206225635554
14,0.07142857142857142,3,0.21428571428571427,0.6680944611589428,201.95833333333334,24,0.0,0.29559504386116425
15,0.06666666666666667,3,0.2,0.6680944611589428,201.95833333333334,24,0.0,0.2870236152897357
16,0.0625,3,0.1875,0.6680944611589428,201.95833333333334,24,0.0,0.2795236152897357
