algorithm,dataset,case_count,ARI_mean,NMI_mean,AMI_mean,covering_mean,f1_mean,seconds_sum
ClaSP-TKMeans,USC-HAD,70,0.6403208845371804,0.8063747868035392,0.8059136189615153,0.6987661341853316,0.679062190467318,24307.39703798294
ClaSP-TKMeans,ALL_DATASETS_EQUAL_CASE_WEIGHT,70,0.6403208845371804,0.8063747868035392,0.8059136189615153,0.6987661341853316,0.679062190467318,24307.39703798294
