K,selected_by_rule,ARI,NMI,n_pred_states,segments,dominant_ratio,balance_entropy,mean_segment_length,segment_count_raw,coherence,selection_score,meta_min_len,branch_select_metric,meta_vote_weight_mode,selected_branch_names
6,0,0.8662712879823831,0.8415824312490546,5,12,0.16666666666666666,0.8269478129991219,631.8333333333334,12,1.0,0.4567369532497805,24,PID,pid_weight,MoCap_alt64_b27_w192_s72|MoCap_alt64_b33_w224_s37|MoCap_alt64_b45_w272_s45|MoCap_alt64_b51_w288_s108
7,0,0.8662712879823831,0.8415824312490546,5,12,0.2857142857142857,0.8269478129991219,631.8333333333334,12,1.0,0.5281655246783519,24,PID,pid_weight,MoCap_alt64_b27_w192_s72|MoCap_alt64_b33_w224_s37|MoCap_alt64_b45_w272_s45|MoCap_alt64_b51_w288_s108
8,1,0.8662712879823831,0.8415824312490546,5,12,0.375,0.8269478129991219,631.8333333333334,12,1.0,0.5817369532497805,24,PID,pid_weight,MoCap_alt64_b27_w192_s72|MoCap_alt64_b33_w224_s37|MoCap_alt64_b45_w272_s45|MoCap_alt64_b51_w288_s108
9,0,0.8662712879823831,0.8415824312490546,5,12,0.3333333333333333,0.8269478129991219,631.8333333333334,12,1.0,0.5567369532497805,24,PID,pid_weight,MoCap_alt64_b27_w192_s72|MoCap_alt64_b33_w224_s37|MoCap_alt64_b45_w272_s45|MoCap_alt64_b51_w288_s108
