K,dominant_ratio,balance_entropy,mean_segment_length,segment_count,meta_min_len,coherence,selection_score
6,0.5,0.8769379223663348,725.0833333333334,12,24,1.0,0.6692344805915837
7,0.42857142857142855,0.8814866679939993,435.05,20,24,0.0,0.477514524141357
8,0.375,0.8814866679939993,435.05,20,24,0.0,0.44537166699849984
