K,dominant_ratio,balance_entropy,mean_segment_length,segment_count,meta_min_len,coherence,selection_score
9,0.4444444444444444,0.9352664450536434,708.0769230769231,13,24,0.7692307692307692,0.6158678933146928
10,0.4,0.934177708943829,657.5,14,24,0.5714285714285713,0.5592587129502429
8,0.25,0.9650432417370826,767.0833333333334,12,24,1.0,0.5412608104342707
12,0.5,0.9120803608686211,511.3888888888889,18,24,0.0,0.5280200902171552
11,0.45454545454545453,0.9375452152738797,541.4705882352941,17,24,0.11764705882352941,0.5247606353692721
