K,dominant_ratio,balance_entropy,mean_segment_length,segment_count,meta_min_len,coherence,selection_score
7,0.42857142857142855,0.8445286076945439,405.2142857142857,14,24,1.0,0.6182750090664931
6,0.3333333333333333,0.8898192889854104,405.2142857142857,14,24,1.0,0.5724548222463526
