K,dominant_ratio,balance_entropy,mean_segment_length,segment_count,meta_min_len,coherence,selection_score
9,0.4444444444444444,0.8392193909105659,624.4705882352941,17,24,1.0,0.6264715143943081
10,0.4,0.836493461922595,505.5238095238095,21,24,0.0,0.44912336548064874
11,0.36363636363636365,0.836493461922595,505.5238095238095,21,24,0.0,0.42730518366246695
12,0.3333333333333333,0.8405846807457291,505.5238095238095,21,24,0.0,0.4101461701864323
