K,dominant_ratio,balance_entropy,mean_segment_length,segment_count,meta_min_len,coherence,selection_score
9,0.4444444444444444,0.8724486082186355,700.0,12,24,1.0,0.6347788187213256
10,0.4,0.8726037592870338,700.0,12,24,1.0,0.6081509398217585
8,0.375,0.8724486082186355,700.0,12,24,1.0,0.5931121520546588
