K,dominant_ratio,balance_entropy,mean_segment_length,segment_count,meta_min_len,coherence,selection_score
8,0.375,0.8269478129991219,631.8333333333334,12,24,1.0,0.5817369532497805
9,0.3333333333333333,0.8269478129991219,631.8333333333334,12,24,1.0,0.5567369532497805
7,0.2857142857142857,0.8269478129991219,631.8333333333334,12,24,1.0,0.5281655246783519
6,0.16666666666666666,0.8269478129991219,631.8333333333334,12,24,1.0,0.4567369532497805
