K,dominant_ratio,balance_entropy,mean_segment_length,segment_count,meta_min_len,coherence,selection_score
7,0.5714285714285714,0.8052573916400525,416.1818181818182,11,24,1.0,0.694171490767156
6,0.5,0.8053862385265261,416.1818181818182,11,24,1.0,0.6513465596316316
