K,dominant_ratio,balance_entropy,mean_segment_length,segment_count,meta_min_len,coherence,selection_score
7,0.2857142857142857,0.8833322691470511,432.42857142857144,14,24,1.0,0.5422616387153342
9,0.4444444444444444,0.8443167080189167,356.11764705882354,17,24,0.0,0.47774584367139583
8,0.25,0.8443167080189167,356.11764705882354,17,24,0.0,0.36107917700472913
