K,selected_by_rule,ARI,NMI,n_pred_states,segments,dominant_ratio,balance_entropy,mean_segment_length,segment_count_raw,coherence,selection_score,meta_min_len,branch_select_metric,meta_vote_weight_mode,selected_branch_names
8,0,0.8158450534704877,0.860655832532338,8,12,0.25,0.9650432417370826,767.0833333333334,12,1.0,0.5412608104342707,24,PID,pid_weight,MoCap_alt64_b23_w176_s66|MoCap_alt64_b27_w192_s72|MoCap_alt64_b37_w240_s40|MoCap_alt64_b41_w256_s50
9,1,0.802783433757408,0.8510009429200298,9,13,0.4444444444444444,0.9352664450536434,708.0769230769231,13,0.7692307692307692,0.6158678933146928,24,PID,pid_weight,MoCap_alt64_b23_w176_s66|MoCap_alt64_b27_w192_s72|MoCap_alt64_b37_w240_s40|MoCap_alt64_b41_w256_s50
10,0,0.7959379753350174,0.8434933067986145,9,14,0.4,0.934177708943829,657.5,14,0.5714285714285713,0.5592587129502429,24,PID,pid_weight,MoCap_alt64_b23_w176_s66|MoCap_alt64_b27_w192_s72|MoCap_alt64_b37_w240_s40|MoCap_alt64_b41_w256_s50
11,0,0.8305308374516652,0.8533128524370192,10,17,0.45454545454545453,0.9375452152738797,541.4705882352941,17,0.11764705882352941,0.5247606353692721,24,PID,pid_weight,MoCap_alt64_b23_w176_s66|MoCap_alt64_b27_w192_s72|MoCap_alt64_b37_w240_s40|MoCap_alt64_b41_w256_s50
12,0,0.8249337856417507,0.847774958285765,11,18,0.5,0.9120803608686211,511.3888888888889,18,0.0,0.5280200902171552,24,PID,pid_weight,MoCap_alt64_b23_w176_s66|MoCap_alt64_b27_w192_s72|MoCap_alt64_b37_w240_s40|MoCap_alt64_b41_w256_s50
