K,selected_by_rule,ARI,NMI,n_pred_states,segments,dominant_ratio,balance_entropy,mean_segment_length,segment_count_raw,coherence,selection_score,meta_min_len,branch_select_metric,meta_vote_weight_mode,selected_branch_names
6,0,0.817890540232885,0.7899465800301883,6,11,0.5,0.8053862385265261,416.1818181818182,11,1.0,0.6513465596316316,24,PID,pid_weight,MoCap_alt64_b22_w176_s44|MoCap_alt64_b29_w208_s35|MoCap_alt64_b53_w304_s51|MoCap_alt64_b61_w336_s56
7,1,0.8184628106366905,0.7903389274717739,6,11,0.5714285714285714,0.8052573916400525,416.1818181818182,11,1.0,0.694171490767156,24,PID,pid_weight,MoCap_alt64_b22_w176_s44|MoCap_alt64_b29_w208_s35|MoCap_alt64_b53_w304_s51|MoCap_alt64_b61_w336_s56
