K,selected_by_rule,ARI,NMI,n_pred_states,segments,dominant_ratio,balance_entropy,mean_segment_length,segment_count_raw,coherence,selection_score,meta_min_len,branch_select_metric,meta_vote_weight_mode,selected_branch_names
9,1,0.7523616716898655,0.7962620024779627,9,17,0.4444444444444444,0.8392193909105659,624.4705882352941,17,1.0,0.6264715143943081,24,PID,pid_weight,MoCap_alt64_b21_w176_s29|MoCap_alt64_b22_w176_s44|MoCap_alt64_b33_w224_s37|MoCap_alt64_b37_w240_s40
10,0,0.7452224266615242,0.7944957306817494,10,21,0.4,0.836493461922595,505.5238095238095,21,0.0,0.44912336548064874,24,PID,pid_weight,MoCap_alt64_b21_w176_s29|MoCap_alt64_b22_w176_s44|MoCap_alt64_b33_w224_s37|MoCap_alt64_b37_w240_s40
11,0,0.7452224266615242,0.7944957306817494,10,21,0.36363636363636365,0.836493461922595,505.5238095238095,21,0.0,0.42730518366246695,24,PID,pid_weight,MoCap_alt64_b21_w176_s29|MoCap_alt64_b22_w176_s44|MoCap_alt64_b33_w224_s37|MoCap_alt64_b37_w240_s40
12,0,0.7726744844213063,0.810354023419991,10,21,0.3333333333333333,0.8405846807457291,505.5238095238095,21,0.0,0.4101461701864323,24,PID,pid_weight,MoCap_alt64_b21_w176_s29|MoCap_alt64_b22_w176_s44|MoCap_alt64_b33_w224_s37|MoCap_alt64_b37_w240_s40
