K,dominant_ratio,balance_entropy,mean_segment_length,segment_count,meta_min_len,coherence,selection_score
15,0.5333333333333333,0.9081013560208389,1938.076923076923,26,24,1.0,0.6970253390052098
13,0.46153846153846156,0.8887914143402068,1938.076923076923,26,24,1.0,0.6491209305081287
14,0.42857142857142855,0.9081013560208389,1938.076923076923,26,24,1.0,0.6341681961480669
16,0.5,0.8909202386614491,1866.2962962962963,27,24,0.6419753086419755,0.6190263559616586
19,0.5263157894736842,0.8711909515485582,1737.5862068965516,29,24,0.0,0.53358721157135
18,0.5,0.8711909515485582,1737.5862068965516,29,24,0.0,0.5177977378871396
17,0.47058823529411764,0.8719940510592072,1737.5862068965516,29,24,0.0,0.5003514539412723
