K,dominant_ratio,balance_entropy,mean_segment_length,segment_count,meta_min_len,coherence,selection_score
15,0.4,0.8396548861990335,1292.7179487179487,39,24,1.0,0.5999137215497584
16,0.5,0.856620264963077,1260.4,40,24,0.0,0.5141550662407692
19,0.47368421052631576,0.8564654294364129,1260.4,40,24,0.0,0.4983268836748927
17,0.47058823529411764,0.8564654294364129,1260.4,40,24,0.0,0.4964692985355738
18,0.4444444444444444,0.8564654294364129,1260.4,40,24,0.0,0.4807830240257699
