K,dominant_ratio,balance_entropy,mean_segment_length,segment_count,meta_min_len,coherence,selection_score
15,0.4,0.8285995857455958,1960.52,25,24,1.0,0.5971498964363989
16,0.375,0.8285995857455958,1960.52,25,24,1.0,0.5821498964363989
17,0.35294117647058826,0.8080345743625142,1815.2962962962963,27,24,0.30864197530864185,0.4600696457692778
18,0.3333333333333333,0.8080345743625142,1815.2962962962963,27,24,0.30864197530864185,0.4483049398869248
20,0.35,0.7889723248044784,1750.4642857142858,28,24,0.0,0.4072430812011196
19,0.3157894736842105,0.7889723248044784,1750.4642857142858,28,24,0.0,0.3867167654116459
