K,dominant_ratio,balance_entropy,mean_segment_length,segment_count,meta_min_len,coherence,selection_score
14,0.5714285714285714,0.9343670294185668,1405.7142857142858,35,24,1.0,0.7264489002117845
16,0.5625,0.9120454306841491,1329.7297297297298,37,24,0.315315315315316,0.6128086549683346
15,0.5333333333333333,0.9120454306841491,1329.7297297297298,37,24,0.315315315315316,0.5953086549683346
17,0.5294117647058824,0.8940530440747241,1294.7368421052631,38,24,0.0,0.5411603198422104
18,0.5,0.8940530440747241,1294.7368421052631,38,24,0.0,0.523513261018681
