K,dominant_ratio,balance_entropy,mean_segment_length,segment_count,meta_min_len,coherence,selection_score
15,0.3333333333333333,0.7765176262143716,2287.1363636363635,22,24,1.0,0.5441294065535929
16,0.3125,0.753135266930445,2096.5416666666665,24,24,0.5499999999999998,0.4582838167326112
17,0.29411764705882354,0.753135266930445,2096.5416666666665,24,24,0.5499999999999998,0.4472544049679053
18,0.3888888888888889,0.7370806568793044,1935.2692307692307,26,24,0.16923076923076913,0.4429881129377748
19,0.42105263157894735,0.758599111762951,1863.5925925925926,27,24,0.0,0.4422813568881061
