K,dominant_ratio,balance_entropy,mean_segment_length,segment_count,meta_min_len,coherence,selection_score
14,0.5,0.9125817597477205,1784.1612903225807,31,24,1.0,0.6781454399369301
15,0.4666666666666667,0.9230710709896327,1728.40625,32,24,0.4843749999999998,0.5834240177474082
17,0.47058823529411764,0.9033118886275235,1676.030303030303,33,24,0.0,0.5081809133333515
19,0.47368421052631576,0.8833818123166227,1676.030303030303,33,24,0.0,0.5050559793949452
16,0.4375,0.9033118886275235,1676.030303030303,33,24,0.0,0.4883279721568809
18,0.4444444444444444,0.8833818123166227,1676.030303030303,33,24,0.0,0.4875121197458223
