K,dominant_ratio,balance_entropy,mean_segment_length,segment_count,meta_min_len,coherence,selection_score
15,0.5333333333333333,0.8884393003474277,3080.0588235294117,17,24,1.0,0.6921098250868569
16,0.5,0.8884393003474277,3080.0588235294117,17,24,1.0,0.6721098250868569
14,0.5,0.8599852775274609,3080.0588235294117,17,24,1.0,0.6649963193818652
17,0.5294117647058824,0.8693332210750769,2755.842105263158,19,24,0.0,0.5349803640922987
18,0.5,0.8693332210750769,2755.842105263158,19,24,0.0,0.5173333052687692
