K,dominant_ratio,balance_entropy,mean_segment_length,segment_count,meta_min_len,coherence,selection_score
13,0.5384615384615384,0.8875422595181693,2330.3636363636365,22,24,1.0,0.6949624879564654
14,0.5,0.8595921058745192,2229.0434782608695,23,24,0.8502415458937196,0.6424342583526877
15,0.4666666666666667,0.8595921058745192,2229.0434782608695,23,24,0.8502415458937196,0.6224342583526877
16,0.4375,0.8595921058745192,2229.0434782608695,23,24,0.8502415458937196,0.6049342583526878
17,0.4117647058823529,0.8594922017417874,2229.0434782608695,23,24,0.8502415458937196,0.5894681058489165
18,0.3888888888888889,0.8320834096395788,2229.0434782608695,23,24,0.8502415458937196,0.568890417627286
19,0.42105263157894735,0.839083506989866,1653.8064516129032,31,24,0.0,0.46240245569483485
