K,dominant_ratio,balance_entropy,mean_segment_length,segment_count,meta_min_len,coherence,selection_score
14,0.5,0.8918041398065278,1649.9310344827586,29,24,1.0,0.672951034951632
15,0.4666666666666667,0.8927156289993465,1543.483870967742,31,24,0.7275985663082438,0.6123186921960732
16,0.4375,0.876488816967511,1543.483870967742,31,24,0.7275985663082438,0.5907619891881143
17,0.4117647058823529,0.8764243432368438,1543.483870967742,31,24,0.7275985663082438,0.5753046942848593
18,0.3888888888888889,0.8764243432368438,1543.483870967742,31,24,0.7275985663082438,0.5615792040887808
19,0.3684210526315789,0.8589794315298758,1407.2941176470588,34,24,0.37908496732026137,0.49266023455945546
20,0.4,0.8924174793127846,1259.157894736842,38,24,0.0,0.46310436982819614
