K,dominant_ratio,balance_entropy,mean_segment_length,segment_count,meta_min_len,coherence,selection_score
14,0.5,0.8997116639083103,3125.0555555555557,18,24,1.0,0.6749279159770776
18,0.5555555555555556,0.8841329746883952,2556.8636363636365,22,24,0.0,0.5543665770054321
15,0.5333333333333333,0.8841257799141777,2556.8636363636365,22,24,0.0,0.5410314449785445
19,0.5263157894736842,0.8841329746883952,2556.8636363636365,22,24,0.0,0.5368227173563094
16,0.5,0.8841257799141777,2556.8636363636365,22,24,0.0,0.5210314449785445
17,0.47058823529411764,0.8841257799141777,2556.8636363636365,22,24,0.0,0.503384386155015
