K,dominant_ratio,balance_entropy,mean_segment_length,segment_count,meta_min_len,coherence,selection_score
15,0.4666666666666667,0.8850598844435902,2352.3478260869565,23,24,1.0,0.6512649711108975
16,0.4375,0.8850598844435902,2352.3478260869565,23,24,1.0,0.6337649711108976
17,0.4117647058823529,0.8850598844435902,2352.3478260869565,23,24,1.0,0.6183237946403093
18,0.3888888888888889,0.8639066459616728,2254.3333333333335,24,24,0.6388888888888892,0.5451433281570849
14,0.5,0.8879181406054473,2080.923076923077,26,24,0.0,0.5219795351513619
19,0.3684210526315789,0.8633078076442348,2164.16,25,24,0.30666666666666564,0.4828795834900059
