K,dominant_ratio,balance_entropy,mean_segment_length,segment_count,meta_min_len,coherence,selection_score
19,0.3157894736842105,0.7802808229617152,1545.0857142857142,35,24,1.0,0.5345438899509551
18,0.2777777777777778,0.7802808229617152,1545.0857142857142,35,24,1.0,0.5117368724070954
20,0.35,0.8073153154919669,1502.1666666666667,36,24,0.6481481481481491,0.5090510510952141
15,0.3333333333333333,0.8171402394096144,1461.5675675675675,37,24,0.31531531531531465,0.4515823571497008
16,0.3125,0.7987603128131849,1423.1052631578948,38,24,0.0,0.3871900782032962
17,0.29411764705882354,0.7987603128131849,1423.1052631578948,38,24,0.0,0.37616066643859036
