K,dominant_ratio,balance_entropy,mean_segment_length,segment_count,meta_min_len,coherence,selection_score
15,0.3333333333333333,0.8081821902217158,2055.923076923077,26,24,1.0,0.5520455475554289
16,0.3125,0.8081821902217158,2055.923076923077,26,24,1.0,0.5395455475554289
17,0.29411764705882354,0.8081821902217158,2055.923076923077,26,24,1.0,0.5285161357907231
18,0.2777777777777778,0.8078895557383767,2055.923076923077,26,24,1.0,0.5186390556012609
19,0.2631578947368421,0.8076125891765664,2055.923076923077,26,24,1.0,0.5097978841362468
14,0.35714285714285715,0.8309505108363094,1909.0714285714287,28,24,0.0,0.42202334199479163
