K,dominant_ratio,balance_entropy,mean_segment_length,segment_count,meta_min_len,coherence,selection_score
17,0.35294117647058826,0.8694248059154477,1447.945945945946,37,24,1.0,0.5791209073612149
18,0.3333333333333333,0.8694248059154477,1447.945945945946,37,24,1.0,0.5673562014788619
19,0.3157894736842105,0.8694248059154477,1447.945945945946,37,24,1.0,0.5568298856893882
16,0.375,0.8710746344827875,1373.6923076923076,39,24,0.31623931623931584,0.49020455605659424
15,0.4,0.8721996066052079,1339.35,40,24,0.0,0.458049901651302
20,0.3,0.8304868509715829,1373.6923076923076,39,24,0.31623931623931584,0.4350576101787931
