K,dominant_ratio,balance_entropy,mean_segment_length,segment_count,meta_min_len,coherence,selection_score
18,0.3333333333333333,0.8360719286401757,2346.8260869565215,23,24,1.0,0.559017982160044
19,0.3157894736842105,0.8360719286401757,2346.8260869565215,23,24,1.0,0.5484916663705702
15,0.3333333333333333,0.8394269276372337,2249.0416666666665,24,24,0.7666666666666667,0.5248567319093084
16,0.3125,0.8394269276372337,2249.0416666666665,24,24,0.7666666666666667,0.5123567319093084
17,0.29411764705882354,0.8394762979954352,2249.0416666666665,24,24,0.7666666666666667,0.501339662734153
12,0.4166666666666667,0.8419563844536925,1999.148148148148,27,24,0.1703703703703702,0.4860446516689787
13,0.38461538461538464,0.8419150806707071,1999.148148148148,27,24,0.1703703703703702,0.4668035564924631
14,0.35714285714285715,0.842224100114716,1927.75,28,24,0.0,0.4248417393143933
