K,dominant_ratio,balance_entropy,mean_segment_length,segment_count,meta_min_len,coherence,selection_score
11,0.45454545454545453,0.8390599784031506,2617.2,20,24,1.0,0.6324922673280604
12,0.4166666666666667,0.8390599784031506,2617.2,20,24,1.0,0.6097649946007877
13,0.38461538461538464,0.8744382332679888,2181.0,24,24,0.4629629629629631,0.5188232335306724
14,0.35714285714285715,0.8744382332679888,2181.0,24,24,0.4629629629629631,0.5023397170471559
15,0.4,0.8711627095510157,1869.4285714285713,28,24,0.07936507936507928,0.46969543929251584
16,0.375,0.8711627095510157,1869.4285714285713,28,24,0.07936507936507928,0.4546954392925158
18,0.3888888888888889,0.8508209743183652,1804.9655172413793,29,24,0.0,0.44603857691292464
17,0.35294117647058826,0.8711627095510157,1869.4285714285713,28,24,0.07936507936507928,0.4414601451748688
19,0.3684210526315789,0.8508209743183652,1804.9655172413793,29,24,0.0,0.4337578751585387
