K,dominant_ratio,balance_entropy,mean_segment_length,segment_count,meta_min_len,coherence,selection_score
13,0.38461538461538464,0.8393107607234732,1345.2894736842106,38,24,1.0,0.5905969209500991
14,0.35714285714285715,0.8393107607234732,1345.2894736842106,38,24,1.0,0.5741134044665825
15,0.3333333333333333,0.8393107607234732,1345.2894736842106,38,24,1.0,0.5598276901808683
12,0.3333333333333333,0.839128324831895,1345.2894736842106,38,24,1.0,0.5597820812079738
16,0.375,0.8754509238606594,1161.840909090909,44,24,0.2159090909090904,0.47624909460152837
18,0.3333333333333333,0.8694616267626416,1111.3260869565217,46,24,0.0,0.41736540669066036
19,0.3157894736842105,0.8694616267626416,1111.3260869565217,46,24,0.0,0.4068390909011867
17,0.29411764705882354,0.8694616267626416,1111.3260869565217,46,24,0.0,0.39383599492595456
