K,dominant_ratio,balance_entropy,mean_segment_length,segment_count,meta_min_len,coherence,selection_score
16,0.3125,0.8266745640360058,1918.6153846153845,26,24,1.0,0.5441686410090014
17,0.29411764705882354,0.8266745640360058,1918.6153846153845,26,24,1.0,0.5331392292442956
15,0.26666666666666666,0.8454655387239887,1918.6153846153845,26,24,1.0,0.5213663846809972
19,0.3157894736842105,0.8257658348887865,1781.5714285714287,28,24,0.0,0.3959151429327229
18,0.2777777777777778,0.8257658348887865,1781.5714285714287,28,24,0.0,0.3731081253888633
