K,dominant_ratio,balance_entropy,mean_segment_length,segment_count,meta_min_len,coherence,selection_score
13,0.46153846153846156,0.8467302865893727,1953.0,26,24,1.0,0.6386056485704201
12,0.4166666666666667,0.8706486458923743,1953.0,26,24,1.0,0.6176621614730936
14,0.42857142857142855,0.8411359780084301,1692.6,30,24,0.28888888888888864,0.510760184978298
17,0.4117647058823529,0.8229983756607562,1692.6,30,24,0.28888888888888864,0.49614175077793404
15,0.4,0.8411359780084301,1692.6,30,24,0.28888888888888864,0.4936173278354408
16,0.375,0.8410553620383073,1692.6,30,24,0.28888888888888864,0.47859717384291006
19,0.3684210526315789,0.8063417438042177,1638.0,31,24,0.13978494623655913,0.44360580946548567
18,0.3888888888888889,0.8058992797360137,1586.8125,32,24,0.0,0.4348081532673368
