K,dominant_ratio,balance_entropy,mean_segment_length,segment_count,meta_min_len,coherence,selection_score
16,0.4375,0.8449101385144016,2489.714285714286,21,24,1.0,0.6237275346286004
17,0.4117647058823529,0.8201077648403196,2489.714285714286,21,24,1.0,0.6020857647394916
15,0.4,0.8448275740819358,2489.714285714286,21,24,1.0,0.601206893520484
18,0.3888888888888889,0.8201077648403196,2489.714285714286,21,24,1.0,0.5883602745434132
14,0.42857142857142855,0.8454407156936163,2273.217391304348,23,24,0.0,0.4685030360662612
