K,dominant_ratio,balance_entropy,mean_segment_length,segment_count,meta_min_len,coherence,selection_score
14,0.35714285714285715,0.7775405484367868,1666.875,24,24,1.0,0.558670851394911
16,0.375,0.7661253156268308,1333.5,30,24,0.2666666666666667,0.45653132890670767
20,0.35,0.8191910007060174,1333.5,30,24,0.2666666666666667,0.45479775017650437
19,0.3684210526315789,0.8187941086577987,1290.483870967742,31,24,0.17204301075268824,0.45155761035630027
17,0.35294117647058826,0.7490690851140738,1333.5,30,24,0.2666666666666667,0.4390319771608714
15,0.3333333333333333,0.7661253156268308,1333.5,30,24,0.2666666666666667,0.43153132890670776
18,0.3333333333333333,0.7472276422160363,1212.2727272727273,33,24,0.0,0.38680691055400906
