K,dominant_ratio,balance_entropy,mean_segment_length,segment_count,meta_min_len,coherence,selection_score
12,0.4166666666666667,0.7694294889880112,2274.7368421052633,19,24,1.0,0.5923573722470028
14,0.42857142857142855,0.7757960130562713,1964.5454545454545,22,24,0.0,0.45109186040692495
15,0.4,0.7757960130562713,1964.5454545454545,22,24,0.0,0.4339490032640678
13,0.38461538461538464,0.7757960130562713,1964.5454545454545,22,24,0.0,0.4247182340332986
16,0.375,0.7757960130562713,1964.5454545454545,22,24,0.0,0.4189490032640678
