K,dominant_ratio,balance_entropy,mean_segment_length,segment_count,meta_min_len,coherence,selection_score
12,0.3333333333333333,0.8248727310074611,2583.705882352941,17,24,1.0,0.5562181827518653
13,0.38461538461538464,0.8402764650442256,2311.7368421052633,19,24,0.6390977443609027,0.5367030086844226
14,0.42857142857142855,0.8100295982819319,2196.15,20,24,0.48571428571428593,0.532507399570483
15,0.4666666666666667,0.7815936724115071,1996.5,22,24,0.22077922077922082,0.5085153012197599
16,0.4375,0.7815936724115071,1996.5,22,24,0.22077922077922082,0.4910153012197599
17,0.4117647058823529,0.7816085328982677,1996.5,22,24,0.22077922077922082,0.4755778398708618
18,0.3888888888888889,0.7687710744593695,1830.125,24,24,0.0,0.42552610194817575
