K,dominant_ratio,balance_entropy,mean_segment_length,segment_count,meta_min_len,coherence,selection_score
9,0.3333333333333333,0.8246034430693374,2842.6,15,24,1.0,0.5561508607673343
10,0.3,0.786440159489033,2664.9375,16,24,0.625,0.4703600398722583
11,0.2727272727272727,0.7648618437300528,2508.176470588235,17,24,0.29411764705882304,0.39896947162770025
12,0.3333333333333333,0.736811694287742,2368.8333333333335,18,24,0.0,0.3842029235719355
13,0.3076923076923077,0.714900298201012,2368.8333333333335,18,24,0.0,0.3633404591656376
14,0.2857142857142857,0.714900298201012,2368.8333333333335,18,24,0.0,0.35015364597882437
15,0.26666666666666666,0.714900298201012,2368.8333333333335,18,24,0.0,0.338725074550253
16,0.25,0.714900298201012,2368.8333333333335,18,24,0.0,0.328725074550253
17,0.23529411764705882,0.714900298201012,2368.8333333333335,18,24,0.0,0.3199015451384883
