K,dominant_ratio,balance_entropy,mean_segment_length,segment_count,meta_min_len,coherence,selection_score
13,0.46153846153846156,0.8559224968494814,2515.1875,16,24,1.0,0.6409037011354473
14,0.42857142857142855,0.8352621508963501,2012.15,20,24,0.44444444444444453,0.5326250615336113
15,0.4,0.8352621508963501,2012.15,20,24,0.44444444444444453,0.5154822043907542
16,0.375,0.8352621508963501,2012.15,20,24,0.44444444444444453,0.5004822043907542
17,0.35294117647058826,0.8122336970626552,1916.3333333333333,21,24,0.3386243386243385,0.46561678094166753
18,0.3333333333333333,0.7968957176559962,1609.72,25,24,0.0,0.39922392941399903
