K,dominant_ratio,balance_entropy,mean_segment_length,segment_count,meta_min_len,coherence,selection_score
12,0.5,0.896718717375033,1822.695652173913,23,24,1.0,0.6741796793437582
13,0.46153846153846156,0.896718717375033,1822.695652173913,23,24,1.0,0.6511027562668352
14,0.42857142857142855,0.8758217298044128,1552.6666666666667,27,24,0.17037037037037045,0.5016538451495158
15,0.4,0.8476656432467752,1497.2142857142858,28,24,0.0,0.45191641081169376
16,0.375,0.8476656432467752,1497.2142857142858,28,24,0.0,0.43691641081169375
17,0.35294117647058826,0.8476656432467752,1497.2142857142858,28,24,0.0,0.42368111669404673
18,0.3333333333333333,0.8476656432467752,1497.2142857142858,28,24,0.0,0.4119164108116938
