K,dominant_ratio,balance_entropy,mean_segment_length,segment_count,meta_min_len,coherence,selection_score
13,0.46153846153846156,0.8905270927873423,2951.214285714286,14,24,1.0,0.6495548501199125
14,0.42857142857142855,0.890521802859716,2951.214285714286,14,24,1.0,0.6297733078577862
15,0.4666666666666667,0.9123305559868681,2295.3888888888887,18,24,0.6049382716049381,0.5988233797374577
16,0.4375,0.9207932504246022,1291.15625,32,24,0.0,0.4926983126061506
17,0.4117647058823529,0.9207932504246022,1291.15625,32,24,0.0,0.4772571361355623
