K,dominant_ratio,balance_entropy,mean_segment_length,segment_count,meta_min_len,coherence,selection_score
11,0.45454545454545453,0.8507365700171294,2348.294117647059,17,24,1.0,0.6354114152315551
12,0.4166666666666667,0.8232296636855044,2217.8333333333335,18,24,0.0,0.4558074159213761
13,0.38461538461538464,0.8232296636855044,2217.8333333333335,18,24,0.0,0.4365766466906069
16,0.375,0.8232296636855044,2217.8333333333335,18,24,0.0,0.43080741592137606
14,0.35714285714285715,0.8232296636855044,2217.8333333333335,18,24,0.0,0.4200931302070904
15,0.3333333333333333,0.8232296636855044,2217.8333333333335,18,24,0.0,0.4058074159213761
