K,dominant_ratio,balance_entropy,mean_segment_length,segment_count,meta_min_len,coherence,selection_score
11,0.5454545454545454,0.8796126499153755,2652.4615384615386,13,24,1.0,0.6971758897515711
12,0.4166666666666667,0.8719527040787242,2463.0,14,24,0.46428571428571386,0.5376310331625381
13,0.46153846153846156,0.8488541681667297,2298.8,15,24,0.0,0.48913661896475935
14,0.42857142857142855,0.8488541681667297,2298.8,15,24,0.0,0.46935639918453953
15,0.4,0.8488541681667297,2298.8,15,24,0.0,0.4522135420416824
16,0.375,0.8488541681667297,2298.8,15,24,0.0,0.4372135420416824
