K,dominant_ratio,balance_entropy,mean_segment_length,segment_count,meta_min_len,coherence,selection_score
10,0.6,0.9379431096302302,3430.181818181818,11,24,1.0,0.7444857774075576
11,0.5454545454545454,0.8903623094403244,2902.4615384615386,13,24,0.6043956043956046,0.640522645292149
12,0.5,0.8903623094403244,2902.4615384615386,13,24,0.6043956043956046,0.6132499180194217
13,0.46153846153846156,0.8831922944153395,2695.1428571428573,14,24,0.4489795918367349,0.565068089302422
14,0.42857142857142855,0.862553358897697,2358.25,16,24,0.19642857142857148,0.5022454825815671
15,0.4,0.8390000388034015,2096.222222222222,18,24,0.0,0.44975000970085033
16,0.375,0.8390000388034015,2096.222222222222,18,24,0.0,0.4347500097008503
17,0.35294117647058826,0.8390000388034015,2096.222222222222,18,24,0.0,0.4215147155832033
