K,dominant_ratio,balance_entropy,mean_segment_length,segment_count,meta_min_len,coherence,selection_score
15,0.26666666666666666,0.8136774072689387,1286.7142857142858,28,24,1.0,0.5134193518172346
13,0.38461538461538464,0.8198532993401375,1242.344827586207,29,24,0.48275862068965536,0.5081463487077135
14,0.35714285714285715,0.8198532993401375,1242.344827586207,29,24,0.48275862068965536,0.49166283222419693
16,0.25,0.795053147610306,1200.9333333333334,30,24,0.0,0.3487632869025765
