K,dominant_ratio,balance_entropy,mean_segment_length,segment_count,meta_min_len,coherence,selection_score
12,0.3333333333333333,0.7671582606468275,2279.9333333333334,15,24,1.0,0.5417895651617068
13,0.38461538461538464,0.7454338038018777,2137.4375,16,24,0.8035714285714285,0.5376633960054145
15,0.4,0.8285373426710843,1554.5,22,24,0.0,0.44713433566777105
14,0.35714285714285715,0.7723701896905937,1709.95,20,24,0.21428571428571433,0.4395211188512198
16,0.375,0.8285373426710843,1554.5,22,24,0.0,0.43213433566777104
17,0.35294117647058826,0.8286321511066865,1554.5,22,24,0.0,0.4189227436590246
