K,dominant_ratio,balance_entropy,mean_segment_length,segment_count,meta_min_len,coherence,selection_score
9,0.4444444444444444,0.8261640621229032,2073.5882352941176,17,24,1.0,0.6232076821973924
10,0.4,0.8008015006138693,1855.3157894736842,19,24,0.8405103668261563,0.5662769301773908
11,0.36363636363636365,0.7724495722331196,1762.55,20,24,0.7727272727272727,0.527203302149189
12,0.3333333333333333,0.792448134043905,1036.7941176470588,34,24,0.24242424242424243,0.4344756698746126
13,0.3076923076923077,0.771279203867715,979.1944444444445,36,24,0.20033670033670037,0.4074856906328184
14,0.2857142857142857,0.771279203867715,979.1944444444445,36,24,0.20033670033670037,0.39429887744600517
15,0.26666666666666666,0.7994415275463009,719.4081632653061,49,24,0.01051329622758197,0.3614373763207125
16,0.25,0.7810796033094819,719.4081632653061,49,24,0.01051329622758197,0.34684689526150775
17,0.23529411764705882,0.806295466350833,705.02,50,24,0.0,0.34275033717594355
