K,dominant_ratio,balance_entropy,mean_segment_length,segment_count,meta_min_len,coherence,selection_score
12,0.5,0.8798094011071439,1292.037037037037,27,24,0.8941798941798939,0.6540793344037701
11,0.45454545454545453,0.8564090494978669,1341.7307692307693,26,24,1.0,0.6368295351017395
13,0.46153846153846156,0.8795629320249251,1292.037037037037,27,24,0.8941798941798939,0.6309407940562923
14,0.42857142857142855,0.8795629320249251,1292.037037037037,27,24,0.8941798941798939,0.6111605742760725
17,0.4117647058823529,0.8855372280559525,872.125,40,24,0.0,0.46844313054339987
15,0.4,0.8855488037121239,872.125,40,24,0.0,0.461387200928031
16,0.375,0.8855372280559525,872.125,40,24,0.0,0.4463843070139881
