K,dominant_ratio,balance_entropy,mean_segment_length,segment_count,meta_min_len,coherence,selection_score
16,0.3125,0.7941818992355564,1512.6190476190477,21,24,0.8465608465608467,0.513029601793016
14,0.2857142857142857,0.7531484830781522,1588.25,20,24,1.0,0.5097156921981094
15,0.26666666666666666,0.7531484830781522,1588.25,20,24,1.0,0.49828712076953807
18,0.3888888888888889,0.8691360071638434,1176.4814814814815,27,24,0.16460905349794233,0.47530869314898555
19,0.3684210526315789,0.8580347242403551,1095.344827586207,29,24,0.0,0.43556131263903614
17,0.35294117647058826,0.8360030584966467,1134.4642857142858,28,24,0.07936507936507935,0.4326702324112765
