K,dominant_ratio,balance_entropy,mean_segment_length,segment_count,meta_min_len,coherence,selection_score
13,0.38461538461538464,0.8781258608141105,2180.6923076923076,13,24,1.0,0.6003006959727584
11,0.36363636363636365,0.8399618360462417,2180.6923076923076,13,24,1.0,0.5781722771933786
12,0.3333333333333333,0.8399618360462417,2180.6923076923076,13,24,1.0,0.5599904590115604
16,0.5,0.9169650495366358,1181.2083333333333,24,24,0.0,0.5292412623841589
15,0.4666666666666667,0.9181350051269942,1181.2083333333333,24,24,0.0,0.5095337512817485
14,0.42857142857142855,0.9181350051269942,1181.2083333333333,24,24,0.0,0.4866766084246057
