K,dominant_ratio,balance_entropy,mean_segment_length,segment_count,meta_min_len,coherence,selection_score
12,0.5,0.8874018708077618,1634.8125,16,24,1.0,0.6718504677019405
13,0.46153846153846156,0.877896461003795,1453.1666666666667,18,24,0.0,0.49639719217402567
16,0.4375,0.8567012181040152,1453.1666666666667,18,24,0.0,0.4766753045260038
14,0.42857142857142855,0.856566595502256,1453.1666666666667,18,24,0.0,0.4712845060184211
15,0.4,0.8567012181040152,1453.1666666666667,18,24,0.0,0.4541753045260038
