K,selected_by_rule,ARI,NMI,n_pred_states,segments,dominant_ratio,balance_entropy,mean_segment_length,segment_count_raw,coherence,selection_score,meta_min_len,branch_select_metric,meta_vote_weight_mode,selected_branch_names
12,0,0.7859917816781867,0.8792791931635813,10,13,0.4166666666666667,0.9014048490298993,2065.6153846153848,13,1.0,0.6253512122574748,24,PID,pid_weight,USCHAD_alt64_b06_w112_s28|USCHAD_alt64_b11_w128_s48|USCHAD_alt64_b14_w144_s36|USCHAD_alt64_b15_w144_s54|USCHAD_alt64_b16_w144_s72|USCHAD_alt64_b17_w160_s27|USCHAD_alt64_b23_w176_s66|USCHAD_alt64_b24_w176_s88|USCHAD_alt64_b27_w192_s72|USCHAD_alt64_b31_w208_s78|USCHAD_alt64_b33_w224_s37|USCHAD_alt64_b34_w224_s56|USCHAD_alt64_b37_w240_s40|USCHAD_alt64_b41_w256_s50|USCHAD_alt64_b42_w256_s64|USCHAD_alt64_b58_w320_s80
13,1,0.7859917816781867,0.8792791931635813,10,13,0.46153846153846156,0.9014048490298993,2065.6153846153848,13,1.0,0.6522742891805517,24,PID,pid_weight,USCHAD_alt64_b06_w112_s28|USCHAD_alt64_b11_w128_s48|USCHAD_alt64_b14_w144_s36|USCHAD_alt64_b15_w144_s54|USCHAD_alt64_b16_w144_s72|USCHAD_alt64_b17_w160_s27|USCHAD_alt64_b23_w176_s66|USCHAD_alt64_b24_w176_s88|USCHAD_alt64_b27_w192_s72|USCHAD_alt64_b31_w208_s78|USCHAD_alt64_b33_w224_s37|USCHAD_alt64_b34_w224_s56|USCHAD_alt64_b37_w240_s40|USCHAD_alt64_b41_w256_s50|USCHAD_alt64_b42_w256_s64|USCHAD_alt64_b58_w320_s80
14,0,0.7231444292488746,0.8614728052637377,11,15,0.42857142857142855,0.9117186243295476,1790.2,15,0.0,0.48507251322524403,24,PID,pid_weight,USCHAD_alt64_b06_w112_s28|USCHAD_alt64_b11_w128_s48|USCHAD_alt64_b14_w144_s36|USCHAD_alt64_b15_w144_s54|USCHAD_alt64_b16_w144_s72|USCHAD_alt64_b17_w160_s27|USCHAD_alt64_b23_w176_s66|USCHAD_alt64_b24_w176_s88|USCHAD_alt64_b27_w192_s72|USCHAD_alt64_b31_w208_s78|USCHAD_alt64_b33_w224_s37|USCHAD_alt64_b34_w224_s56|USCHAD_alt64_b37_w240_s40|USCHAD_alt64_b41_w256_s50|USCHAD_alt64_b42_w256_s64|USCHAD_alt64_b58_w320_s80
15,0,0.7231444292488746,0.8614728052637377,11,15,0.4,0.9117186243295476,1790.2,15,0.0,0.4679296560823869,24,PID,pid_weight,USCHAD_alt64_b06_w112_s28|USCHAD_alt64_b11_w128_s48|USCHAD_alt64_b14_w144_s36|USCHAD_alt64_b15_w144_s54|USCHAD_alt64_b16_w144_s72|USCHAD_alt64_b17_w160_s27|USCHAD_alt64_b23_w176_s66|USCHAD_alt64_b24_w176_s88|USCHAD_alt64_b27_w192_s72|USCHAD_alt64_b31_w208_s78|USCHAD_alt64_b33_w224_s37|USCHAD_alt64_b34_w224_s56|USCHAD_alt64_b37_w240_s40|USCHAD_alt64_b41_w256_s50|USCHAD_alt64_b42_w256_s64|USCHAD_alt64_b58_w320_s80
