K,dominant_ratio,balance_entropy,mean_segment_length,segment_count,meta_min_len,coherence,selection_score
12,0.4166666666666667,0.8469138038773898,2057.3076923076924,13,24,1.0,0.6117284509693475
11,0.36363636363636365,0.8469138038773898,2057.3076923076924,13,24,1.0,0.5799102691511656
17,0.47058823529411764,0.8578070472346159,1783.0,15,24,0.0,0.4968047029851246
14,0.42857142857142855,0.8837700416066699,1783.0,15,24,0.0,0.4780853675445246
15,0.4,0.8834400832995091,1783.0,15,24,0.0,0.46086002082487726
13,0.38461538461538464,0.8837700416066699,1783.0,15,24,0.0,0.4517117411708983
16,0.375,0.8834400832995091,1783.0,15,24,0.0,0.44586002082487725
