K,dominant_ratio,balance_entropy,mean_segment_length,segment_count,meta_min_len,coherence,selection_score
13,0.46153846153846156,0.9014048490298993,2065.6153846153848,13,24,1.0,0.6522742891805517
12,0.4166666666666667,0.9014048490298993,2065.6153846153848,13,24,1.0,0.6253512122574748
14,0.42857142857142855,0.9117186243295476,1790.2,15,24,0.0,0.48507251322524403
15,0.4,0.9117186243295476,1790.2,15,24,0.0,0.4679296560823869
