K,dominant_ratio,balance_entropy,mean_segment_length,segment_count,meta_min_len,coherence,selection_score
10,0.4,0.8485218584512828,2333.0,12,24,1.0,0.6021304646128207
11,0.5454545454545454,0.8942188310748043,1749.75,16,24,0.25000000000000006,0.5883274350414283
12,0.5,0.894063757640307,1749.75,16,24,0.25000000000000006,0.5610159394100768
13,0.46153846153846156,0.8941703067838433,1749.75,16,24,0.25000000000000006,0.5379656536190377
14,0.42857142857142855,0.8941703067838433,1749.75,16,24,0.25000000000000006,0.518185433838818
16,0.4375,0.8693940550971243,1555.3333333333333,18,24,0.0,0.47984851377428106
15,0.4,0.8694779350489024,1555.3333333333333,18,24,0.0,0.4573694837622256
