K,dominant_ratio,balance_entropy,mean_segment_length,segment_count,meta_min_len,coherence,selection_score
11,0.45454545454545453,0.8778731323897212,2013.9333333333334,15,24,1.0,0.642195555824703
12,0.4166666666666667,0.8781806698402755,2013.9333333333334,15,24,1.0,0.6195451674600689
13,0.38461538461538464,0.8781806698402755,2013.9333333333334,15,24,1.0,0.6003143982292997
14,0.35714285714285715,0.8785142171106846,2013.9333333333334,15,24,1.0,0.5839142685633855
15,0.4,0.8568587313686427,1888.0625,16,24,0.7499999999999999,0.5667146828421606
16,0.375,0.8568587313686427,1888.0625,16,24,0.7499999999999999,0.5517146828421606
17,0.4117647058823529,0.8823632837292401,1510.45,20,24,0.0,0.46764964446172175
