K,dominant_ratio,balance_entropy,mean_segment_length,segment_count,meta_min_len,coherence,selection_score
10,0.4,0.8121045373647717,2503.3076923076924,13,24,1.0,0.5930261343411929
11,0.36363636363636365,0.8233696515489309,2033.9375,16,24,0.5078124999999999,0.5001961060690508
12,0.3333333333333333,0.8039966256608744,1807.9444444444443,18,24,0.27083333333333315,0.4416241564152185
13,0.3076923076923077,0.8039966256608744,1807.9444444444443,18,24,0.27083333333333315,0.4262395410306032
14,0.2857142857142857,0.7813074995009582,1807.9444444444443,18,24,0.27083333333333315,0.40738044630381093
15,0.26666666666666666,0.7677801458642793,1549.6666666666667,21,24,0.0,0.35194503646606984
16,0.25,0.7677801458642793,1549.6666666666667,21,24,0.0,0.34194503646606983
17,0.23529411764705882,0.7677801458642793,1549.6666666666667,21,24,0.0,0.3331215070543051
