K,dominant_ratio,balance_entropy,mean_segment_length,segment_count,meta_min_len,coherence,selection_score
11,0.36363636363636365,0.7961735567875194,2683.4166666666665,12,24,1.0,0.5672252073786981
12,0.3333333333333333,0.8064879552537746,2477.0,13,24,0.6153846153846158,0.493929681121136
13,0.3076923076923077,0.7851567791415535,2146.733333333333,15,24,0.0,0.380904579400773
14,0.2857142857142857,0.7851567791415535,2146.733333333333,15,24,0.0,0.3677177662139598
15,0.26666666666666666,0.7851567791415535,2146.733333333333,15,24,0.0,0.35628919478538834
16,0.25,0.7847580962732646,2146.733333333333,15,24,0.0,0.34618952406831616
