K,dominant_ratio,balance_entropy,mean_segment_length,segment_count,meta_min_len,coherence,selection_score
12,0.5,0.8380038785543267,2008.8125,16,24,1.0,0.6595009696385817
13,0.46153846153846156,0.838750180025973,2008.8125,16,24,1.0,0.6366106219295702
14,0.42857142857142855,0.8201828997711957,1785.611111111111,18,24,0.6666666666666666,0.562188582085656
15,0.4,0.8465825088607228,1691.6315789473683,19,24,0.5263157894736841,0.5305929956362333
16,0.4375,0.8312426827426457,1460.9545454545455,22,24,0.18181818181818196,0.49758339795838874
17,0.4117647058823529,0.8438965327379008,1339.2083333333333,24,24,0.0,0.45803295671388694
18,0.3888888888888889,0.8438965327379008,1339.2083333333333,24,24,0.0,0.4443074665178085
