K,dominant_ratio,balance_entropy,mean_segment_length,segment_count,meta_min_len,coherence,selection_score
11,0.45454545454545453,0.8840410688876768,2124.866666666667,15,24,1.0,0.6437375399491919
12,0.4166666666666667,0.8841849912162717,2124.866666666667,15,24,1.0,0.6210462478040679
13,0.38461538461538464,0.8863449911245357,1770.7222222222222,18,24,0.20833333333333304,0.4836054785503647
14,0.42857142857142855,0.8706937392662873,1677.5263157894738,19,24,0.0,0.474816291959429
15,0.4,0.8707974593286086,1677.5263157894738,19,24,0.0,0.4576993648321521
16,0.375,0.8707974593286086,1677.5263157894738,19,24,0.0,0.4426993648321521
