K,dominant_ratio,balance_entropy,mean_segment_length,segment_count,meta_min_len,coherence,selection_score
10,0.3,0.7511531854721534,1488.6666666666667,18,24,1.0,0.5177882963680384
11,0.2727272727272727,0.7420951584667782,1339.8,20,24,0.6999999999999998,0.45416015325305814
14,0.35714285714285715,0.7837987175633688,1071.84,25,24,0.15999999999999978,0.43423539367655645
16,0.375,0.7941272795855548,992.4444444444445,27,24,0.0,0.42353181989638866
12,0.25,0.719892170771401,1276.0,21,24,0.5714285714285713,0.4156873284071359
15,0.3333333333333333,0.7607646437235727,992.4444444444445,27,24,0.0,0.3901911609308931
13,0.23076923076923078,0.7075460328491845,1218.0,22,24,0.4545454545454545,0.38352986485565277
