K,dominant_ratio,balance_entropy,mean_segment_length,segment_count,meta_min_len,coherence,selection_score
12,0.3333333333333333,0.8392559709105234,1468.6315789473683,19,24,1.0,0.5598139927276309
13,0.3076923076923077,0.8392559709105234,1468.6315789473683,19,24,1.0,0.5444293773430154
14,0.35714285714285715,0.8398090583393297,1395.2,20,24,0.7125000000000006,0.5311129788705468
15,0.3333333333333333,0.8230028944145775,1395.2,20,24,0.7125000000000006,0.5126257236036444
16,0.3125,0.8102765467043477,1268.3636363636363,22,24,0.2159090909090908,0.4224555003124505
17,0.29411764705882354,0.7922883658163343,1213.2173913043478,23,24,0.0,0.3745426796893777
