K,dominant_ratio,balance_entropy,mean_segment_length,segment_count,meta_min_len,coherence,selection_score
11,0.36363636363636365,0.8186356895760005,2439.0833333333335,12,24,1.0,0.5728407405758184
12,0.3333333333333333,0.8188768996183822,2439.0833333333335,12,24,1.0,0.5547192249045956
13,0.3076923076923077,0.8157788657895724,1829.3125,16,24,0.32142857142857145,0.43677438677706343
16,0.3125,0.8211486415683124,1721.7058823529412,17,24,0.20168067226890762,0.4230392612324142
15,0.26666666666666666,0.8211486415683124,1721.7058823529412,17,24,0.20168067226890762,0.39553926123241423
17,0.29411764705882354,0.794435922469923,1540.4736842105262,19,24,0.0,0.3750795688527749
14,0.21428571428571427,0.8211486415683124,1721.7058823529412,17,24,0.20168067226890762,0.36411068980384276
