K,dominant_ratio,balance_entropy,mean_segment_length,segment_count,meta_min_len,coherence,selection_score
10,0.4,0.8434189350045987,2005.5714285714287,14,24,1.0,0.6008547337511497
11,0.36363636363636365,0.8324320843179099,1754.875,16,24,0.2916666666666664,0.4700398392612956
12,0.3333333333333333,0.818895805888462,1754.875,16,24,0.2916666666666664,0.44847395147211544
13,0.3076923076923077,0.818895805888462,1754.875,16,24,0.2916666666666664,0.4330893360875001
14,0.35714285714285715,0.7947614486453277,1651.6470588235295,17,24,0.0,0.4129760764470462
15,0.3333333333333333,0.7948277802612398,1651.6470588235295,17,24,0.0,0.3987069450653099
16,0.3125,0.7948277802612398,1651.6470588235295,17,24,0.0,0.38620694506530995
