K,dominant_ratio,balance_entropy,mean_segment_length,segment_count,meta_min_len,coherence,selection_score
11,0.36363636363636365,0.8398335169251504,1988.0714285714287,14,24,1.0,0.5781401974131057
14,0.35714285714285715,0.818545918998036,1739.5625,16,24,0.43749999999999983,0.4845471940352232
12,0.3333333333333333,0.8187079882734878,1739.5625,16,24,0.43749999999999983,0.4703019970683719
13,0.3076923076923077,0.8187079882734878,1739.5625,16,24,0.43749999999999983,0.45491738168375656
15,0.3333333333333333,0.801143065592863,1546.2777777777778,18,24,0.0,0.4002857663982157
16,0.3125,0.7999406578240014,1546.2777777777778,18,24,0.0,0.38748516445600034
