K,dominant_ratio,balance_entropy,mean_segment_length,segment_count,meta_min_len,coherence,selection_score
15,0.4,0.828773180994197,1804.5,16,24,1.0,0.5971932952485492
13,0.38461538461538464,0.828773180994197,1804.5,16,24,1.0,0.58796252601778
16,0.375,0.8067109233124384,1804.5,16,24,1.0,0.5766777308281096
14,0.35714285714285715,0.828773180994197,1804.5,16,24,1.0,0.5714790095342636
17,0.35294117647058826,0.8065449279067245,1804.5,16,24,1.0,0.5634009378590341
