K,dominant_ratio,balance_entropy,mean_segment_length,segment_count,meta_min_len,coherence,selection_score
10,0.6,0.9045776698649576,1992.75,16,24,0.8035714285714287,0.7066801317519537
11,0.5454545454545454,0.8696128402340058,2125.6,15,24,1.0,0.6946759373312287
12,0.5,0.8554513596292145,1875.5294117647059,17,24,0.6302521008403362,0.608400655033354
13,0.46153846153846156,0.8551173289392728,1678.1052631578948,19,24,0.3383458646616543,0.5414542888571433
14,0.42857142857142855,0.8530743165899868,1449.2727272727273,22,24,0.0,0.4704114362903538
15,0.4,0.8530743165899868,1449.2727272727273,22,24,0.0,0.4532685791474967
16,0.375,0.8517492036435828,1518.2857142857142,21,24,0.10204081632653056,0.4532434233598753
