K,dominant_ratio,balance_entropy,mean_segment_length,segment_count,meta_min_len,coherence,selection_score
11,0.5454545454545454,0.8563031920067335,2273.5,14,24,1.0,0.6913485252744106
12,0.5,0.8446431098115388,1989.3125,16,24,0.29166666666666674,0.5549107774528848
13,0.46153846153846156,0.8201850364394743,1872.2941176470588,17,24,0.0,0.4819693360329455
14,0.42857142857142855,0.8201850364394743,1872.2941176470588,17,24,0.0,0.4621891162527257
15,0.4,0.8211079421991697,1872.2941176470588,17,24,0.0,0.44527698554979245
16,0.375,0.8211079421991697,1872.2941176470588,17,24,0.0,0.43027698554979243
17,0.35294117647058826,0.8211079421991697,1872.2941176470588,17,24,0.0,0.41704169143214537
