K,dominant_ratio,balance_entropy,mean_segment_length,segment_count,meta_min_len,coherence,selection_score
10,0.6,0.8685222876159245,2270.2,15,24,1.0,0.7271305719039811
11,0.5454545454545454,0.8557824818871212,1418.875,24,24,0.0,0.5412183477445075
14,0.42857142857142855,0.8548663436776558,1792.2631578947369,19,24,0.4385964912280703,0.5366489167464816
12,0.5,0.8557824818871212,1418.875,24,24,0.0,0.5139456204717803
13,0.46153846153846156,0.8557824818871212,1418.875,24,24,0.0,0.4908686973948573
