K,dominant_ratio,balance_entropy,mean_segment_length,segment_count,meta_min_len,coherence,selection_score
11,0.5454545454545454,0.8864354806676763,2472.230769230769,13,24,1.0,0.6988815974396463
12,0.5,0.8667157458136745,2142.6,15,24,0.6190476190476191,0.6095360793105614
13,0.46153846153846156,0.8667157458136745,2142.6,15,24,0.6190476190476191,0.5864591562336384
14,0.42857142857142855,0.8507302651774374,1606.95,20,24,0.0,0.46982542343721645
15,0.4,0.8507302651774374,1606.95,20,24,0.0,0.4526825662943593
