K,dominant_ratio,balance_entropy,mean_segment_length,segment_count,meta_min_len,coherence,selection_score
12,0.4166666666666667,0.7891031133597819,2328.1666666666665,12,24,1.0,0.5972757783399455
14,0.42857142857142855,0.83939874545422,1746.125,16,24,0.5625,0.5513675435064121
13,0.38461538461538464,0.7863927881064783,1995.5714285714287,14,24,0.7500000000000001,0.5398674277958504
15,0.4,0.8230509151632016,1643.4117647058824,17,24,0.4852941176470589,0.5185568464378592
16,0.375,0.8230509151632016,1643.4117647058824,17,24,0.4852941176470589,0.5035568464378591
17,0.35294117647058826,0.8230509151632016,1643.4117647058824,17,24,0.4852941176470589,0.4903215523202122
18,0.3888888888888889,0.8599264725228103,997.7857142857143,28,24,0.0,0.4483149514640359
