K,dominant_ratio,balance_entropy,mean_segment_length,segment_count,meta_min_len,coherence,selection_score
11,0.36363636363636365,0.7660703066451007,2568.2,10,24,1.0,0.5596993948430934
15,0.4666666666666667,0.8890108982576554,1027.28,25,24,0.09999999999999996,0.5172527245644138
12,0.4166666666666667,0.8378479390064297,1426.7777777777778,18,24,0.33333333333333337,0.5094619847516074
14,0.42857142857142855,0.8677058277162588,1070.0833333333333,24,24,0.12499999999999993,0.4928193140719218
13,0.38461538461538464,0.8378479390064297,1426.7777777777778,18,24,0.33333333333333337,0.4902312155208382
16,0.4375,0.8820030724626832,856.0666666666667,30,24,0.0,0.48300076811567083
