K,dominant_ratio,balance_entropy,mean_segment_length,segment_count,meta_min_len,coherence,selection_score
10,0.6,0.9019529728995132,1702.375,16,24,1.0,0.7354882432248783
12,0.5833333333333334,0.8571499597569414,1702.375,16,24,1.0,0.7142874899392354
11,0.5454545454545454,0.8742890960498859,1602.235294117647,17,24,0.8556149732620321,0.6741872472745035
13,0.46153846153846156,0.8466987950371643,1433.578947368421,19,24,0.6124401913875598,0.5804638043905019
15,0.5333333333333333,0.8777477098491258,1134.9166666666667,24,24,0.18181818181818196,0.5667096547350088
14,0.5,0.8777477098491258,1134.9166666666667,24,24,0.18181818181818196,0.5467096547350088
16,0.5,0.8596093039805015,1008.8148148148148,27,24,0.0,0.5149023259951253
17,0.47058823529411764,0.8596093039805015,1008.8148148148148,27,24,0.0,0.49725526717159596
