K,dominant_ratio,balance_entropy,mean_segment_length,segment_count,meta_min_len,coherence,selection_score
13,0.5384615384615384,0.8810627994850943,2030.7857142857142,14,24,0.8124999999999999,0.6652176229481965
12,0.5,0.8407965462224047,2187.0,13,24,1.0,0.6601991365556011
14,0.5,0.863019757070832,1895.4,15,24,0.6500000000000001,0.613254939267708
15,0.4666666666666667,0.846570548749418,1421.55,20,24,0.0812499999999999,0.5038301371873545
16,0.4375,0.8314288796075701,1353.857142857143,21,24,0.0,0.4703572199018925
