K,dominant_ratio,balance_entropy,mean_segment_length,segment_count,meta_min_len,coherence,selection_score
12,0.5,0.9212828466721995,1491.5294117647059,17,24,1.0,0.6803207116680499
13,0.46153846153846156,0.8984753042912957,1408.6666666666667,18,24,0.6296296296296301,0.5959863474403454
15,0.4666666666666667,0.8845334863270918,1334.5263157894738,19,24,0.2982456140350882,0.5458702136870361
16,0.4375,0.8845334863270918,1334.5263157894738,19,24,0.2982456140350882,0.5283702136870362
14,0.42857142857142855,0.8820732129495757,1334.5263157894738,19,24,0.2982456140350882,0.5223980024855143
17,0.4117647058823529,0.8686479856818949,1267.8,20,24,0.0,0.4642208199498855
