K,dominant_ratio,balance_entropy,mean_segment_length,segment_count,meta_min_len,coherence,selection_score
10,0.5,0.8859519699958186,2189.5,20,24,1.0,0.6714879924989546
11,0.45454545454545453,0.8859519699958186,2189.5,20,24,1.0,0.6442152652262274
12,0.4166666666666667,0.8392767158583891,2189.5,20,24,1.0,0.6098191789645973
13,0.38461538461538464,0.8066886799337953,1990.4545454545455,22,24,0.7792207792207793,0.5493245176357965
16,0.5,0.8405981053706882,1368.4375,32,24,0.08928571428571423,0.5235423834855292
17,0.47058823529411764,0.8405981053706882,1368.4375,32,24,0.08928571428571423,0.5058953246619997
15,0.4,0.8013449654648259,1368.4375,32,24,0.08928571428571423,0.4537290985090636
14,0.35714285714285715,0.8037040141248082,1287.9411764705883,34,24,0.0,0.41521171781691635
