K,dominant_ratio,balance_entropy,mean_segment_length,segment_count,meta_min_len,coherence,selection_score
14,0.5714285714285714,0.8744763024699147,1997.157894736842,19,24,1.0,0.7114762184746215
13,0.5384615384615384,0.8744763024699147,1997.157894736842,19,24,1.0,0.6916959986944017
15,0.5333333333333333,0.8744763024699147,1997.157894736842,19,24,1.0,0.6886190756174787
16,0.5,0.8736153269980673,1997.157894736842,19,24,1.0,0.6684038317495168
17,0.47058823529411764,0.8736539303328991,1997.157894736842,19,24,1.0,0.6507664237596954
12,0.4166666666666667,0.8744763024699147,1997.157894736842,19,24,1.0,0.6186190756174786
11,0.45454545454545453,0.8295072568488872,1459.4615384615386,26,24,0.0,0.48010408693949447
