K,dominant_ratio,balance_entropy,mean_segment_length,segment_count,meta_min_len,coherence,selection_score
13,0.46153846153846156,0.8977270870307231,1658.52,25,24,0.7527272727272728,0.6142639395898487
17,0.5294117647058824,0.8890306239799646,1429.7586206896551,29,24,0.3605015673981191,0.5939799499282384
16,0.5,0.8797582278496388,1429.7586206896551,29,24,0.3605015673981191,0.5740147920721276
11,0.2727272727272727,0.8977328638917063,1802.7391304347825,23,24,1.0,0.5380695796092901
15,0.4666666666666667,0.8776573244751759,1295.71875,32,24,0.1306818181818182,0.5190166038460667
18,0.5,0.8651715603422957,1219.5,34,24,0.0,0.5162928900855739
14,0.42857142857142855,0.8781453784456468,1337.516129032258,31,24,0.2023460410557185,0.5070311079126266
12,0.25,0.8977270870307231,1658.52,25,24,0.7527272727272728,0.4873408626667717
