K,dominant_ratio,balance_entropy,mean_segment_length,segment_count,meta_min_len,coherence,selection_score
11,0.45454545454545453,0.8504743445944701,1163.2727272727273,33,24,1.0,0.6353458588758902
16,0.5,0.8731383734291531,1129.0588235294117,34,24,0.6470588235294116,0.6153434168867
10,0.4,0.8504743445944701,1163.2727272727273,33,24,1.0,0.6026185861486175
17,0.47058823529411764,0.8731383734291531,1129.0588235294117,34,24,0.6470588235294116,0.5976963580631706
12,0.4166666666666667,0.8496777887919924,1129.0588235294117,34,24,0.6470588235294116,0.5594782707274099
13,0.38461538461538464,0.8496777887919924,1129.0588235294117,34,24,0.6470588235294116,0.5402475014966406
14,0.5,0.8261836453858494,1066.3333333333333,36,24,0.0,0.5065459113464623
15,0.4666666666666667,0.8259651645729185,1066.3333333333333,36,24,0.0,0.4864912911432296
