K,dominant_ratio,balance_entropy,mean_segment_length,segment_count,meta_min_len,coherence,selection_score
16,0.5,0.932017587310649,3729.0,14,24,1.0,0.6830043968276622
14,0.5,0.9317866872293914,3729.0,14,24,1.0,0.6829466718073479
17,0.47058823529411764,0.932017587310649,3729.0,14,24,1.0,0.6653573380041329
15,0.4666666666666667,0.932017587310649,3729.0,14,24,1.0,0.6630043968276622
18,0.4444444444444444,0.932017587310649,3729.0,14,24,1.0,0.6496710634943289
