K,dominant_ratio,balance_entropy,mean_segment_length,segment_count,meta_min_len,coherence,selection_score
14,0.42857142857142855,0.8775862499007776,3776.3571428571427,14,24,1.0,0.6265394196180515
16,0.4375,0.8554491434568002,3304.3125,16,24,0.525,0.5551122858642
19,0.5263157894736842,0.8883780888983684,2782.5789473684213,19,24,0.0,0.5378839959088026
15,0.4,0.8554491434568002,3304.3125,16,24,0.525,0.5326122858642001
17,0.47058823529411764,0.8883780888983684,2782.5789473684213,19,24,0.0,0.5044474634010627
18,0.4444444444444444,0.8883780888983684,2782.5789473684213,19,24,0.0,0.48876118889125875
