K,dominant_ratio,balance_entropy,mean_segment_length,segment_count,meta_min_len,coherence,selection_score
13,0.46153846153846156,0.8223905516640043,3310.625,16,24,1.0,0.632520714839078
14,0.42857142857142855,0.8223905516640043,3310.625,16,24,1.0,0.6127404950588582
15,0.4,0.7992118695448205,3115.8823529411766,17,24,0.8784313725490197,0.5715676732685581
18,0.4444444444444444,0.8430742882428404,1708.7096774193549,31,24,0.0,0.47743523872737675
16,0.4375,0.8430742882428404,1708.7096774193549,31,24,0.0,0.4732685720607101
19,0.42105263157894735,0.8430742882428404,1708.7096774193549,31,24,0.0,0.46340015100807846
17,0.4117647058823529,0.8430742882428404,1708.7096774193549,31,24,0.0,0.45782739559012187
