K,dominant_ratio,balance_entropy,mean_segment_length,segment_count,meta_min_len,coherence,selection_score
12,0.5,0.8695805065399985,2327.181818181818,22,24,1.0,0.6673951266349997
13,0.46153846153846156,0.8695805065399985,2327.181818181818,22,24,1.0,0.6443182035580766
15,0.4666666666666667,0.8437037454166177,2327.181818181818,22,24,1.0,0.6409259363541544
14,0.42857142857142855,0.8437037454166177,2327.181818181818,22,24,1.0,0.6180687934970116
16,0.4375,0.8225079622538701,2226.0,23,24,0.8369565217391307,0.593670468824337
17,0.4117647058823529,0.8066606004222345,2047.92,25,24,0.5500000000000004,0.5312239736349704
18,0.3888888888888889,0.7912659300813262,1765.448275862069,29,24,0.09482758620689688,0.4453739537846994
19,0.3684210526315789,0.7905834595278397,1706.6,30,24,0.0,0.4186984964609073
20,0.35,0.7900900152813771,1706.6,30,24,0.0,0.4075225038203443
