K,dominant_ratio,balance_entropy,mean_segment_length,segment_count,meta_min_len,coherence,selection_score
14,0.5,0.9006195090608681,3434.9333333333334,15,24,1.0,0.6751548772652171
15,0.5333333333333333,0.9008346682881855,3220.25,16,24,0.7812499999999999,0.6623961670720464
16,0.5,0.9008346682881855,3220.25,16,24,0.7812499999999999,0.6423961670720464
17,0.47058823529411764,0.9008884059202151,3030.823529411765,17,24,0.5882352941176472,0.5958103367741715
18,0.5,0.879344069837107,2862.4444444444443,18,24,0.41666666666666646,0.5823360174592768
19,0.47368421052631576,0.858300338062542,2453.5238095238096,21,24,0.0,0.498785610831425
