K,dominant_threshold,dominant_count,dominant_ratio,balance_entropy,mean_segment_length,segment_count,coherence,selection_score
13,0.07692307692307693,2,0.15384615384615385,0.49279925386573364,251.4,30,1.0,0.3655075057741257
14,0.07142857142857142,3,0.21428571428571427,0.6677376978120362,110.91176470588235,68,0.0,0.2955058530244376
15,0.06666666666666667,3,0.2,0.6677376978120361,110.91176470588235,68,0.0,0.286934424453009
16,0.0625,3,0.1875,0.6677376978120362,110.91176470588235,68,0.0,0.27943442445300903
17,0.058823529411764705,3,0.17647058823529413,0.64940371140409,110.91176470588235,68,0.0,0.268233280792199
18,0.05555555555555555,3,0.16666666666666666,0.64940371140409,110.91176470588235,68,0.0,0.2623509278510225
