K,dominant_threshold,dominant_count,dominant_ratio,balance_entropy,mean_segment_length,segment_count,coherence,selection_score
13,0.07692307692307693,4,0.3076923076923077,0.8132541320490903,97.80459770114942,87,1.0,0.5379289176276572
17,0.058823529411764705,5,0.29411764705882354,0.8133881636923279,97.80459770114942,87,1.0,0.5298176291583762
14,0.07142857142857142,4,0.2857142857142857,0.8132541320490903,97.80459770114942,87,1.0,0.524742104440844
15,0.06666666666666667,4,0.26666666666666666,0.8132541320490903,97.80459770114942,87,1.0,0.5133135330122726
18,0.05555555555555555,5,0.2777777777777778,0.7840456386926778,97.80459770114942,87,1.0,0.5126780763398361
19,0.05263157894736842,5,0.2631578947368421,0.8127677960824846,97.80459770114942,87,1.0,0.5110866858627264
16,0.0625,4,0.25,0.8133881636923278,97.80459770114942,87,1.0,0.5033470409230819
