K,dominant_threshold,dominant_count,dominant_ratio,balance_entropy,mean_segment_length,segment_count,coherence,selection_score
15,0.06666666666666667,5,0.3333333333333333,0.8478026498843485,121.59016393442623,61,1.0,0.5619506624710872
16,0.0625,5,0.3125,0.8262150322438784,115.890625,64,0.595703125,0.4834092268109696
17,0.058823529411764705,5,0.29411764705882354,0.8262150322438784,115.890625,64,0.595703125,0.4723798150462637
18,0.05555555555555555,5,0.2777777777777778,0.8083308558042114,110.70149253731343,67,0.22761194029850706,0.40289117166249555
19,0.05263157894736842,5,0.2631578947368421,0.8089104605605126,107.4927536231884,69,0.0,0.3601223519822334
20,0.05,5,0.25,0.8086093412782108,107.4927536231884,69,0.0,0.3521523353195527
