K,dominant_ratio,balance_entropy,mean_segment_length,segment_count,meta_min_len,coherence,selection_score
5,0.4,0.8506854486978283,1263.6666666666667,6,24,1.0,0.602671362174457
7,0.42857142857142855,0.7701409935154578,583.2307692307693,13,24,0.05769230769230778,0.4583319516755678
8,0.375,0.7410569960075171,541.5714285714286,14,24,0.0,0.41026424900187924
9,0.3333333333333333,0.7470162315504748,541.5714285714286,14,24,0.0,0.3867540578876187
6,0.16666666666666666,0.8364911706503693,631.8333333333334,12,24,0.12500000000000006,0.3278727926625923
