K,dominant_ratio,balance_entropy,mean_segment_length,segment_count,meta_min_len,coherence,selection_score
7,0.42857142857142855,0.8419308045638919,1179.5555555555557,9,24,1.0,0.6176255582838301
8,0.5,0.7936238781792628,1061.6,10,24,0.7499999999999997,0.6109059695448157
9,0.4444444444444444,0.8203559901937468,965.0909090909091,11,24,0.5454545454545454,0.5535738460332852
10,0.4,0.8429233560316145,816.6153846153846,13,24,0.23076923076923075,0.4853462236232882
11,0.36363636363636365,0.8311929233528098,707.7333333333333,15,24,0.0,0.4259800490200206
12,0.3333333333333333,0.8311929233528098,707.7333333333333,15,24,0.0,0.40779823083820244
