K,dominant_ratio,balance_entropy,mean_segment_length,segment_count,meta_min_len,coherence,selection_score
6,0.5,0.849607834251281,572.25,8,24,1.0,0.6624019585628202
5,0.4,0.8520037646371005,572.25,8,24,1.0,0.6030009411592752
7,0.5714285714285714,0.7772633221251543,508.6666666666667,9,24,0.0,0.5371729733884314
