K,dominant_ratio,balance_entropy,mean_segment_length,segment_count,meta_min_len,coherence,selection_score
5,0.6,0.8216222162907539,864.8571428571429,7,24,1.0,0.7154055540726885
6,0.5,0.7575161056241011,756.75,8,24,0.43750000000000006,0.5550040264060253
4,0.25,0.8216222162907539,864.8571428571429,7,24,1.0,0.5054055540726885
7,0.42857142857142855,0.839276038134975,672.6666666666666,9,24,0.0,0.4669618666766009
8,0.375,0.839276038134975,672.6666666666666,9,24,0.0,0.43481900953374375
