K,dominant_ratio,balance_entropy,mean_segment_length,segment_count,meta_min_len,coherence,selection_score
6,0.3333333333333333,0.9260036902207817,933.3333333333334,9,24,1.0,0.5815009225551954
9,0.4444444444444444,0.8621956069464944,840.0,10,24,0.0,0.4822155684032903
7,0.14285714285714285,0.9117092610377845,933.3333333333334,9,24,1.0,0.46364160097373186
8,0.25,0.8621956069464944,840.0,10,24,0.0,0.3655489017366236
