K,dominant_ratio,balance_entropy,mean_segment_length,segment_count,meta_min_len,coherence,selection_score
5,0.6,0.8664808183036387,630.3333333333334,9,24,1.0,0.7266202045759097
6,0.5,0.8640746934857819,630.3333333333334,9,24,1.0,0.6660186733714455
7,0.42857142857142855,0.8696316255224461,472.75,12,24,0.0,0.47455076352346864
8,0.375,0.8696316255224461,472.75,12,24,0.0,0.4424079063806115
