K,dominant_ratio,balance_entropy,mean_segment_length,segment_count,meta_min_len,coherence,selection_score
7,0.2857142857142857,0.8539059952785608,599.125,8,24,1.0,0.5349050702482117
8,0.25,0.8349563346157614,532.5555555555555,9,24,0.0,0.35873908365394036
