K,dominant_ratio,balance_entropy,mean_segment_length,segment_count,meta_min_len,coherence,selection_score
6,0.6666666666666666,0.9765096789039103,836.8181818181819,11,24,1.0,0.7941274197259776
11,0.6363636363636364,0.9621942677774175,708.0769230769231,13,24,0.0,0.6223667487625362
12,0.5833333333333334,0.9617705238661906,708.0769230769231,13,24,0.0,0.5904426309665477
7,0.42857142857142855,0.9688120612355919,767.0833333333334,12,24,0.45833333333333337,0.5680958724517551
10,0.5,0.9620535678054601,708.0769230769231,13,24,0.0,0.540513391951365
9,0.4444444444444444,0.9620535678054601,708.0769230769231,13,24,0.0,0.5071800586180317
8,0.25,0.9624370407876321,708.0769230769231,13,24,0.0,0.390609260196908
