K,selected_by_rule,ARI,NMI,n_pred_states,segments,dominant_ratio,balance_entropy,mean_segment_length,segment_count_raw,coherence,selection_score,meta_min_len,branch_select_metric,meta_vote_weight_mode,selected_branch_names
6,1,0.9268068737157503,0.9114928978541528,6,10,0.5,0.916252830904531,870.1,10,1.0,0.6790632077261328,24,PEER,branch_reliability,MoCap_64core_b21_w208_s42|MoCap_64core_b23_w208_s69|MoCap_64core_b27_w224_s75|MoCap_64core_b30_w240_s60|MoCap_64core_b31_w240_s80|MoCap_64core_b33_w256_s50|MoCap_64core_b36_w256_s128|MoCap_64core_b37_w272_s54|MoCap_64core_b38_w272_s68|MoCap_64core_b45_w304_s61|MoCap_64core_b47_w304_s101|MoCap_64core_b53_w336_s67|MoCap_64core_b54_w336_s84|MoCap_64core_b55_w336_s112|MoCap_64core_b57_w352_s70|MoCap_64core_b62_w384_s96
7,0,0.8987444505370425,0.8897256231641313,7,12,0.42857142857142855,0.8780906008976127,725.0833333333334,12,0.0,0.4766655073672603,24,PEER,branch_reliability,MoCap_64core_b21_w208_s42|MoCap_64core_b23_w208_s69|MoCap_64core_b27_w224_s75|MoCap_64core_b30_w240_s60|MoCap_64core_b31_w240_s80|MoCap_64core_b33_w256_s50|MoCap_64core_b36_w256_s128|MoCap_64core_b37_w272_s54|MoCap_64core_b38_w272_s68|MoCap_64core_b45_w304_s61|MoCap_64core_b47_w304_s101|MoCap_64core_b53_w336_s67|MoCap_64core_b54_w336_s84|MoCap_64core_b55_w336_s112|MoCap_64core_b57_w352_s70|MoCap_64core_b62_w384_s96
8,0,0.9139216126051515,0.9052009776764592,7,12,0.375,0.8775447623948389,725.0833333333334,12,0.0,0.4443861905987097,24,PEER,branch_reliability,MoCap_64core_b21_w208_s42|MoCap_64core_b23_w208_s69|MoCap_64core_b27_w224_s75|MoCap_64core_b30_w240_s60|MoCap_64core_b31_w240_s80|MoCap_64core_b33_w256_s50|MoCap_64core_b36_w256_s128|MoCap_64core_b37_w272_s54|MoCap_64core_b38_w272_s68|MoCap_64core_b45_w304_s61|MoCap_64core_b47_w304_s101|MoCap_64core_b53_w336_s67|MoCap_64core_b54_w336_s84|MoCap_64core_b55_w336_s112|MoCap_64core_b57_w352_s70|MoCap_64core_b62_w384_s96
9,0,0.9139216126051515,0.9052009776764592,7,12,0.3333333333333333,0.8775447623948389,725.0833333333334,12,0.0,0.41938619059870974,24,PEER,branch_reliability,MoCap_64core_b21_w208_s42|MoCap_64core_b23_w208_s69|MoCap_64core_b27_w224_s75|MoCap_64core_b30_w240_s60|MoCap_64core_b31_w240_s80|MoCap_64core_b33_w256_s50|MoCap_64core_b36_w256_s128|MoCap_64core_b37_w272_s54|MoCap_64core_b38_w272_s68|MoCap_64core_b45_w304_s61|MoCap_64core_b47_w304_s101|MoCap_64core_b53_w336_s67|MoCap_64core_b54_w336_s84|MoCap_64core_b55_w336_s112|MoCap_64core_b57_w352_s70|MoCap_64core_b62_w384_s96
