K,dominant_ratio,balance_entropy,mean_segment_length,segment_count,meta_min_len,coherence,selection_score
6,0.5,0.916252830904531,870.1,10,24,1.0,0.6790632077261328
7,0.42857142857142855,0.8780906008976127,725.0833333333334,12,24,0.0,0.4766655073672603
8,0.375,0.8775447623948389,725.0833333333334,12,24,0.0,0.4443861905987097
9,0.3333333333333333,0.8775447623948389,725.0833333333334,12,24,0.0,0.41938619059870974
