K,selected_by_rule,ARI,NMI,n_pred_states,segments,dominant_ratio,balance_entropy,mean_segment_length,segment_count_raw,coherence,selection_score,meta_min_len,branch_select_metric,meta_vote_weight_mode,selected_branch_names
8,1,0.9290570303713706,0.9191866996021382,8,11,0.375,0.8710254278009368,763.6363636363636,11,1.0,0.5927563569502342,24,PID,pid_weight,MoCap_alt64_b21_w176_s29|MoCap_alt64_b57_w320_s53
9,0,0.9215868751246935,0.9096331930459871,9,12,0.3333333333333333,0.8432777466811047,700.0,12,0.4583333333333332,0.47956943667027613,24,PID,pid_weight,MoCap_alt64_b21_w176_s29|MoCap_alt64_b57_w320_s53
10,0,0.9166559039881227,0.9020720490364965,10,13,0.3,0.8182378139479022,646.1538461538462,13,0.0,0.3845594534869755,24,PID,pid_weight,MoCap_alt64_b21_w176_s29|MoCap_alt64_b57_w320_s53
