K,dominant_ratio,balance_entropy,mean_segment_length,segment_count,meta_min_len,coherence,selection_score
11,0.36363636363636365,0.9081352122702964,424.64,25,24,1.0,0.5952156212493923
12,0.25,0.8948993256226125,393.18518518518516,27,24,0.0,0.37372483140565316
