K,selected_by_rule,ARI,NMI,n_pred_states,segments,dominant_ratio,balance_entropy,mean_segment_length,segment_count_raw,coherence,selection_score,meta_min_len,branch_select_metric,meta_vote_weight_mode,selected_branch_names
11,1,0.8016022114989125,0.8144267881248184,10,25,0.36363636363636365,0.9081352122702964,424.64,25,1.0,0.5952156212493923,24,PID,pid_weight,MoCap_alt64_b21_w176_s29|MoCap_alt64_b37_w240_s40
12,0,0.788392097699533,0.8048680550399534,11,27,0.25,0.8948993256226125,393.18518518518516,27,0.0,0.37372483140565316,24,PID,pid_weight,MoCap_alt64_b21_w176_s29|MoCap_alt64_b37_w240_s40
