K,dominant_ratio,balance_entropy,mean_segment_length,segment_count,meta_min_len,coherence,selection_score
7,0.2857142857142857,0.8797136482046316,378.375,16,24,1.0,0.5413569834797293
8,0.375,0.8345014279502755,318.63157894736844,19,24,0.0,0.4336253569875689
