K,dominant_ratio,balance_entropy,mean_segment_length,segment_count,meta_min_len,coherence,selection_score
8,0.375,0.8710254278009368,763.6363636363636,11,24,1.0,0.5927563569502342
9,0.3333333333333333,0.8432777466811047,700.0,12,24,0.4583333333333332,0.47956943667027613
10,0.3,0.8182378139479022,646.1538461538462,13,24,0.0,0.3845594534869755
