K,dominant_ratio,balance_entropy,mean_segment_length,segment_count,meta_min_len,coherence,selection_score
7,0.42857142857142855,0.9015062513263727,435.05,20,24,0.30000000000000027,0.5275194199744504
6,0.16666666666666666,0.9264141806426699,483.3888888888889,18,24,1.0,0.4816035451606675
8,0.25,0.8956642031068295,414.3333333333333,21,24,0.0,0.37391605077670736
