K,dominant_ratio,balance_entropy,mean_segment_length,segment_count,meta_min_len,coherence,selection_score
11,0.5454545454545454,0.9165492006245504,511.3888888888889,18,24,1.0,0.7064100274288648
12,0.5,0.9165492006245504,511.3888888888889,18,24,1.0,0.6791373001561376
