K,selected_by_rule,ARI,NMI,n_pred_states,segments,dominant_ratio,balance_entropy,mean_segment_length,segment_count_raw,coherence,selection_score,meta_min_len,branch_select_metric,meta_vote_weight_mode,selected_branch_names
11,1,0.801245405887913,0.8361552211178739,11,18,0.5454545454545454,0.9165492006245504,511.3888888888889,18,1.0,0.7064100274288648,24,PID,pid_weight,MoCap_alt64_b37_w240_s40|MoCap_alt64_b41_w256_s50
12,0,0.801245405887913,0.8361552211178739,11,18,0.5,0.9165492006245504,511.3888888888889,18,1.0,0.6791373001561376,24,PID,pid_weight,MoCap_alt64_b37_w240_s40|MoCap_alt64_b41_w256_s50
