K,selected_by_rule,ARI,NMI,n_pred_states,segments,dominant_ratio,balance_entropy,mean_segment_length,segment_count_raw,coherence,selection_score,meta_min_len,branch_select_metric,meta_vote_weight_mode,selected_branch_names
6,0,0.841683122156035,0.858202339414987,6,18,0.16666666666666666,0.9264141806426699,483.3888888888889,18,1.0,0.4816035451606675,24,PID,pid_weight,MoCap_alt64_b21_w176_s29|MoCap_alt64_b22_w176_s44
7,1,0.8306404925190158,0.8544174942788624,7,20,0.42857142857142855,0.9015062513263727,435.05,20,0.30000000000000027,0.5275194199744504,24,PID,pid_weight,MoCap_alt64_b21_w176_s29|MoCap_alt64_b22_w176_s44
8,0,0.8546916966767224,0.8728750555237131,8,21,0.25,0.8956642031068295,414.3333333333333,21,0.0,0.37391605077670736,24,PID,pid_weight,MoCap_alt64_b21_w176_s29|MoCap_alt64_b22_w176_s44
