K,dominant_threshold,dominant_count,dominant_ratio,balance_entropy,mean_segment_length,segment_count,coherence,selection_score
16,0.0625,4,0.25,0.6979057976561016,138.07792207792207,77,1.0,0.47447644941402545
17,0.058823529411764705,4,0.23529411764705882,0.6758132273740162,138.07792207792207,77,1.0,0.46012977743173933
20,0.05,4,0.2,0.6713281249889697,134.58227848101265,79,0.0,0.28783203124724244
18,0.05555555555555555,3,0.16666666666666666,0.6715172757540728,134.58227848101265,79,0.0,0.2678793189385182
19,0.05263157894736842,3,0.15789473684210525,0.6713281249889698,134.58227848101265,79,0.0,0.26256887335250556
