K,dominant_ratio,balance_entropy,mean_segment_length,segment_count,meta_min_len,coherence,selection_score
7,0.5714285714285714,0.8412865424310685,1176.3529411764705,17,24,1.0,0.70317877846491
8,0.5,0.7963503899432468,1111.0,18,24,0.0,0.49908759748581166
10,0.5,0.7962217606847176,1111.0,18,24,0.0,0.4990554401711794
11,0.45454545454545453,0.7962217606847176,1111.0,18,24,0.0,0.4717827128984521
9,0.4444444444444444,0.7962217606847176,1111.0,18,24,0.0,0.4657221068378461
