K,dominant_ratio,balance_entropy,mean_segment_length,segment_count,meta_min_len,coherence,selection_score
8,0.5,0.8205711672606968,909.0,22,24,1.0,0.6551427918151742
9,0.4444444444444444,0.8234568639289508,740.6666666666666,27,24,0.0,0.47253088264890436
10,0.4,0.7884070525276399,740.6666666666666,27,24,0.0,0.43710176313190996
