K,dominant_ratio,balance_entropy,mean_segment_length,segment_count,meta_min_len,coherence,selection_score
7,0.42857142857142855,0.8319414923825711,952.2857142857143,21,24,1.0,0.6151282302384999
8,0.5,0.8367647058298489,740.6666666666666,27,24,0.259259259259259,0.548080065346351
10,0.5,0.7969683757666511,714.2142857142857,28,24,0.1666666666666664,0.5242420939416627
9,0.4444444444444444,0.7969683757666511,714.2142857142857,28,24,0.1666666666666664,0.4909087606083294
11,0.45454545454545453,0.7714362845745558,666.6,30,24,0.0,0.4655863438709117
12,0.4166666666666667,0.7407457439506926,666.6,30,24,0.0,0.43518643598767315
