K,dominant_ratio,balance_entropy,mean_segment_length,segment_count,meta_min_len,coherence,selection_score
6,0.5,0.9083245890866571,833.25,24,24,1.0,0.6770811472716644
11,0.36363636363636365,0.8036976701052566,833.25,24,24,1.0,0.5691062357081323
7,0.42857142857142855,0.9093118771160558,799.92,25,24,0.4799999999999991,0.556470826421871
12,0.3333333333333333,0.8036976701052566,833.25,24,24,1.0,0.5509244175263142
8,0.5,0.8463669859185656,769.1538461538462,26,24,0.0,0.5115917464796413
9,0.4444444444444444,0.8449691328076724,769.1538461538462,26,24,0.0,0.4779089498685848
10,0.4,0.8449326343165544,769.1538461538462,26,24,0.0,0.4512331585791386
