K,dominant_ratio,balance_entropy,mean_segment_length,segment_count,meta_min_len,coherence,selection_score
7,0.42857142857142855,0.7769631955178413,999.9,20,24,1.0,0.6013836560223175
8,0.375,0.733608249342564,909.0,22,24,0.7692307692307693,0.5237866777202563
9,0.3333333333333333,0.7219831547637263,769.1538461538462,26,24,0.4142011834319528,0.4426259662057245
12,0.3333333333333333,0.6509773978268976,645.0967741935484,31,24,0.09925558312655094,0.37763268692570706
10,0.3,0.7190472033046288,624.9375,32,24,0.04807692307692308,0.3669733392876956
11,0.2727272727272727,0.6854562689329179,606.0,33,24,0.0,0.3350004308695931
