K,dominant_ratio,balance_entropy,mean_segment_length,segment_count,meta_min_len,coherence,selection_score
6,0.6666666666666666,0.9745503907975908,999.9,20,24,1.0,0.7936375976993977
7,0.5714285714285714,0.9445427173445168,833.25,24,24,0.16666666666666685,0.603992822193272
8,0.5,0.9445347940898312,833.25,24,24,0.16666666666666685,0.5611336985224579
10,0.5,0.9440366918454285,833.25,24,24,0.16666666666666685,0.5610091729613571
9,0.4444444444444444,0.9440366918454285,833.25,24,24,0.16666666666666685,0.5276758396280238
11,0.45454545454545453,0.8709103653320326,799.92,25,24,0.0,0.4904548640602808
