K,dominant_ratio,balance_entropy,mean_segment_length,segment_count,meta_min_len,coherence,selection_score
8,0.375,0.7819446449457426,645.0967741935484,31,24,1.0,0.5704861612364356
9,0.3333333333333333,0.7419095990092288,645.0967741935484,31,24,1.0,0.5354773997523072
10,0.3,0.7111362824051916,624.9375,32,24,0.0,0.3577840706012979
11,0.2727272727272727,0.7115930049126543,624.9375,32,24,0.0,0.3415346148645272
