K,dominant_ratio,balance_entropy,mean_segment_length,segment_count,meta_min_len,coherence,selection_score
7,0.2857142857142857,0.8299586176723313,833.25,24,24,1.0,0.5289182258466543
8,0.5,0.8464358942922395,645.0967741935484,31,24,0.0,0.5116089735730599
10,0.5,0.8464358942922395,645.0967741935484,31,24,0.0,0.5116089735730599
11,0.45454545454545453,0.846271740646921,645.0967741935484,31,24,0.0,0.48429520788900293
9,0.4444444444444444,0.8464358942922395,645.0967741935484,31,24,0.0,0.4782756402397266
