K,dominant_ratio,balance_entropy,mean_segment_length,segment_count,meta_min_len,coherence,selection_score
7,0.5714285714285714,0.830738924609518,909.0,22,24,1.0,0.7005418740095223
8,0.625,0.8426196151446872,689.5862068965517,29,24,0.3160919540229887,0.6330686968896201
9,0.5555555555555556,0.8152430982221162,624.9375,32,24,0.11458333333333347,0.5543316078888624
10,0.5,0.7929641292162976,588.1764705882352,34,24,0.0,0.49824103230407435
11,0.45454545454545453,0.7933291733843965,588.1764705882352,34,24,0.0,0.47105956607337185
12,0.4166666666666667,0.7592467698449362,588.1764705882352,34,24,0.0,0.4398116924612341
