K,dominant_ratio,balance_entropy,mean_segment_length,segment_count,meta_min_len,coherence,selection_score
7,0.5714285714285714,0.8398697026197568,952.2857142857143,21,24,1.0,0.7028245685120821
8,0.5,0.7983126811656831,909.0,22,24,0.7636363636363633,0.6141236248368752
9,0.4444444444444444,0.7983126811656831,909.0,22,24,0.7636363636363633,0.5807902915035419
10,0.4,0.7792722168969479,769.1538461538462,26,24,0.0,0.43481805422423697
11,0.36363636363636365,0.745669565887774,769.1538461538462,26,24,0.0,0.40459920965376167
