K,dominant_ratio,balance_entropy,mean_segment_length,segment_count,meta_min_len,coherence,selection_score
8,0.5,0.8321426366671403,869.4782608695652,23,24,1.0,0.6580356591667851
9,0.4444444444444444,0.8321738981412604,869.4782608695652,23,24,1.0,0.6247101412019818
10,0.4,0.7964739126489049,833.25,24,24,0.7986111111111109,0.5589101448288929
12,0.4166666666666667,0.8037808574426748,689.5862068965517,29,24,0.0,0.4509452143606687
11,0.36363636363636365,0.8037808574426748,689.5862068965517,29,24,0.0,0.41912703254248684
