K,dominant_ratio,balance_entropy,mean_segment_length,segment_count,meta_min_len,coherence,selection_score
6,0.5,0.8852975313844935,689.5862068965517,29,24,1.0,0.6713243828461234
7,0.42857142857142855,0.822227791247507,689.5862068965517,29,24,1.0,0.6126998049547339
8,0.5,0.7776222486768345,645.0967741935484,31,24,0.3118279569892476,0.5411797557175958
9,0.4444444444444444,0.7490676984893876,645.0967741935484,31,24,0.3118279569892476,0.5007077848374007
10,0.4,0.7228108549420982,624.9375,32,24,0.0,0.42070271373552454
11,0.36363636363636365,0.6994983080432503,624.9375,32,24,0.0,0.39305639519263075
12,0.3333333333333333,0.674618707616654,624.9375,32,24,0.0,0.3686546769041635
