K,dominant_ratio,balance_entropy,mean_segment_length,segment_count,meta_min_len,coherence,selection_score
7,0.42857142857142855,0.8221865884397158,799.92,25,24,1.0,0.6126895042527861
8,0.375,0.8221865884397158,799.92,25,24,1.0,0.580546647109929
9,0.3333333333333333,0.7967270960351157,689.5862068965517,29,24,0.0,0.3991817740087789
10,0.3,0.7589816740837045,689.5862068965517,29,24,0.0,0.36974541852092613
