K,dominant_ratio,balance_entropy,mean_segment_length,segment_count,meta_min_len,coherence,selection_score
6,0.3333333333333333,0.8917010042571177,1176.3529411764705,17,24,1.0,0.5729252510642794
10,0.4,0.7503010029053764,769.1538461538462,26,24,0.0,0.42757525072634406
7,0.2857142857142857,0.8500981822822548,869.4782608695652,23,24,0.24637681159420297,0.42090963873826553
8,0.25,0.7960462686238385,799.92,25,24,0.07555555555555539,0.3603449004892929
9,0.2222222222222222,0.795831381405785,799.92,25,24,0.07555555555555539,0.3436245120181129
