K,dominant_ratio,balance_entropy,mean_segment_length,segment_count,meta_min_len,coherence,selection_score
6,0.6666666666666666,0.8894452635934262,1111.0,18,24,1.0,0.7723613158983565
7,0.5714285714285714,0.8679522377393973,833.25,24,24,0.18749999999999992,0.5879702022919922
8,0.5,0.8264709050463568,769.1538461538462,26,24,0.0,0.5066177262615892
9,0.4444444444444444,0.8265356461195041,769.1538461538462,26,24,0.0,0.4733005781965427
10,0.4,0.8264028523266106,769.1538461538462,26,24,0.0,0.4466007130816526
