K,dominant_ratio,balance_entropy,mean_segment_length,segment_count,meta_min_len,coherence,selection_score
7,0.42857142857142855,0.8795000332837347,769.1538461538462,26,24,1.0,0.6270178654637908
8,0.625,0.8650182365209684,689.5862068965517,29,24,0.0,0.591254559130242
9,0.5555555555555556,0.8650182365209684,689.5862068965517,29,24,0.0,0.5495878924635754
10,0.5,0.820576976513314,689.5862068965517,29,24,0.0,0.5051442441283285
