K,dominant_ratio,balance_entropy,mean_segment_length,segment_count,meta_min_len,coherence,selection_score
7,0.5714285714285714,0.8643097164552526,769.1538461538462,26,24,1.0,0.708934571970956
8,0.5,0.8265838703450546,714.2142857142857,28,24,0.3095238095238086,0.5530745390148349
10,0.5,0.7481240573778932,714.2142857142857,28,24,0.3095238095238086,0.5334595857730445
9,0.4444444444444444,0.7890948495023733,689.5862068965517,29,24,0.0,0.46394037904226
11,0.45454545454545453,0.7226652949000814,689.5862068965517,29,24,0.0,0.45339359645229305
12,0.4166666666666667,0.7220235245150101,689.5862068965517,29,24,0.0,0.43050588112875254
