K,dominant_ratio,balance_entropy,mean_segment_length,segment_count,meta_min_len,coherence,selection_score
7,0.42857142857142855,0.7980469465154681,952.2857142857143,21,24,1.0,0.6066545937717241
8,0.375,0.7481023745056495,952.2857142857143,21,24,1.0,0.5620255936264124
9,0.4444444444444444,0.7146166398516711,909.0,22,24,0.7636363636363633,0.5598662811750389
10,0.3,0.7076282174767213,769.1538461538462,26,24,0.0,0.35690705436918035
11,0.2727272727272727,0.7076282174767213,769.1538461538462,26,24,0.0,0.34054341800554394
