K,dominant_ratio,balance_entropy,mean_segment_length,segment_count,meta_min_len,coherence,selection_score
8,0.5,0.8279447741890021,769.1538461538462,26,24,1.0,0.6569861935472505
9,0.4444444444444444,0.7922111855924189,740.6666666666666,27,24,0.48148148148148096,0.5369416852869936
10,0.5,0.7615004952289122,714.2142857142857,28,24,0.0,0.49037512380722803
11,0.45454545454545453,0.7615004952289122,714.2142857142857,28,24,0.0,0.46310239653450075
