K,dominant_ratio,balance_entropy,mean_segment_length,segment_count,meta_min_len,coherence,selection_score
7,0.5714285714285714,0.8565662918522278,833.25,24,24,0.5303030303030303,0.6365441703656544
6,0.3333333333333333,0.8738523483355073,999.9,20,24,1.0,0.5684630870838768
8,0.5,0.8103383245369661,799.92,25,24,0.43636363636363623,0.568039126588787
10,0.5,0.7488835009471928,740.6666666666666,27,24,0.26936026936026924,0.5276249156408386
9,0.4444444444444444,0.7761617510218034,769.1538461538462,26,24,0.34965034965034975,0.51315465686967
11,0.45454545454545453,0.749171548796072,740.6666666666666,27,24,0.26936026936026924,0.5004242003303311
12,0.4166666666666667,0.7321749965779465,689.5862068965517,29,24,0.12539184952978055,0.4518525265739537
13,0.38461538461538464,0.7162779200698964,645.0967741935484,31,24,0.0,0.40983871078670486
