K,dominant_ratio,balance_entropy,mean_segment_length,segment_count,meta_min_len,coherence,selection_score
8,0.5,0.8047376764376841,909.0,22,24,1.0,0.651184419109421
9,0.4444444444444444,0.8108680680236303,740.6666666666666,27,24,0.23280423280423257,0.5043043185932091
10,0.4,0.8106323592820629,740.6666666666666,27,24,0.23280423280423257,0.4775787247411506
11,0.45454545454545453,0.778747327528656,689.5862068965517,29,24,0.0,0.4674141046094367
12,0.4166666666666667,0.7495630308938936,689.5862068965517,29,24,0.0,0.4373907577234734
