K,dominant_ratio,balance_entropy,mean_segment_length,segment_count,meta_min_len,coherence,selection_score
7,0.7142857142857143,0.9142282582947454,999.9,20,24,1.0,0.8071284931451149
8,0.625,0.8744277113143004,869.4782608695652,23,24,0.34782608695652206,0.6457808408720535
9,0.5555555555555556,0.8350215982932587,799.92,25,24,0.0,0.5420887329066479
10,0.5,0.8299519485429897,833.25,24,24,0.16666666666666685,0.5324879871357474
