K,dominant_ratio,balance_entropy,mean_segment_length,segment_count,meta_min_len,coherence,selection_score
6,0.5,0.8440905968387529,1111.0,18,24,1.0,0.6610226492096882
7,0.5714285714285714,0.8018899710659563,999.9,20,24,0.6749999999999999,0.6445796356236319
8,0.5,0.7879611212751416,833.25,24,24,0.18749999999999992,0.5251152803187854
9,0.4444444444444444,0.7607884548038233,769.1538461538462,26,24,0.0,0.4568637803676225
10,0.4,0.7607884548038233,769.1538461538462,26,24,0.0,0.4301971137009558
11,0.36363636363636365,0.7607884548038233,769.1538461538462,26,24,0.0,0.40837893188277397
