K,dominant_ratio,balance_entropy,mean_segment_length,segment_count,meta_min_len,coherence,selection_score
7,0.5714285714285714,0.8484973452964241,869.4782608695652,23,24,1.0,0.7049814791812489
8,0.5,0.8491455660235215,869.4782608695652,23,24,1.0,0.6622863915058804
9,0.4444444444444444,0.8491276205144909,869.4782608695652,23,24,1.0,0.6289485717952894
10,0.4,0.8491276205144909,869.4782608695652,23,24,1.0,0.6022819051286227
11,0.45454545454545453,0.8210213362622462,740.6666666666666,27,24,0.0,0.4779826067928342
