K,dominant_ratio,balance_entropy,mean_segment_length,segment_count,meta_min_len,coherence,selection_score
8,0.5,0.8461063041887172,952.2857142857143,21,24,1.0,0.6615265760471793
7,0.42857142857142855,0.8461063041887172,952.2857142857143,21,24,1.0,0.6186694331900364
9,0.4444444444444444,0.8131487209127135,833.25,24,24,0.0,0.46995384689484504
11,0.45454545454545453,0.7707032239869706,833.25,24,24,0.0,0.4654030787240153
10,0.4,0.8129737250308617,833.25,24,24,0.0,0.4432434312577154
