K,dominant_ratio,balance_entropy,mean_segment_length,segment_count,meta_min_len,coherence,selection_score
8,0.5,0.9212696530875808,666.6,30,24,1.0,0.6803174132718952
9,0.4444444444444444,0.8764251009657886,645.0967741935484,31,24,0.48387096774193583,0.5583535870694042
10,0.4,0.8362884133030619,624.9375,32,24,0.0,0.44907210332576547
