K,dominant_ratio,balance_entropy,mean_segment_length,segment_count,meta_min_len,coherence,selection_score
7,0.5714285714285714,0.8315872884191984,1052.5263157894738,19,24,1.0,0.7007539649619424
8,0.5,0.806282866808973,909.0,22,24,0.43181818181818177,0.5663434439749704
9,0.4444444444444444,0.806282866808973,909.0,22,24,0.43181818181818177,0.5330101106416372
10,0.4,0.7824785048672959,799.92,25,24,0.0,0.43561962621682393
