K,dominant_ratio,balance_entropy,mean_segment_length,segment_count,meta_min_len,coherence,selection_score
9,0.5555555555555556,0.8213789016313502,740.6666666666666,27,24,1.0,0.6886780587411708
8,0.5,0.8584080687330949,740.6666666666666,27,24,1.0,0.6646020171832737
10,0.5,0.8214165982192532,740.6666666666666,27,24,1.0,0.6553541495548133
11,0.45454545454545453,0.8000203364318172,689.5862068965517,29,24,0.0,0.472732356835227
12,0.4166666666666667,0.8000238690390481,689.5862068965517,29,24,0.0,0.45000596725976205
