K,dominant_ratio,balance_entropy,mean_segment_length,segment_count,meta_min_len,coherence,selection_score
8,0.625,0.8739118767219272,588.1764705882352,34,24,1.0,0.7434779691804818
9,0.5555555555555556,0.8739118767219272,588.1764705882352,34,24,1.0,0.7018113025138152
10,0.5,0.8737513299880959,588.1764705882352,34,24,1.0,0.668437832497024
11,0.45454545454545453,0.8735786534491918,588.1764705882352,34,24,1.0,0.6411219360895707
