K,dominant_ratio,balance_entropy,mean_segment_length,segment_count,meta_min_len,coherence,selection_score
7,0.5714285714285714,0.8678598181896234,714.2142857142857,28,24,1.0,0.7098220974045487
8,0.5,0.8379036696114205,645.0967741935484,31,24,0.5645161290322585,0.5941533367576939
9,0.4444444444444444,0.8023400656686709,624.9375,32,24,0.4375000000000001,0.5328766830838344
11,0.45454545454545453,0.8031807435962607,606.0,33,24,0.3181818181818183,0.5212497313536106
10,0.4,0.8021031482586038,624.9375,32,24,0.4375000000000001,0.506150787064651
12,0.4166666666666667,0.7974734427375525,555.5,36,24,0.0,0.4493683606843881
