K,dominant_ratio,balance_entropy,mean_segment_length,segment_count,meta_min_len,coherence,selection_score
8,0.375,0.7464196470473401,799.92,25,24,1.0,0.561604911761835
9,0.3333333333333333,0.745621763393743,799.92,25,24,1.0,0.5364054408484358
10,0.3,0.745621763393743,799.92,25,24,1.0,0.5164054408484358
11,0.2727272727272727,0.7460264573167505,799.92,25,24,1.0,0.5001429779655513
12,0.25,0.7097986452713041,769.1538461538462,26,24,0.0,0.32744966131782605
