K,dominant_ratio,balance_entropy,mean_segment_length,segment_count,meta_min_len,coherence,selection_score
8,0.5,0.8919545300790005,799.92,25,24,1.0,0.6729886325197502
10,0.5,0.7993465057519474,799.92,25,24,1.0,0.6498366264379869
7,0.42857142857142855,0.8924838873213587,799.92,25,24,1.0,0.6302638289731968
9,0.4444444444444444,0.8385753707758173,799.92,25,24,1.0,0.626310509360621
11,0.45454545454545453,0.7660101915641963,769.1538461538462,26,24,0.0,0.46422982061832174
