K,dominant_ratio,balance_entropy,mean_segment_length,segment_count,meta_min_len,coherence,selection_score
7,0.5714285714285714,0.8776249093380877,909.0,22,24,1.0,0.7122633701916647
8,0.625,0.8397355083787367,869.4782608695652,23,24,0.7173913043478263,0.692542572746858
9,0.5555555555555556,0.8238076778080836,769.1538461538462,26,24,0.0,0.5392852527853542
10,0.5,0.8238076778080836,769.1538461538462,26,24,0.0,0.5059519194520209
11,0.45454545454545453,0.7896876589799338,769.1538461538462,26,24,0.0,0.47014918747225615
12,0.4166666666666667,0.7897113485139422,769.1538461538462,26,24,0.0,0.44742783712848555
