K,dominant_ratio,balance_entropy,mean_segment_length,segment_count,meta_min_len,coherence,selection_score
6,0.5,0.8954730658959095,869.4782608695652,23,24,1.0,0.6738682664739774
7,0.42857142857142855,0.8954730658959095,869.4782608695652,23,24,1.0,0.6310111236168345
10,0.5,0.834203926052484,799.92,25,24,0.0,0.508550981513121
11,0.45454545454545453,0.8338997685769329,799.92,25,24,0.0,0.48120221487150594
8,0.375,0.8389337356935067,799.92,25,24,0.0,0.43473343392337666
9,0.3333333333333333,0.834203926052484,799.92,25,24,0.0,0.40855098151312097
