K,dominant_ratio,balance_entropy,mean_segment_length,segment_count,meta_min_len,coherence,selection_score
7,0.5714285714285714,0.8599626419711675,869.4782608695652,23,24,1.0,0.7078478033499347
8,0.5,0.8599626419711675,869.4782608695652,23,24,1.0,0.6649906604927919
9,0.4444444444444444,0.8599626419711675,869.4782608695652,23,24,1.0,0.6316573271594585
10,0.4,0.8599626419711675,869.4782608695652,23,24,1.0,0.6049906604927918
11,0.36363636363636365,0.8598284193978664,869.4782608695652,23,24,1.0,0.5831389230312848
