K,dominant_ratio,balance_entropy,mean_segment_length,segment_count,meta_min_len,coherence,selection_score
7,0.5714285714285714,0.8200185295499809,1111.0,18,24,1.0,0.697861775244638
8,0.5,0.7716390316430091,1052.5263157894738,19,24,0.8289473684210529,0.6172518631739101
9,0.4444444444444444,0.7705451617954879,833.25,24,24,0.18749999999999992,0.48742795711553866
11,0.45454545454545453,0.7559854349392019,769.1538461538462,26,24,0.0,0.4617236314620732
10,0.4,0.7559854349392019,769.1538461538462,26,24,0.0,0.42899635873480046
