K,dominant_ratio,balance_entropy,mean_segment_length,segment_count,meta_min_len,coherence,selection_score
11,0.45454545454545453,0.8250937193958927,740.6666666666666,27,24,1.0,0.6290007025762459
9,0.4444444444444444,0.8252810036109115,740.6666666666666,27,24,1.0,0.6229869175693945
10,0.4,0.8252810036109115,740.6666666666666,27,24,1.0,0.5963202509027279
7,0.5714285714285714,0.8693236457000544,714.2142857142857,28,24,0.0,0.5601880542821565
8,0.5,0.8268520657773257,714.2142857142857,28,24,0.0,0.5067130164443314
