K,dominant_ratio,balance_entropy,mean_segment_length,segment_count,meta_min_len,coherence,selection_score
6,0.5,0.9039489682315099,869.4782608695652,23,24,1.0,0.6759872420578775
8,0.625,0.8533482826819335,606.0,33,24,0.06336088154269988,0.5978412029018884
7,0.42857142857142855,0.8595663776303555,769.1538461538462,26,24,0.6433566433566434,0.5685379480539425
9,0.5555555555555556,0.8091736005635937,606.0,33,24,0.06336088154269988,0.5451308657056367
10,0.5,0.7780391428482386,588.1764705882352,34,24,0.0,0.4945097857120596
11,0.45454545454545453,0.7481811485821055,588.1764705882352,34,24,0.0,0.4597725598727991
12,0.4166666666666667,0.7215081653624614,606.0,33,24,0.06336088154269988,0.4398811735720204
