K,dominant_ratio,balance_entropy,mean_segment_length,segment_count,meta_min_len,coherence,selection_score
8,0.375,0.8731847536195242,714.2142857142857,28,24,1.0,0.5932961884048811
9,0.3333333333333333,0.8426272485359018,714.2142857142857,28,24,1.0,0.5606568121339754
11,0.45454545454545453,0.8058394503467383,689.5862068965517,29,24,0.0,0.4741871353139573
10,0.3,0.8058394503467383,689.5862068965517,29,24,0.0,0.3814598625866846
