K,dominant_ratio,balance_entropy,mean_segment_length,segment_count,meta_min_len,coherence,selection_score
7,0.42857142857142855,0.8411599525709862,909.0,22,24,1.0,0.6174328452856037
8,0.5,0.8252631631468684,769.1538461538462,26,24,0.36263736263736274,0.5607113951823215
9,0.4444444444444444,0.8071036590715938,689.5862068965517,29,24,0.0,0.4684425814345651
10,0.4,0.8070630057795982,689.5862068965517,29,24,0.0,0.44176575144489955
11,0.36363636363636365,0.8070630057795982,689.5862068965517,29,24,0.0,0.41994756962671775
