K,dominant_ratio,balance_entropy,mean_segment_length,segment_count,meta_min_len,coherence,selection_score
7,0.5714285714285714,0.8738902180642296,740.6666666666666,27,24,1.0,0.7113296973732003
8,0.5,0.8730530515440625,740.6666666666666,27,24,1.0,0.6682632628860157
9,0.4444444444444444,0.8322813832378971,689.5862068965517,29,24,0.0,0.474737012476141
10,0.4,0.8318851725115196,689.5862068965517,29,24,0.0,0.44797129312787987
