K,dominant_ratio,balance_entropy,mean_segment_length,segment_count,meta_min_len,coherence,selection_score
6,0.6666666666666666,0.9297423170380115,833.25,24,24,1.0,0.7824355792595029
7,0.5714285714285714,0.8819250234447982,769.1538461538462,26,24,0.46153846153846206,0.6325691679491117
8,0.5,0.8349995658580439,769.1538461538462,26,24,0.46153846153846206,0.5779806606952803
11,0.45454545454545453,0.8108885083479723,714.2142857142857,28,24,0.0,0.4754493998142658
9,0.4444444444444444,0.8108885083479723,714.2142857142857,28,24,0.0,0.4693887937536597
12,0.4166666666666667,0.8092826439606685,714.2142857142857,28,24,0.0,0.4523206609901671
10,0.4,0.8108885083479723,714.2142857142857,28,24,0.0,0.4427221270869931
