K,dominant_ratio,balance_entropy,mean_segment_length,segment_count,meta_min_len,coherence,selection_score
7,0.42857142857142855,0.8584014672462489,909.0,22,24,1.0,0.6217432239544194
10,0.5,0.8091913519251247,833.25,24,24,0.4583333333333332,0.5710478379812811
8,0.5,0.8091017697903031,833.25,24,24,0.4583333333333332,0.5710254424475757
11,0.45454545454545453,0.8089847439039836,833.25,24,24,0.4583333333333332,0.5437234587032685
9,0.4444444444444444,0.8091608747324815,833.25,24,24,0.4583333333333332,0.5377068853497871
12,0.4166666666666667,0.7812613772983189,769.1538461538462,26,24,0.0,0.44531534432457975
