K,dominant_ratio,balance_entropy,mean_segment_length,segment_count,meta_min_len,coherence,selection_score
7,0.5714285714285714,0.8853516891334912,1052.5263157894738,19,24,1.0,0.7141950651405157
8,0.5,0.8234997123419423,999.9,20,24,0.8444444444444442,0.6325415947521521
9,0.4444444444444444,0.796431916211884,869.4782608695652,23,24,0.45893719806763295,0.5346152254297826
11,0.45454545454545453,0.7474773691731322,740.6666666666666,27,24,0.07818930041152264,0.47132501008228417
12,0.4166666666666667,0.719574031762477,740.6666666666666,27,24,0.07818930041152264,0.44162190300234766
10,0.4,0.750746230500099,714.2142857142857,28,24,0.0,0.4276865576250247
