K,dominant_ratio,balance_entropy,mean_segment_length,segment_count,meta_min_len,coherence,selection_score
6,0.3333333333333333,0.8849258235271888,1052.5263157894738,19,24,1.0,0.5712314558817972
7,0.42857142857142855,0.8206457820459071,999.9,20,24,0.7124999999999996,0.5691793026543338
8,0.375,0.8201065481170493,999.9,20,24,0.7124999999999996,0.5369016370292622
11,0.45454545454545453,0.7394989205318505,869.4782608695652,23,24,0.0,0.45760200286023534
9,0.3333333333333333,0.7749310573808795,909.0,22,24,0.2159090909090907,0.42611912798158347
10,0.3,0.7394989205318505,869.4782608695652,23,24,0.0,0.3648747301329626
