K,dominant_ratio,balance_entropy,mean_segment_length,segment_count,meta_min_len,coherence,selection_score
7,0.5714285714285714,0.8956203591539692,624.9375,32,24,1.0,0.7167622326456351
8,0.5,0.852567512198574,588.1764705882352,34,24,0.3137254901960769,0.560200701579055
10,0.4,0.7763773441327958,606.0,33,24,0.6464646464646461,0.5310640330028958
9,0.4444444444444444,0.7984579361406041,588.1764705882352,34,24,0.3137254901960769,0.5133399742312292
11,0.36363636363636365,0.7763773441327958,606.0,33,24,0.6464646464646461,0.509245851184714
12,0.3333333333333333,0.7833011529092494,571.3714285714286,35,24,0.0,0.39582528822731233
