K,dominant_ratio,balance_entropy,mean_segment_length,segment_count,meta_min_len,coherence,selection_score
6,0.5,0.8508368904387106,999.9,20,24,1.0,0.6627092226096777
7,0.42857142857142855,0.8160777945785221,869.4782608695652,23,24,0.6688963210702342,0.5614967539480228
8,0.5,0.8178803831166326,714.2142857142857,28,24,0.27472527472527464,0.5456788869879493
9,0.4444444444444444,0.7955342763079292,645.0967741935484,31,24,0.09925558312655094,0.4804385732126316
10,0.4,0.763196073253421,624.9375,32,24,0.04807692307692308,0.43801055677489364
11,0.36363636363636365,0.7393651174773848,606.0,33,24,0.0,0.4030230975511644
12,0.3333333333333333,0.717189467297186,606.0,33,24,0.0,0.3792973668242965
