K,dominant_ratio,balance_entropy,mean_segment_length,segment_count,meta_min_len,coherence,selection_score
8,0.5,0.7989925726558228,869.4782608695652,23,24,1.0,0.6497481431639557
9,0.4444444444444444,0.777189160958066,799.92,25,24,0.3066666666666659,0.5069639569061831
10,0.4,0.7560120191226462,769.1538461538462,26,24,0.0,0.42900300478066156
11,0.36363636363636365,0.72998447104274,769.1538461538462,26,24,0.0,0.40067793594250317
