K,dominant_ratio,balance_entropy,mean_segment_length,segment_count,meta_min_len,coherence,selection_score
8,0.5,0.8001043750377992,769.1538461538462,26,24,1.0,0.6500260937594499
9,0.4444444444444444,0.7873925956196963,666.6,30,24,0.3714285714285715,0.5192291012858765
10,0.4,0.7767749173486934,606.0,33,24,0.0,0.4341937293371734
11,0.36363636363636365,0.7495681097877905,606.0,33,24,0.0,0.4055738456287658
12,0.3333333333333333,0.7495681097877905,606.0,33,24,0.0,0.3873920274469476
