K,dominant_ratio,balance_entropy,mean_segment_length,segment_count,meta_min_len,coherence,selection_score
6,0.6666666666666666,0.9337001671107416,1111.0,18,24,1.0,0.7834250417776853
7,0.5714285714285714,0.9337001671107416,1111.0,18,24,1.0,0.7262821846348282
8,0.5,0.9337878769737966,1111.0,18,24,1.0,0.6834469692434492
9,0.4444444444444444,0.8491153655287073,1052.5263157894738,19,24,0.0,0.4789455080488435
10,0.4,0.8483212945098376,1052.5263157894738,19,24,0.0,0.4520803236274594
