K,dominant_ratio,balance_entropy,mean_segment_length,segment_count,meta_min_len,coherence,selection_score
7,0.5714285714285714,0.9053700218828838,909.0,22,24,1.0,0.7191996483278638
6,0.5,0.9054401405380409,909.0,22,24,1.0,0.6763600351345103
8,0.5,0.9051565503874239,909.0,22,24,1.0,0.6762891375968559
9,0.4444444444444444,0.8340667127038525,869.4782608695652,23,24,0.0,0.4751833448426298
10,0.4,0.8340667127038525,869.4782608695652,23,24,0.0,0.4485166781759631
