K,dominant_ratio,balance_entropy,mean_segment_length,segment_count,meta_min_len,coherence,selection_score
8,0.625,0.9185964261688314,714.2142857142857,28,24,1.0,0.7546491065422078
7,0.5714285714285714,0.9718268985255937,714.2142857142857,28,24,1.0,0.7358138674885413
9,0.5555555555555556,0.8850386468527104,645.0967741935484,31,24,0.0,0.5545929950465109
10,0.5,0.8841405388677096,645.0967741935484,31,24,0.0,0.5210351347169274
11,0.45454545454545453,0.8841405388677096,645.0967741935484,31,24,0.0,0.4937624074442001
