K,dominant_ratio,balance_entropy,mean_segment_length,segment_count,meta_min_len,coherence,selection_score
7,0.5714285714285714,0.8595381753879527,869.4782608695652,23,24,1.0,0.707741686704131
8,0.5,0.8188244600995993,833.25,24,24,0.0,0.5047061150248998
9,0.4444444444444444,0.7863107827566796,833.25,24,24,0.0,0.46324436235583655
10,0.4,0.7863107827566796,833.25,24,24,0.0,0.43657769568916993
11,0.36363636363636365,0.7863107827566796,833.25,24,24,0.0,0.4147595138709881
