K,dominant_ratio,balance_entropy,mean_segment_length,segment_count,meta_min_len,coherence,selection_score
11,0.45454545454545453,0.7416728313064102,833.25,24,24,1.0,0.6081454805538753
10,0.4,0.7440466398782798,833.25,24,24,1.0,0.5760116599695699
9,0.3333333333333333,0.7437809810848401,833.25,24,24,1.0,0.53594524527121
7,0.42857142857142855,0.8251141312811912,799.92,25,24,0.4799999999999991,0.5354213899631548
8,0.375,0.7862183355867189,769.1538461538462,26,24,0.0,0.4215545838966797
