K,dominant_ratio,balance_entropy,mean_segment_length,segment_count,meta_min_len,coherence,selection_score
8,0.375,0.8055193478908252,799.92,25,24,1.0,0.5763798369727063
9,0.3333333333333333,0.7666250059031634,769.1538461538462,26,24,0.8012820512820517,0.5118485591680986
13,0.38461538461538464,0.7176022930551883,740.6666666666666,27,24,0.6172839506172838,0.5027623966256204
10,0.3,0.7348856830943195,769.1538461538462,26,24,0.8012820512820517,0.48391372846588754
11,0.45454545454545453,0.7266871990665654,645.0967741935484,31,24,0.0,0.4543990724939141
12,0.4166666666666667,0.7257878977586973,645.0967741935484,31,24,0.0,0.43144697443967434
