K,dominant_ratio,balance_entropy,mean_segment_length,segment_count,meta_min_len,coherence,selection_score
6,0.5,0.9115403128091045,999.9,20,24,1.0,0.6778850782022762
8,0.625,0.8659744064695188,909.0,22,24,0.0,0.5914936016173797
7,0.5714285714285714,0.8659744064695188,909.0,22,24,0.0,0.5593507444745225
9,0.5555555555555556,0.8660288102667149,909.0,22,24,0.0,0.549840535900012
10,0.5,0.8658735896563595,909.0,22,24,0.0,0.5164683974140899
11,0.45454545454545453,0.8658735896563595,909.0,22,24,0.0,0.48919567014136256
