K,dominant_ratio,balance_entropy,mean_segment_length,segment_count,meta_min_len,coherence,selection_score
7,0.42857142857142855,0.8385251133546503,1111.0,18,24,1.0,0.6167741354815197
8,0.5,0.8351649036137746,869.4782608695652,23,24,0.0,0.5087912259034436
9,0.4444444444444444,0.7952343600077127,869.4782608695652,23,24,0.0,0.46547525666859485
10,0.4,0.7952343600077127,869.4782608695652,23,24,0.0,0.4388085900019282
