K,dominant_ratio,balance_entropy,mean_segment_length,segment_count,meta_min_len,coherence,selection_score
7,0.5714285714285714,0.8387991358056338,952.2857142857143,21,24,1.0,0.7025569268085513
8,0.5,0.8389013281619563,952.2857142857143,21,24,1.0,0.6597253320404891
9,0.4444444444444444,0.8177429246015911,833.25,24,24,0.0,0.4711023978170644
10,0.4,0.8177429246015911,833.25,24,24,0.0,0.4444357311503978
11,0.36363636363636365,0.8177429246015911,833.25,24,24,0.0,0.42261754933221596
12,0.3333333333333333,0.8163678197085481,833.25,24,24,0.0,0.404091954927137
