K,dominant_ratio,balance_entropy,mean_segment_length,segment_count,meta_min_len,coherence,selection_score
7,0.5714285714285714,0.8144622253736707,952.2857142857143,21,24,1.0,0.6964726992005605
8,0.5,0.8125818736017903,740.6666666666666,27,24,0.0,0.5031454684004476
9,0.4444444444444444,0.7753792790731143,740.6666666666666,27,24,0.0,0.4605114864349452
10,0.4,0.7757698159179413,740.6666666666666,27,24,0.0,0.4339424539794853
11,0.36363636363636365,0.775224194082111,740.6666666666666,27,24,0.0,0.4119878667023459
12,0.3333333333333333,0.7746244664375682,740.6666666666666,27,24,0.0,0.39365611660939204
