K,dominant_ratio,balance_entropy,mean_segment_length,segment_count,meta_min_len,coherence,selection_score
10,0.4,0.7649437596170469,740.6666666666666,27,24,1.0,0.5812359399042617
8,0.375,0.8063588854599919,740.6666666666666,27,24,1.0,0.576589721364998
11,0.36363636363636365,0.7649437596170469,740.6666666666666,27,24,1.0,0.5594177580860799
9,0.3333333333333333,0.8063588854599919,740.6666666666666,27,24,1.0,0.551589721364998
12,0.3333333333333333,0.731077489450658,740.6666666666666,27,24,1.0,0.5327693723626645
