K,dominant_ratio,balance_entropy,mean_segment_length,segment_count,meta_min_len,coherence,selection_score
7,0.5714285714285714,0.9620475080599944,1111.0,18,24,1.0,0.7333690198721414
8,0.5,0.8877437334371504,999.9,20,24,0.6428571428571428,0.618364504787859
9,0.4444444444444444,0.8300435100594079,952.2857142857143,21,24,0.48979591836734715,0.5476469319366207
11,0.45454545454545453,0.7899145019345497,833.25,24,24,0.10714285714285726,0.4862773267823387
10,0.4,0.7926361239926023,799.92,25,24,0.0,0.43815903099815057
