K,dominant_ratio,balance_entropy,mean_segment_length,segment_count,meta_min_len,coherence,selection_score
7,0.42857142857142855,0.848678386107857,999.9,20,24,1.0,0.6193124536698214
8,0.5,0.8008295703786187,952.2857142857143,21,24,0.47619047619047683,0.5716359640232261
10,0.5,0.8008164684847723,952.2857142857143,21,24,0.47619047619047683,0.5716326885497646
11,0.45454545454545453,0.8008164684847723,952.2857142857143,21,24,0.47619047619047683,0.5443599612770373
9,0.4444444444444444,0.8009685422050672,952.2857142857143,21,24,0.47619047619047683,0.538337373646505
12,0.4166666666666667,0.7638574453851559,909.0,22,24,0.0,0.44096436134628897
