K,dominant_ratio,balance_entropy,mean_segment_length,segment_count,meta_min_len,coherence,selection_score
7,0.42857142857142855,0.8781789575369018,769.1538461538462,26,24,1.0,0.6266875965270826
8,0.625,0.8482920122575253,689.5862068965517,29,24,0.2241379310344827,0.6206936927195538
9,0.5555555555555556,0.8077156113874389,689.5862068965517,29,24,0.2241379310344827,0.5688829258353655
10,0.5,0.7758458107819968,666.6,30,24,0.0,0.4939614526954992
11,0.45454545454545453,0.7760695003226143,666.6,30,24,0.0,0.4667446478079263
