K,dominant_ratio,balance_entropy,mean_segment_length,segment_count,meta_min_len,coherence,selection_score
6,0.6666666666666666,0.8890266891735702,999.9,20,24,1.0,0.7722566722933926
7,0.5714285714285714,0.8348544300878467,909.0,22,24,0.5454545454545456,0.6333889321972863
8,0.5,0.7864910643434412,869.4782608695652,23,24,0.34782608695652206,0.5487966791293386
9,0.4444444444444444,0.7547089337393001,799.92,25,24,0.0,0.4553439001014917
12,0.4166666666666667,0.7527209391449411,799.92,25,24,0.0,0.43818023478623525
10,0.4,0.7539593705437541,799.92,25,24,0.0,0.4284898426359385
11,0.36363636363636365,0.753464578346433,799.92,25,24,0.0,0.4065479627684264
