K,dominant_ratio,balance_entropy,mean_segment_length,segment_count,meta_min_len,coherence,selection_score
7,0.5714285714285714,0.8415965717960999,769.1538461538462,26,24,1.0,0.7032562858061678
8,0.5,0.8415965717960999,769.1538461538462,26,24,1.0,0.660399142949025
9,0.4444444444444444,0.8470844853397386,740.6666666666666,27,24,0.0,0.4784377880016013
10,0.4,0.8465067555852226,740.6666666666666,27,24,0.0,0.45162668889630564
11,0.36363636363636365,0.8046913604914827,740.6666666666666,27,24,0.0,0.4193546583046889
