K,dominant_ratio,balance_entropy,mean_segment_length,segment_count,meta_min_len,coherence,selection_score
6,0.5,0.8154942516230202,1176.3529411764705,17,24,1.0,0.653873562905755
7,0.42857142857142855,0.7636657012327689,1111.0,18,24,0.8500000000000002,0.5755592824510494
8,0.375,0.7702872370155512,869.4782608695652,23,24,0.29565217391304366,0.46191963534084435
9,0.3333333333333333,0.7451769802609314,799.92,25,24,0.136,0.4066942450652328
12,0.3333333333333333,0.7267399880606881,740.6666666666666,27,24,0.0,0.381684997015172
10,0.3,0.7284822115426485,740.6666666666666,27,24,0.0,0.36212055288566214
11,0.2727272727272727,0.7284822115426485,740.6666666666666,27,24,0.0,0.3457569165220257
