K,dominant_ratio,balance_entropy,mean_segment_length,segment_count,meta_min_len,coherence,selection_score
7,0.7142857142857143,0.8656127557657927,869.4782608695652,23,24,1.0,0.7949746175128768
8,0.625,0.8374544141843308,769.1538461538462,26,24,0.0,0.5843636035460826
9,0.5555555555555556,0.8374544141843308,769.1538461538462,26,24,0.0,0.542696936879416
10,0.5,0.791792639684592,769.1538461538462,26,24,0.0,0.497948159921148
11,0.45454545454545453,0.791792639684592,769.1538461538462,26,24,0.0,0.4706754326484207
