K,dominant_ratio,balance_entropy,mean_segment_length,segment_count,meta_min_len,coherence,selection_score
6,0.5,0.8888525770958746,999.9,20,24,1.0,0.6722131442739686
7,0.5714285714285714,0.8460217150697805,869.4782608695652,23,24,0.4968944099378884,0.6288967331152712
8,0.5,0.8456218514047937,869.4782608695652,23,24,0.4968944099378884,0.5859396243418816
11,0.45454545454545453,0.8174426692805032,740.6666666666666,27,24,0.0,0.4770879400473985
9,0.4444444444444444,0.8173893799578983,740.6666666666666,27,24,0.0,0.4710140116561412
10,0.4,0.8173893799578983,740.6666666666666,27,24,0.0,0.4443473449894746
