K,dominant_ratio,balance_entropy,mean_segment_length,segment_count,meta_min_len,coherence,selection_score
7,0.2857142857142857,0.8575164539210604,1111.0,18,24,1.0,0.5358076849088365
8,0.25,0.795842099169554,1052.5263157894738,19,24,0.6315789473684214,0.4436973668976517
10,0.4,0.7594039482095913,952.2857142857143,21,24,0.0,0.4298509870523978
9,0.2222222222222222,0.7597170974714331,952.2857142857143,21,24,0.0,0.32326260770119164
