K,dominant_ratio,balance_entropy,mean_segment_length,segment_count,meta_min_len,coherence,selection_score
8,0.5,0.9194948992270235,833.25,24,24,1.0,0.6798737248067559
9,0.4444444444444444,0.8964821858681694,645.0967741935484,31,24,0.0,0.490787213133709
10,0.4,0.8964821858681694,645.0967741935484,31,24,0.0,0.46412054646704237
