K,dominant_ratio,balance_entropy,mean_segment_length,segment_count,meta_min_len,coherence,selection_score
8,0.625,0.8446226021348089,909.0,22,24,1.0,0.7361556505337022
9,0.5555555555555556,0.8454454634920512,909.0,22,24,1.0,0.6946946992063462
10,0.5,0.8454440006749058,909.0,22,24,1.0,0.6613610001687265
11,0.45454545454545453,0.7953091519222348,909.0,22,24,1.0,0.6215545607078314
