K,dominant_ratio,balance_entropy,mean_segment_length,segment_count,meta_min_len,coherence,selection_score
8,0.375,0.8246411117276994,869.4782608695652,23,24,1.0,0.5811602779319248
9,0.3333333333333333,0.8246411117276994,869.4782608695652,23,24,1.0,0.5561602779319248
11,0.36363636363636365,0.7910466511619391,799.92,25,24,0.0,0.41594348097230294
10,0.3,0.7910466511619391,799.92,25,24,0.0,0.37776166279048473
