K,dominant_ratio,balance_entropy,mean_segment_length,segment_count,meta_min_len,coherence,selection_score
8,0.375,0.8012403104507587,769.1538461538462,26,24,1.0,0.5753100776126897
9,0.4444444444444444,0.8176794922520675,645.0967741935484,31,24,0.1397849462365593,0.4920542816651674
12,0.4166666666666667,0.7919219503171656,624.9375,32,24,0.0,0.44798048757929143
10,0.4,0.7921133881549194,624.9375,32,24,0.0,0.43802834703872984
11,0.36363636363636365,0.7921133881549194,624.9375,32,24,0.0,0.416210165220548
