K,dominant_ratio,balance_entropy,mean_segment_length,segment_count,meta_min_len,coherence,selection_score
8,0.5,0.8175656592558002,833.25,24,24,1.0,0.65439141481395
9,0.4444444444444444,0.8145696676703634,714.2142857142857,28,24,0.2857142857142853,0.5131662264414003
11,0.45454545454545453,0.7552677406854985,666.6,30,24,0.0,0.46154420789864736
10,0.4,0.781339765774598,689.5862068965517,29,24,0.13793103448275862,0.45602459661606326
12,0.4166666666666667,0.7552677406854985,666.6,30,24,0.0,0.43881693517137466
