K,dominant_ratio,balance_entropy,mean_segment_length,segment_count,meta_min_len,coherence,selection_score
8,0.5,0.8446945952371891,799.92,25,24,1.0,0.6611736488092973
9,0.4444444444444444,0.8293786997191619,689.5862068965517,29,24,0.17241379310344834,0.4998734105619744
11,0.36363636363636365,0.7932003512929279,689.5862068965517,29,24,0.17241379310344834,0.4423439749705674
10,0.4,0.795132752215231,666.6,30,24,0.0,0.4387831880538078
12,0.3333333333333333,0.7925776812482381,689.5862068965517,29,24,0.17241379310344834,0.4240064892775768
