K,dominant_ratio,balance_entropy,mean_segment_length,segment_count,meta_min_len,coherence,selection_score
7,0.5714285714285714,0.8559926637670215,833.25,24,24,1.0,0.7068553087988982
8,0.5,0.806568095139106,799.92,25,24,0.7679999999999997,0.6168420237847765
10,0.5,0.7892891178451715,689.5862068965517,29,24,0.0,0.49732227946129287
11,0.45454545454545453,0.78919543340462,689.5862068965517,29,24,0.0,0.4700261310784277
9,0.4444444444444444,0.7892891178451715,689.5862068965517,29,24,0.0,0.46398894612795955
