K,dominant_ratio,balance_entropy,mean_segment_length,segment_count,meta_min_len,coherence,selection_score
7,0.42857142857142855,0.7800653227662915,769.1538461538462,26,24,1.0,0.60215918783443
9,0.3333333333333333,0.7541469104737868,769.1538461538462,26,24,1.0,0.5385367276184467
8,0.375,0.7873952420779111,740.6666666666666,27,24,0.48148148148148096,0.4940710327416999
11,0.36363636363636365,0.701042877488462,714.2142857142857,28,24,0.0,0.39344253755393366
10,0.3,0.7322769195935201,714.2142857142857,28,24,0.0,0.36306922989838003
