K,dominant_ratio,balance_entropy,mean_segment_length,segment_count,meta_min_len,coherence,selection_score
7,0.7142857142857143,0.877141853165616,799.92,25,24,1.0,0.7978568918628326
8,0.625,0.8771761891437717,799.92,25,24,1.0,0.744294047285943
9,0.5555555555555556,0.8770476527732183,799.92,25,24,1.0,0.702595246526638
10,0.5,0.8318172917119192,799.92,25,24,1.0,0.6579543229279798
11,0.45454545454545453,0.8042987567828321,714.2142857142857,28,24,0.0,0.47380196192298074
