K,dominant_ratio,balance_entropy,mean_segment_length,segment_count,meta_min_len,coherence,selection_score
6,0.5,0.8921443654583103,1333.2,15,24,1.0,0.6730360913645775
7,0.42857142857142855,0.8763801095552967,869.4782608695652,23,24,0.2508361204013379,0.513863302591882
8,0.375,0.8382955638278969,740.6666666666666,27,24,0.04273504273504274,0.4409841473672306
9,0.3333333333333333,0.7938284717940397,714.2142857142857,28,24,0.0,0.3984571179485099
10,0.3,0.7938284717940397,714.2142857142857,28,24,0.0,0.3784571179485099
