K,dominant_ratio,balance_entropy,mean_segment_length,segment_count,meta_min_len,coherence,selection_score
7,0.2857142857142857,0.7929370405663965,1052.5263157894738,19,24,1.0,0.5196628315701706
9,0.4444444444444444,0.781822747128548,869.4782608695652,23,24,0.0,0.4621223534488037
10,0.4,0.7802918506149119,869.4782608695652,23,24,0.0,0.43507296265372797
8,0.25,0.781822747128548,869.4782608695652,23,24,0.0,0.345455686782137
