K,dominant_ratio,balance_entropy,mean_segment_length,segment_count,meta_min_len,coherence,selection_score
8,0.5,0.8798100444026175,799.92,25,24,1.0,0.6699525111006543
9,0.4444444444444444,0.8391868856594957,799.92,25,24,1.0,0.6264633880815406
10,0.4,0.8391052722236001,799.92,25,24,1.0,0.5997763180559
