K,dominant_ratio,balance_entropy,mean_segment_length,segment_count,meta_min_len,coherence,selection_score
7,0.42857142857142855,0.868753910946151,909.0,22,24,1.0,0.6243313348793949
8,0.5,0.8358904721150487,769.1538461538462,26,24,0.4700854700854702,0.5794854385415826
9,0.4444444444444444,0.8358904721150487,769.1538461538462,26,24,0.4700854700854702,0.5461521052082493
10,0.4,0.822553835482847,645.0967741935484,31,24,0.0,0.44563845887071174
