K,dominant_ratio,balance_entropy,mean_segment_length,segment_count,meta_min_len,coherence,selection_score
8,0.625,0.8041458742075277,769.1538461538462,26,24,1.0,0.726036468551882
9,0.5555555555555556,0.8052471606731334,645.0967741935484,31,24,0.1397849462365593,0.5556128654371005
7,0.2857142857142857,0.8542342608362149,769.1538461538462,26,24,1.0,0.5349871366376251
10,0.5,0.7737876320889883,645.0967741935484,31,24,0.1397849462365593,0.5144146499577309
11,0.45454545454545453,0.7529438682034965,624.9375,32,24,0.0,0.4609632397781468
12,0.4166666666666667,0.7304080784034572,624.9375,32,24,0.0,0.4326020196008643
