K,dominant_ratio,balance_entropy,mean_segment_length,segment_count,meta_min_len,coherence,selection_score
7,0.5714285714285714,0.8403191653664203,909.0,22,24,1.0,0.7029369341987479
8,0.5,0.8363374717325586,769.1538461538462,26,24,0.5384615384615385,0.5898535987023704
9,0.4444444444444444,0.8111369726393843,714.2142857142857,28,24,0.357142857142857,0.5230223383979413
10,0.5,0.8015716396198722,606.0,33,24,0.0,0.500392909904968
11,0.45454545454545453,0.7733897582645323,606.0,33,24,0.0,0.4660747122934058
12,0.4166666666666667,0.7732953176160031,606.0,33,24,0.0,0.4433238294040008
