K,dominant_ratio,balance_entropy,mean_segment_length,segment_count,meta_min_len,coherence,selection_score
8,0.5,0.8918595033081025,571.3714285714286,35,24,1.0,0.6729648758270256
9,0.4444444444444444,0.8918595033081025,571.3714285714286,35,24,1.0,0.6396315424936923
11,0.45454545454545453,0.8510354220422747,571.3714285714286,35,24,1.0,0.6354861282378413
12,0.4166666666666667,0.8271013965621936,571.3714285714286,35,24,1.0,0.6067753491405484
10,0.4,0.8549146575161262,571.3714285714286,35,24,1.0,0.6037286643790315
