K,dominant_ratio,balance_entropy,mean_segment_length,segment_count,meta_min_len,coherence,selection_score
8,0.625,0.8438610405573495,769.1538461538462,26,24,1.0,0.7359652601393374
9,0.5555555555555556,0.8052034124468649,769.1538461538462,26,24,1.0,0.6846341864450496
13,0.38461538461538464,0.7720380722238634,740.6666666666666,27,24,0.48148148148148096,0.49600097104741875
10,0.5,0.7749199009966327,714.2142857142857,28,24,0.0,0.4937299752491582
11,0.45454545454545453,0.7753792691342789,714.2142857142857,28,24,0.0,0.46657209001084243
12,0.4166666666666667,0.7760041723129707,714.2142857142857,28,24,0.0,0.4440010430782427
