K,dominant_ratio,balance_entropy,mean_segment_length,segment_count,meta_min_len,coherence,selection_score
9,0.3333333333333333,0.7643789731281164,833.25,24,24,1.0,0.5410947432820291
10,0.5,0.7392128239191689,799.92,25,24,0.0,0.4848032059797922
11,0.45454545454545453,0.7389354019647492,799.92,25,24,0.0,0.45746112321846
12,0.4166666666666667,0.7389354019647492,799.92,25,24,0.0,0.4347338504911873
8,0.375,0.803269825629696,799.92,25,24,0.0,0.42581745640742397
7,0.2857142857142857,0.8526672678529909,799.92,25,24,0.0,0.3845953883918191
