K,dominant_ratio,balance_entropy,mean_segment_length,segment_count,meta_min_len,coherence,selection_score
7,0.5714285714285714,0.870939941680508,740.6666666666666,27,24,1.0,0.7105921282772698
11,0.45454545454545453,0.8420142849431348,689.5862068965517,29,24,0.31034482758620713,0.5297825681009874
8,0.5,0.8462235773146947,666.6,30,24,0.0,0.5115558943286737
10,0.4,0.8422585285000322,689.5862068965517,29,24,0.31034482758620713,0.49711635626293915
9,0.4444444444444444,0.8463514682029376,666.6,30,24,0.0,0.47825453371740106
