K,dominant_ratio,balance_entropy,mean_segment_length,segment_count,meta_min_len,coherence,selection_score
7,0.42857142857142855,0.8759341898653485,1052.5263157894738,19,24,1.0,0.6261264046091942
8,0.5,0.8391142197628219,909.0,22,24,0.43181818181818177,0.5745512822134327
9,0.4444444444444444,0.8064252202440971,799.92,25,24,0.0,0.46827297172769095
10,0.4,0.8064252202440971,799.92,25,24,0.0,0.4416063050610243
