K,dominant_ratio,balance_entropy,mean_segment_length,segment_count,meta_min_len,coherence,selection_score
7,0.7142857142857143,0.8769900162503145,799.92,25,24,1.0,0.7978189326340072
8,0.625,0.8526845285385489,689.5862068965517,29,24,0.4310344827586209,0.6528263045484304
9,0.5555555555555556,0.8410829706919004,606.0,33,24,0.0,0.5436040760063084
10,0.5,0.8407384810918355,606.0,33,24,0.0,0.5101846202729589
11,0.45454545454545453,0.8407384810918355,606.0,33,24,0.0,0.4829118930002316
12,0.4166666666666667,0.8406420144396308,606.0,33,24,0.0,0.4601605036099077
13,0.38461538461538464,0.8405485464544198,606.0,33,24,0.0,0.44090636738283573
