K,dominant_ratio,balance_entropy,mean_segment_length,segment_count,meta_min_len,coherence,selection_score
7,0.42857142857142855,0.8887536426821575,833.25,24,24,1.0,0.6293312678133965
8,0.375,0.8890419618769639,833.25,24,24,1.0,0.597260490469241
10,0.4,0.8264091118224939,833.25,24,24,1.0,0.5966022779556235
9,0.3333333333333333,0.8887179103550955,833.25,24,24,1.0,0.5721794775887739
11,0.36363636363636365,0.7941208483938195,769.1538461538462,26,24,0.3076923076923084,0.4628658764341193
12,0.4166666666666667,0.7615825262100555,740.6666666666666,27,24,0.0,0.4403956315525139
