K,dominant_ratio,balance_entropy,mean_segment_length,segment_count,meta_min_len,coherence,selection_score
7,0.5714285714285714,0.8240827020736988,952.2857142857143,21,24,1.0,0.6988778183755675
8,0.5,0.8273142240981761,769.1538461538462,26,24,0.4711538461538462,0.5775016329476209
9,0.4444444444444444,0.7990597607530849,714.2142857142857,28,24,0.31249999999999983,0.5133066068549379
10,0.4,0.7922776540419454,645.0967741935484,31,24,0.11290322580645167,0.4550048973814541
12,0.4166666666666667,0.7841948272841152,606.0,33,24,0.0,0.4460487068210288
13,0.38461538461538464,0.7840312200651466,606.0,33,24,0.0,0.4267770357855174
11,0.36363636363636365,0.7842520183831077,606.0,33,24,0.0,0.4142448227775951
14,0.35714285714285715,0.757864028483795,606.0,33,24,0.0,0.40375172140666304
