K,dominant_ratio,balance_entropy,mean_segment_length,segment_count,meta_min_len,coherence,selection_score
7,0.5714285714285714,0.8353580845016689,952.2857142857143,21,24,1.0,0.70169666398256
10,0.5,0.7646496650037193,833.25,24,24,0.4375,0.5567874162509299
8,0.5,0.8094633727935198,799.92,25,24,0.27999999999999986,0.5443658431983799
9,0.4444444444444444,0.7645549976044681,833.25,24,24,0.4375,0.5234304160677837
11,0.45454545454545453,0.7414256556810236,740.6666666666666,27,24,0.0,0.45808368664752863
