K,dominant_ratio,balance_entropy,mean_segment_length,segment_count,meta_min_len,coherence,selection_score
6,0.3333333333333333,0.8887236708728271,689.5862068965517,29,24,1.0,0.5721809177182068
7,0.42857142857142855,0.8552276981141844,606.0,33,24,0.0,0.4709497816714032
8,0.375,0.8552276981141844,606.0,33,24,0.0,0.4388069245285461
9,0.3333333333333333,0.8054378061317573,606.0,33,24,0.0,0.4013594515329393
