K,dominant_ratio,balance_entropy,mean_segment_length,segment_count,meta_min_len,coherence,selection_score
8,0.625,0.8447134917385595,689.5862068965517,29,24,1.0,0.73617837293464
11,0.45454545454545453,0.8079599299044996,666.6,30,24,0.6444444444444446,0.5713839218700643
10,0.5,0.8115645758172082,645.0967741935484,31,24,0.3118279569892476,0.5496653375026892
9,0.5555555555555556,0.8186499841816101,624.9375,32,24,0.0,0.5379958293787358
