K,dominant_ratio,balance_entropy,mean_segment_length,segment_count,meta_min_len,coherence,selection_score
7,0.5714285714285714,0.7834418674499218,1111.0,18,24,1.0,0.6887176097196233
8,0.5,0.7945926390511124,799.92,25,24,0.15999999999999998,0.5226481597627781
9,0.4444444444444444,0.7707928879768624,740.6666666666666,27,24,0.0,0.45936488866088226
12,0.4166666666666667,0.73283840242178,769.1538461538462,26,24,0.07692307692307711,0.44474806214390655
10,0.4,0.7707990395683568,740.6666666666666,27,24,0.0,0.4326997598920892
11,0.36363636363636365,0.73283840242178,769.1538461538462,26,24,0.07692307692307711,0.4129298803257247
