K,dominant_ratio,balance_entropy,mean_segment_length,segment_count,meta_min_len,coherence,selection_score
8,0.5,0.8142541525588743,769.1538461538462,26,24,1.0,0.6535635381397186
9,0.4444444444444444,0.7750486683190294,769.1538461538462,26,24,1.0,0.610428833746424
10,0.4,0.7498916763735302,740.6666666666666,27,24,0.0,0.42747291909338253
11,0.36363636363636365,0.7495872140908902,740.6666666666666,27,24,0.0,0.40557862170454073
12,0.3333333333333333,0.7495872140908902,740.6666666666666,27,24,0.0,0.38739680352272254
13,0.3076923076923077,0.7495872140908902,740.6666666666666,27,24,0.0,0.3720121881381072
