K,dominant_ratio,balance_entropy,mean_segment_length,segment_count,meta_min_len,coherence,selection_score
6,0.5,0.9505964383604079,666.6,30,24,1.0,0.687649109590102
8,0.5,0.8900174068962191,645.0967741935484,31,24,0.48387096774193583,0.5950849968853451
9,0.4444444444444444,0.8900174068962191,645.0967741935484,31,24,0.48387096774193583,0.5617516635520118
7,0.42857142857142855,0.8900174068962191,645.0967741935484,31,24,0.48387096774193583,0.5522278540282023
10,0.4,0.8461239280806039,645.0967741935484,31,24,0.48387096774193583,0.5241116271814413
11,0.45454545454545453,0.8099503796376737,624.9375,32,24,0.0,0.47521486763669113
