K,dominant_ratio,balance_entropy,mean_segment_length,segment_count,meta_min_len,coherence,selection_score
7,0.42857142857142855,0.8458004073290639,952.2857142857143,21,24,1.0,0.6185929589751231
8,0.375,0.833396495656704,799.92,25,24,0.16799999999999957,0.45854912391417596
11,0.36363636363636365,0.7674322007170631,769.1538461538462,26,24,0.0,0.41003986836108397
9,0.3333333333333333,0.7978875175094482,769.1538461538462,26,24,0.0,0.39947187937736206
10,0.3,0.797494762001188,769.1538461538462,26,24,0.0,0.379373690500297
