K,dominant_ratio,balance_entropy,mean_segment_length,segment_count,meta_min_len,coherence,selection_score
8,0.5,0.8758235360720326,869.4782608695652,23,24,1.0,0.6689558840180082
7,0.42857142857142855,0.8758235360720326,869.4782608695652,23,24,1.0,0.6260987411608653
9,0.4444444444444444,0.8365670610992888,769.1538461538462,26,24,0.22115384615384662,0.5089815088645658
10,0.4,0.7941207688671233,740.6666666666666,27,24,0.0,0.4385301922167808
