expert_name,n_videos,total_sec,correct_sec,accuracy,macro_f1,weighted_f1,skipped_total_sec
expertD,4,2220.184632999989,1753.4850659999893,0.7897924523649281,0.7765687886846484,0.7881699106115247,384.8845009999996
