class,support_sec,precision,recall,f1
自然讲授,1013.8461689999929,0.8062768891422888,0.8573309211764645,0.8310205131330891
侧向讲授,581.2806979999976,0.6998134352556405,0.6459445433022089,0.6718008394308369
板书书写,625.0577659999982,0.840165283970861,0.8140180454937337,0.8268850134900191
