expert_name,video_id,total_sec,correct_sec,accuracy,macro_f1,weighted_f1
expertD,32/32,561.360795,395.7953950000002,0.7050641913815876,0.708097527099497,0.7076823076811407
expertD,38/38,710.342968,617.3834350000001,0.8691342954210818,0.5929473930213387,0.8479141319702082
expertD,39/39,617.4501670000002,480.3799009999999,0.7780059455389211,0.7714724215428341,0.7756840251862925
expertD,51/51,331.03070300000013,259.9263350000002,0.7852031024445492,0.8212052608626875,0.7818108490737105
