K,dominant_ratio,balance_entropy,mean_segment_length,segment_count,meta_min_len,coherence,selection_score
13,0.38461538461538464,0.6777251552528705,2333.9523809523807,21,24,1.0,0.5502005195824484
14,0.35714285714285715,0.6777351743769955,1960.52,25,24,0.7107692307692309,0.4903348924953478
15,0.3333333333333333,0.6595185909151455,1960.52,25,24,0.7107692307692309,0.471495032344171
16,0.375,0.754551800699863,1166.9761904761904,42,24,0.09615384615384616,0.42806102709804267
19,0.3684210526315789,0.766196239395064,1042.8297872340424,47,24,0.0,0.41260169142771336
17,0.35294117647058826,0.766196239395064,1042.8297872340424,47,24,0.0,0.40331376573111893
20,0.35,0.766196239395064,1042.8297872340424,47,24,0.0,0.401549059848766
18,0.3333333333333333,0.766196239395064,1042.8297872340424,47,24,0.0,0.391549059848766
