K,dominant_ratio,balance_entropy,mean_segment_length,segment_count,meta_min_len,coherence,selection_score
20,0.5,0.8998842098752192,2404.7391304347825,23,24,1.0,0.6749710524688048
19,0.42105263157894735,0.8667939237590325,2404.7391304347825,23,24,1.0,0.6193300598871265
17,0.4117647058823529,0.8670893765537929,2304.5416666666665,24,24,0.7666666666666664,0.5788311676678599
18,0.3888888888888889,0.8670893765537929,2304.5416666666665,24,24,0.7666666666666664,0.5651056774717815
12,0.3333333333333333,0.870723901081906,2127.269230769231,26,24,0.3538461538461542,0.4707578983473996
13,0.3076923076923077,0.8441729361866108,2048.4814814814813,27,24,0.17037037037036978,0.4212141742175928
14,0.35714285714285715,0.8274602734978987,1975.3214285714287,28,24,0.0,0.42115078266018896
16,0.3125,0.8269445219327334,2048.4814814814813,27,24,0.17037037037036978,0.4197916860387388
15,0.3333333333333333,0.8274602734978987,1975.3214285714287,28,24,0.0,0.40686506837447467
