K,dominant_ratio,balance_entropy,mean_segment_length,segment_count,meta_min_len,coherence,selection_score
12,0.5,0.885233368593838,3740.0714285714284,14,24,1.0,0.6713083421484595
15,0.5333333333333333,0.8543952610640175,3272.5625,16,24,0.6250000000000001,0.6273488152660044
14,0.5,0.8543952610640175,3272.5625,16,24,0.6250000000000001,0.6073488152660044
16,0.5,0.8657786350411626,3080.0588235294117,17,24,0.4705882352941177,0.5870328940544083
13,0.38461538461538464,0.8819944016919259,3490.733333333333,15,24,0.7999999999999999,0.5712678311922122
19,0.47368421052631576,0.855285108736418,2493.3809523809523,21,24,0.0,0.49803180349989395
20,0.45,0.855285108736418,2493.3809523809523,21,24,0.0,0.4838212771841045
18,0.4444444444444444,0.855257280335647,2493.3809523809523,21,24,0.0,0.4804809867505784
17,0.4117647058823529,0.855257280335647,2493.3809523809523,21,24,0.0,0.4608731436133235
