K,dominant_ratio,balance_entropy,mean_segment_length,segment_count,meta_min_len,coherence,selection_score
11,0.5454545454545454,0.9155693099000676,1831.0,28,24,1.0,0.7061650547477442
12,0.5,0.9155693099000676,1831.0,28,24,1.0,0.6788923274750169
19,0.3684210526315789,0.8713771100465004,1831.0,28,24,1.0,0.5888969090905725
13,0.5384615384615384,0.876879355790612,1708.9333333333334,30,24,0.0,0.542296762024576
14,0.5,0.8769962368647283,1708.9333333333334,30,24,0.0,0.519249059216182
15,0.4666666666666667,0.8769962368647283,1708.9333333333334,30,24,0.0,0.499249059216182
16,0.4375,0.8769962368647283,1708.9333333333334,30,24,0.0,0.48174905921618205
17,0.4117647058823529,0.8769830623490515,1708.9333333333334,30,24,0.0,0.4663045891166746
18,0.3888888888888889,0.8768780401253732,1708.9333333333334,30,24,0.0,0.4525528433646766
