K,dominant_ratio,balance_entropy,mean_segment_length,segment_count,meta_min_len,coherence,selection_score
14,0.5,0.8399988541145532,4017.9285714285716,14,24,1.0,0.6599997135286383
15,0.4666666666666667,0.8399988541145532,4017.9285714285716,14,24,1.0,0.6399997135286383
13,0.46153846153846156,0.8399988541145532,4017.9285714285716,14,24,1.0,0.6369227904517153
16,0.4375,0.8584935007260366,3750.0666666666666,15,24,0.6999999999999998,0.5821233751815091
20,0.45,0.8675180829781545,3515.6875,16,24,0.4374999999999999,0.5525045207445386
18,0.5,0.8690618129923334,3125.0555555555557,18,24,0.0,0.5172654532480834
19,0.47368421052631576,0.8690618129923334,3125.0555555555557,18,24,0.0,0.5014759795638728
17,0.4117647058823529,0.8690618129923334,3125.0555555555557,18,24,0.0,0.4643242767774951
