K,dominant_ratio,balance_entropy,mean_segment_length,segment_count,meta_min_len,coherence,selection_score
14,0.35714285714285715,0.818131032232192,1785.8,30,24,1.0,0.5688184723437623
15,0.3333333333333333,0.818131032232192,1785.8,30,24,1.0,0.554532758058048
16,0.3125,0.818131032232192,1785.8,30,24,1.0,0.542032758058048
17,0.29411764705882354,0.818131032232192,1785.8,30,24,1.0,0.5310033462933421
18,0.2777777777777778,0.7990336478826597,1728.1935483870968,31,24,0.6451612903225811,0.46319927218571877
19,0.2631578947368421,0.7767973166035144,1674.1875,32,24,0.3124999999999999,0.3989690659929839
20,0.25,0.7561101329100636,1623.4545454545455,33,24,0.0,0.3390275332275159
