K,dominant_ratio,balance_entropy,mean_segment_length,segment_count,meta_min_len,coherence,selection_score
14,0.35714285714285715,0.7910003725827592,2253.25,24,24,1.0,0.5620358074314041
15,0.3333333333333333,0.7908171991085973,2253.25,24,24,1.0,0.5477042997771493
16,0.3125,0.7908171991085973,2253.25,24,24,1.0,0.5352042997771493
19,0.3157894736842105,0.7651046533628968,2002.888888888889,27,24,0.2222222222222222,0.41408318088458385
17,0.29411764705882354,0.7651046533628968,2002.888888888889,27,24,0.2222222222222222,0.40108008490935165
18,0.2777777777777778,0.7651046533628968,2002.888888888889,27,24,0.2222222222222222,0.3912761633407242
20,0.3,0.7469487715762584,1931.357142857143,28,24,0.0,0.3667371928940646
