K,dominant_ratio,balance_entropy,mean_segment_length,segment_count,meta_min_len,coherence,selection_score
11,0.36363636363636365,0.8060026214610426,3489.6,15,24,1.0,0.5696824735470788
12,0.3333333333333333,0.7934160637145518,3489.6,15,24,1.0,0.548354015928638
13,0.3076923076923077,0.7934160637145518,3489.6,15,24,1.0,0.5329694005440225
14,0.2857142857142857,0.7933063261570358,3489.6,15,24,1.0,0.5197551529678304
15,0.26666666666666666,0.7933063261570358,3489.6,15,24,1.0,0.5083265815392589
16,0.25,0.7930158880093173,3489.6,15,24,1.0,0.49825397200232935
17,0.23529411764705882,0.7841603720356796,3079.0588235294117,17,24,0.5294117647058825,0.41662832830303753
18,0.2222222222222222,0.7841603720356796,3079.0588235294117,17,24,0.5294117647058825,0.40878519104813554
19,0.3157894736842105,0.824567336073911,2617.2,20,24,0.0,0.39561551822900404
