K,dominant_ratio,balance_entropy,mean_segment_length,segment_count,meta_min_len,coherence,selection_score
13,0.46153846153846156,0.784205313922561,3324.6153846153848,13,24,1.0,0.6229744054037172
12,0.4166666666666667,0.784205313922561,3324.6153846153848,13,24,1.0,0.5960513284806402
11,0.36363636363636365,0.784205313922561,3324.6153846153848,13,24,1.0,0.5642331466624584
10,0.3,0.784205313922561,3324.6153846153848,13,24,1.0,0.5260513284806403
14,0.35714285714285715,0.7678331760848995,2542.3529411764707,17,24,0.32773109243697485,0.4554036721724854
15,0.4,0.797595310079032,2274.7368421052633,19,24,0.09774436090225579,0.4540604816550964
16,0.375,0.7972822451994193,2274.7368421052633,19,24,0.09774436090225579,0.43898221543519317
17,0.35294117647058826,0.7972822451994193,2274.7368421052633,19,24,0.09774436090225579,0.4257469213175461
18,0.3333333333333333,0.7959357308190307,2161.0,20,24,0.0,0.3989839327047576
