K,dominant_ratio,balance_entropy,mean_segment_length,segment_count,meta_min_len,coherence,selection_score
12,0.3333333333333333,0.8071014391593174,1666.875,24,24,1.0,0.5517753597898294
13,0.3076923076923077,0.8071014391593174,1666.875,24,24,1.0,0.536390744405214
14,0.35714285714285715,0.7806587430278769,1538.6538461538462,26,24,0.5538461538461538,0.49252732311960656
16,0.375,0.7616440961777181,1428.75,28,24,0.17142857142857112,0.4411253097587152
17,0.35294117647058826,0.7616440961777181,1428.75,28,24,0.17142857142857112,0.42789001564106816
15,0.3333333333333333,0.7616717561157782,1428.75,28,24,0.17142857142857112,0.4161322247432302
18,0.3333333333333333,0.7616440961777181,1428.75,28,24,0.17142857142857112,0.4161253097587152
19,0.3157894736842105,0.7437412418543176,1379.4827586206898,29,24,0.0,0.3754089946741057
20,0.3,0.7437412418543176,1379.4827586206898,29,24,0.0,0.3659353104635794
