K,dominant_ratio,balance_entropy,mean_segment_length,segment_count,meta_min_len,coherence,selection_score
9,0.5555555555555556,0.874710541216466,3756.090909090909,11,24,1.0,0.7020109686374498
10,0.5,0.874710541216466,3756.090909090909,11,24,1.0,0.6686776353041165
11,0.45454545454545453,0.8740360405674018,3178.230769230769,13,24,0.4230769230769229,0.5546978213306616
12,0.4166666666666667,0.8740360405674018,3178.230769230769,13,24,0.4230769230769229,0.5319705486033889
13,0.38461538461538464,0.8460691867662111,2754.4666666666667,15,24,0.0,0.44228652746078356
17,0.35294117647058826,0.8661659264916751,2754.4666666666667,15,24,0.0,0.4283061875052717
14,0.35714285714285715,0.8460691867662111,2754.4666666666667,15,24,0.0,0.425803010977267
15,0.3333333333333333,0.8460691867662111,2754.4666666666667,15,24,0.0,0.4115172966915528
16,0.3125,0.8460691867662111,2754.4666666666667,15,24,0.0,0.3990172966915528
