K,dominant_ratio,balance_entropy,mean_segment_length,segment_count,meta_min_len,coherence,selection_score
10,0.5,0.8628574663580064,3992.1,10,24,1.0,0.6657143665895017
11,0.45454545454545453,0.8229406903302141,3629.181818181818,11,24,0.8080808080808081,0.5996745665219474
12,0.4166666666666667,0.7969507259720834,2661.4,15,24,0.29629629629629645,0.4936821259374653
13,0.38461538461538464,0.7969507259720834,2661.4,15,24,0.29629629629629645,0.4744513567066961
14,0.35714285714285715,0.7970311786913402,2661.4,15,24,0.29629629629629645,0.45798795340299375
15,0.3333333333333333,0.8185024994758473,2348.294117647059,17,24,0.1307189542483662,0.42423346800621675
16,0.375,0.7942655576033568,2101.1052631578946,19,24,0.0,0.4235663894008392
17,0.35294117647058826,0.7942655576033568,2101.1052631578946,19,24,0.0,0.4103310952831921
18,0.3333333333333333,0.7942655576033568,2101.1052631578946,19,24,0.0,0.3985663894008392
