K,dominant_ratio,balance_entropy,mean_segment_length,segment_count,meta_min_len,coherence,selection_score
9,0.4444444444444444,0.786098070358336,3187.3,10,24,1.0,0.6131911842562506
10,0.4,0.786098070358336,3187.3,10,24,1.0,0.586524517589584
11,0.36363636363636365,0.786098070358336,3187.3,10,24,1.0,0.5647063357714022
12,0.3333333333333333,0.8180878240264213,2656.0833333333335,12,24,0.5,0.47952195600660535
15,0.4,0.8549944864557536,2124.866666666667,15,24,0.0,0.45374862161393836
13,0.38461538461538464,0.8549944864557536,2124.866666666667,15,24,0.0,0.4445178523831692
16,0.375,0.8549944864557536,2124.866666666667,15,24,0.0,0.43874862161393835
14,0.35714285714285715,0.8549944864557536,2124.866666666667,15,24,0.0,0.4280343358996527
17,0.35294117647058826,0.8549944864557536,2124.866666666667,15,24,0.0,0.42551332749629134
