K,dominant_ratio,balance_entropy,mean_segment_length,segment_count,meta_min_len,coherence,selection_score
9,0.4444444444444444,0.8598459008504212,3356.5555555555557,9,24,1.0,0.631628141879272
10,0.4,0.8600762278091939,3356.5555555555557,9,24,1.0,0.6050190569522985
11,0.36363636363636365,0.8160195543269182,3020.9,10,24,0.75,0.5346867067635477
12,0.3333333333333333,0.7930640994511657,2517.4166666666665,12,24,0.37499999999999983,0.45451602486279136
13,0.3076923076923077,0.7922201909883299,2517.4166666666665,12,24,0.37499999999999983,0.4389204323624671
16,0.375,0.8216379808736007,2013.9333333333334,15,24,0.0,0.43040949521840016
15,0.3333333333333333,0.8236316864502276,2157.785714285714,14,24,0.10714285714285704,0.4219793501839854
17,0.35294117647058826,0.8217702049140904,2013.9333333333334,15,24,0.0,0.41720725711087553
14,0.2857142857142857,0.8234271623987968,2157.785714285714,14,24,0.10714285714285704,0.39335679059969914
