K,dominant_ratio,balance_entropy,mean_segment_length,segment_count,meta_min_len,coherence,selection_score
9,0.3333333333333333,0.737662918046064,2339.8333333333335,12,24,1.0,0.534415729511516
10,0.3,0.7743056879816221,2159.846153846154,13,24,0.769230769230769,0.4889610373800209
11,0.2727272727272727,0.7590618174310654,1871.8666666666666,15,24,0.39999999999999974,0.4134018179941299
16,0.3125,0.8102326083054059,1651.6470588235295,17,24,0.11764705882352948,0.4077052108998809
12,0.25,0.758999549094538,1871.8666666666666,15,24,0.39999999999999974,0.3997498872736345
14,0.2857142857142857,0.7394878822674249,1754.875,16,24,0.24999999999999992,0.3938005419954276
15,0.26666666666666666,0.7394878822674249,1754.875,16,24,0.24999999999999992,0.38237197056685623
17,0.29411764705882354,0.7914027190929189,1559.888888888889,18,24,0.0,0.37432126800852383
13,0.23076923076923078,0.7394878822674249,1754.875,16,24,0.24999999999999992,0.36083350902839467
