K,dominant_ratio,balance_entropy,mean_segment_length,segment_count,meta_min_len,coherence,selection_score
9,0.5555555555555556,0.8946249130779337,2921.7272727272725,11,24,1.0,0.7069895616028168
10,0.5,0.8946249130779337,2921.7272727272725,11,24,1.0,0.6736562282694835
11,0.45454545454545453,0.857112637448301,2921.7272727272725,11,24,1.0,0.637005432089348
12,0.4166666666666667,0.8342718318631497,2472.230769230769,13,24,0.5076923076923077,0.5347218041196335
14,0.42857142857142855,0.8647151779313754,2295.6428571428573,14,24,0.31428571428571456,0.5204645087685581
13,0.38461538461538464,0.8341278977724201,2472.230769230769,13,24,0.5076923076923077,0.515455051366182
15,0.4,0.865034372410235,2295.6428571428573,14,24,0.31428571428571456,0.5034014502454159
16,0.375,0.8694250544952404,2008.6875,16,24,0.0,0.4423562636238101
17,0.35294117647058826,0.8694250544952404,2008.6875,16,24,0.0,0.4291209695061631
