K,dominant_ratio,balance_entropy,mean_segment_length,segment_count,meta_min_len,coherence,selection_score
9,0.5555555555555556,0.821155203606812,2270.2,15,24,1.0,0.6886221342350364
10,0.5,0.821155203606812,2270.2,15,24,1.0,0.655288800901703
13,0.46153846153846156,0.8661854612790539,2270.2,15,24,1.0,0.6434694422428404
11,0.45454545454545453,0.821155203606812,2270.2,15,24,1.0,0.6280160736289757
14,0.42857142857142855,0.8661854612790539,2270.2,15,24,1.0,0.6236892224626206
12,0.4166666666666667,0.8210569997513448,2270.2,15,24,1.0,0.6052642499378362
15,0.4,0.8352512536264695,2270.2,15,24,1.0,0.5988128134066174
16,0.375,0.8352512536264695,2270.2,15,24,1.0,0.5838128134066174
17,0.35294117647058826,0.8396597516318781,1621.5714285714287,21,24,0.0,0.42167964379032247
