K,dominant_ratio,balance_entropy,mean_segment_length,segment_count,meta_min_len,coherence,selection_score
10,0.4,0.7947349497875045,1804.5,16,24,1.0,0.5886837374468761
11,0.36363636363636365,0.7715324470227115,1698.3529411764705,17,24,0.4705882352941172,0.4816531652316136
12,0.3333333333333333,0.7474653525528482,1604.0,18,24,0.0,0.38686633813821203
15,0.3333333333333333,0.7474653525528482,1604.0,18,24,0.0,0.38686633813821203
16,0.3125,0.7469916351580362,1604.0,18,24,0.0,0.3742479087895091
13,0.3076923076923077,0.7474653525528482,1604.0,18,24,0.0,0.3714817227535967
17,0.29411764705882354,0.7469573172617903,1604.0,18,24,0.0,0.3632099175507417
14,0.2857142857142857,0.7474653525528482,1604.0,18,24,0.0,0.35829490956678345
18,0.2777777777777778,0.7476656843771897,1604.0,18,24,0.0,0.3535830877609641
