K,dominant_ratio,balance_entropy,mean_segment_length,segment_count,meta_min_len,coherence,selection_score
10,0.5,0.842087888128635,2584.6363636363635,11,24,1.0,0.6605219720321588
11,0.45454545454545453,0.8122644103076554,2369.25,12,24,0.8148148148148149,0.5980155975264088
12,0.4166666666666667,0.8122644103076554,2369.25,12,24,0.8148148148148149,0.575288324799136
13,0.38461538461538464,0.7906134093672084,2187.0,13,24,0.6581196581196582,0.5271405318289816
15,0.4,0.8201198840513005,2030.7857142857142,14,24,0.5238095238095238,0.5236013995842537
14,0.35714285714285715,0.7899766376316377,2187.0,13,24,0.6581196581196582,0.5104978224115724
16,0.375,0.8201198840513005,2030.7857142857142,14,24,0.5238095238095238,0.5086013995842538
17,0.4117647058823529,0.8616044724714543,1496.3684210526317,19,24,0.06432748538011708,0.4721090644542929
18,0.3888888888888889,0.8443987982812783,1421.55,20,24,0.0,0.4444330329036529
