K,dominant_ratio,balance_entropy,mean_segment_length,segment_count,meta_min_len,coherence,selection_score
10,0.4,0.8136605690015005,3233.1428571428573,14,24,1.0,0.5934151422503752
11,0.45454545454545453,0.8765114324410228,2662.5882352941176,17,24,0.32941176470588224,0.5412668955434108
16,0.4375,0.8432495004589444,2382.315789473684,19,24,0.0,0.4733123751147361
12,0.4166666666666667,0.8432615687973858,2382.315789473684,19,24,0.0,0.4608153921993464
17,0.4117647058823529,0.8432495004589444,2382.315789473684,19,24,0.0,0.4578711986441478
15,0.4,0.8432270854415282,2382.315789473684,19,24,0.0,0.45080677136038205
18,0.3888888888888889,0.8432495004589444,2382.315789473684,19,24,0.0,0.44414570844806944
13,0.38461538461538464,0.8432270854415282,2382.315789473684,19,24,0.0,0.44157600212961284
14,0.35714285714285715,0.8432270854415282,2382.315789473684,19,24,0.0,0.42509248564609636
