K,dominant_ratio,balance_entropy,mean_segment_length,segment_count,meta_min_len,coherence,selection_score
12,0.4166666666666667,0.8970155800281443,3963.3846153846152,13,24,1.0,0.6242538950070361
16,0.4375,0.8651902025225343,3680.285714285714,14,24,0.7428571428571429,0.590226122059205
14,0.42857142857142855,0.8651902025225343,3680.285714285714,14,24,0.7428571428571429,0.5848689792020622
17,0.4117647058823529,0.8651902025225343,3680.285714285714,14,24,0.7428571428571429,0.5747849455886167
18,0.5,0.8954500772030087,3220.25,16,24,0.3250000000000001,0.5726125193007523
15,0.4,0.8651902025225343,3680.285714285714,14,24,0.7428571428571429,0.567726122059205
13,0.38461538461538464,0.8651902025225343,3680.285714285714,14,24,0.7428571428571429,0.5584953528284358
19,0.47368421052631576,0.8718672294484003,2862.4444444444443,18,24,0.0,0.5021773336778895
20,0.45,0.8718896750770668,2862.4444444444443,18,24,0.0,0.4879724187692667
