K,dominant_ratio,balance_entropy,mean_segment_length,segment_count,meta_min_len,coherence,selection_score
12,0.4166666666666667,0.8909972437623399,4266.5,12,24,1.0,0.6227493109405849
13,0.38461538461538464,0.8908597497290145,4266.5,12,24,1.0,0.6034841682014844
16,0.375,0.8908597497290145,4266.5,12,24,1.0,0.5977149374322536
19,0.3684210526315789,0.8908597497290145,4266.5,12,24,1.0,0.593767569011201
14,0.35714285714285715,0.8908597497290145,4266.5,12,24,1.0,0.5870006517179679
17,0.35294117647058826,0.8908597497290145,4266.5,12,24,1.0,0.5844796433146066
15,0.3333333333333333,0.8908597497290145,4266.5,12,24,1.0,0.5727149374322537
18,0.3333333333333333,0.8908597497290145,4266.5,12,24,1.0,0.5727149374322537
20,0.4,0.9294662872293592,3413.2,15,24,0.0,0.47236657180733976
