K,dominant_ratio,balance_entropy,mean_segment_length,segment_count,meta_min_len,coherence,selection_score
12,0.5,0.9031234530138584,4746.0,11,24,1.0,0.6757808632534646
20,0.45,0.9016668291777281,4350.5,12,24,0.0,0.49541670729443205
18,0.4444444444444444,0.9016668291777281,4350.5,12,24,0.0,0.4920833739610987
16,0.4375,0.9020761423328849,4350.5,12,24,0.0,0.48801903558322124
14,0.42857142857142855,0.9021632213041882,4350.5,12,24,0.0,0.48268366246890415
19,0.42105263157894735,0.9016668291777281,4350.5,12,24,0.0,0.4780482862418004
17,0.4117647058823529,0.9016399121072732,4350.5,12,24,0.0,0.47246880155623006
15,0.4,0.9020761423328849,4350.5,12,24,0.0,0.4655190355832212
13,0.38461538461538464,0.9021815160085547,4350.5,12,24,0.0,0.45631460977136945
