K,dominant_threshold,dominant_count,dominant_ratio,balance_entropy,mean_segment_length,segment_count,coherence,selection_score
16,0.0625,5,0.3125,0.6974226332640604,169.87719298245614,57,1.0,0.5118556583160151
17,0.058823529411764705,5,0.29411764705882354,0.6980958295899707,169.87719298245614,57,1.0,0.5009945456327868
18,0.05555555555555555,5,0.2777777777777778,0.6794521594368681,166.94827586206895,58,0.9400299850074961,0.4775342042770081
19,0.05263157894736842,6,0.3157894736842105,0.7472280897184993,125.75324675324676,77,0.0965556182947489,0.39076404938436343
20,0.05,6,0.3,0.7545067768197669,121.0375,80,0.0,0.3686266942049417
