K,dominant_threshold,dominant_count,dominant_ratio,balance_entropy,mean_segment_length,segment_count,coherence,selection_score
17,0.058823529411764705,7,0.4117647058823529,0.8082201124779893,98.82608695652173,69,1.0,0.5991138516489091
20,0.05,8,0.4,0.8082201124779893,98.82608695652173,69,1.0,0.5920550281194973
18,0.05555555555555555,7,0.3888888888888889,0.8082201124779893,98.82608695652173,69,1.0,0.5853883614528307
16,0.0625,6,0.375,0.8082201124779893,98.82608695652173,69,1.0,0.5770550281194973
19,0.05263157894736842,7,0.3684210526315789,0.8082201124779893,98.82608695652173,69,1.0,0.5731076596984447
