expert_name,n_videos,total_sec,correct_sec,accuracy,macro_f1,weighted_f1,skipped_total_sec
expertB,4,2225.1896329999868,1975.9740019999867,0.8880025201879046,0.8796364346778311,0.8875363330831963,378.87850099999963
