class,support_sec,precision,recall,f1
自然讲授,1084.7503329999918,0.9127206629779446,0.9112888375577932,0.9120041882850412
侧向讲授,559.8592989999975,0.8366293622975234,0.8017760262297607,0.8188319816660277
板书书写,580.5800009999977,0.8893112896251572,0.9276436788596856,0.9080731340824247
