expert_name,video_id,total_sec,correct_sec,accuracy,macro_f1,weighted_f1
expertB,32/32,562.3617950000001,462.8290300000002,0.8230093760192229,0.8258408048728486,0.8244963407022167
expertB,38/38,708.340968,661.9946700000002,0.9345706374560566,0.6293685909093402,0.9241537336796635
expertB,39/39,623.4561670000002,535.6350999999999,0.859138345807717,0.862807849889338,0.8573908548785698
expertB,51/51,331.03070300000013,315.51520200000016,0.9531297222300253,0.9545714027794722,0.9529321934766456
