K,dominant_ratio,balance_entropy,mean_segment_length,segment_count,meta_min_len,coherence,selection_score
17,0.5294117647058824,0.9573646974781427,3730.7014925373132,67,24,1.0,0.7069882331930651
18,0.6111111111111112,0.9798161879338667,3377.7972972972975,74,24,0.0,0.6116207136501334
19,0.5789473684210527,0.9798418161234915,3377.7972972972975,74,24,0.0,0.5923288750835045
20,0.55,0.9798418161234915,3377.7972972972975,74,24,0.0,0.5749604540308729
