K,selected_by_rule,ARI,NMI,n_pred_states,segments,dominant_ratio,balance_entropy,mean_segment_length,segment_count_raw,coherence,selection_score,meta_min_len,branch_select_metric,meta_vote_weight_mode,selected_branch_names
17,1,0.6779209672340999,0.8109743510682381,12,67,0.5294117647058824,0.9573646974781427,3730.7014925373132,67,1.0,0.7069882331930651,24,PID,pid_weight,PAMAP2_alt64_b21_w176_s29|PAMAP2_alt64_b28_w192_s96|PAMAP2_alt64_b29_w208_s35|PAMAP2_alt64_b31_w208_s78|PAMAP2_alt64_b40_w240_s120|PAMAP2_alt64_b42_w256_s64|PAMAP2_alt64_b44_w256_s128|PAMAP2_alt64_b45_w272_s45|PAMAP2_alt64_b49_w288_s48|PAMAP2_alt64_b53_w304_s51|PAMAP2_alt64_b54_w304_s76|PAMAP2_alt64_b55_w304_s114|PAMAP2_alt64_b56_w304_s152|PAMAP2_alt64_b57_w320_s53|PAMAP2_alt64_b58_w320_s80|PAMAP2_alt64_b62_w336_s84
18,0,0.7619383317550139,0.8380435598943647,13,74,0.6111111111111112,0.9798161879338667,3377.7972972972975,74,0.0,0.6116207136501334,24,PID,pid_weight,PAMAP2_alt64_b21_w176_s29|PAMAP2_alt64_b28_w192_s96|PAMAP2_alt64_b29_w208_s35|PAMAP2_alt64_b31_w208_s78|PAMAP2_alt64_b40_w240_s120|PAMAP2_alt64_b42_w256_s64|PAMAP2_alt64_b44_w256_s128|PAMAP2_alt64_b45_w272_s45|PAMAP2_alt64_b49_w288_s48|PAMAP2_alt64_b53_w304_s51|PAMAP2_alt64_b54_w304_s76|PAMAP2_alt64_b55_w304_s114|PAMAP2_alt64_b56_w304_s152|PAMAP2_alt64_b57_w320_s53|PAMAP2_alt64_b58_w320_s80|PAMAP2_alt64_b62_w336_s84
19,0,0.7616276125950647,0.8376730781979262,13,74,0.5789473684210527,0.9798418161234915,3377.7972972972975,74,0.0,0.5923288750835045,24,PID,pid_weight,PAMAP2_alt64_b21_w176_s29|PAMAP2_alt64_b28_w192_s96|PAMAP2_alt64_b29_w208_s35|PAMAP2_alt64_b31_w208_s78|PAMAP2_alt64_b40_w240_s120|PAMAP2_alt64_b42_w256_s64|PAMAP2_alt64_b44_w256_s128|PAMAP2_alt64_b45_w272_s45|PAMAP2_alt64_b49_w288_s48|PAMAP2_alt64_b53_w304_s51|PAMAP2_alt64_b54_w304_s76|PAMAP2_alt64_b55_w304_s114|PAMAP2_alt64_b56_w304_s152|PAMAP2_alt64_b57_w320_s53|PAMAP2_alt64_b58_w320_s80|PAMAP2_alt64_b62_w336_s84
20,0,0.7616276125950647,0.8376730781979262,13,74,0.55,0.9798418161234915,3377.7972972972975,74,0.0,0.5749604540308729,24,PID,pid_weight,PAMAP2_alt64_b21_w176_s29|PAMAP2_alt64_b28_w192_s96|PAMAP2_alt64_b29_w208_s35|PAMAP2_alt64_b31_w208_s78|PAMAP2_alt64_b40_w240_s120|PAMAP2_alt64_b42_w256_s64|PAMAP2_alt64_b44_w256_s128|PAMAP2_alt64_b45_w272_s45|PAMAP2_alt64_b49_w288_s48|PAMAP2_alt64_b53_w304_s51|PAMAP2_alt64_b54_w304_s76|PAMAP2_alt64_b55_w304_s114|PAMAP2_alt64_b56_w304_s152|PAMAP2_alt64_b57_w320_s53|PAMAP2_alt64_b58_w320_s80|PAMAP2_alt64_b62_w336_s84
