K,dominant_ratio,balance_entropy,mean_segment_length,segment_count,meta_min_len,coherence,selection_score
18,0.4444444444444444,0.9264163814654731,1791.4897959183672,147,24,1.0,0.6482707620330349
17,0.4117647058823529,0.9264163814654731,1791.4897959183672,147,24,1.0,0.6286629188957801
20,0.45,0.9259814526167431,1755.66,150,24,0.0,0.5014953631541859
19,0.42105263157894735,0.9259814526167431,1755.66,150,24,0.0,0.48412694210155416
