K,dominant_ratio,balance_entropy,mean_segment_length,segment_count,meta_min_len,coherence,selection_score
20,0.45,0.897015197029883,2421.3611111111113,72,24,1.0,0.6442537992574707
19,0.42105263157894735,0.9279090125348095,2421.3611111111113,72,24,1.0,0.6346088320810708
17,0.4117647058823529,0.9279090125348095,2421.3611111111113,72,24,1.0,0.6290360766631141
18,0.3888888888888889,0.9279090125348095,2421.3611111111113,72,24,1.0,0.6153105864670357
