K,dominant_ratio,balance_entropy,mean_segment_length,segment_count,meta_min_len,coherence,selection_score
18,0.3888888888888889,0.9094426897146873,1513.5666666666666,180,24,1.0,0.6106940057620052
20,0.4,0.9096651434785706,1496.934065934066,182,24,0.0,0.4674162858696427
19,0.3684210526315789,0.9094396958026285,1496.934065934066,182,24,0.0,0.44841255552960446
