K,selected_by_rule,ARI,NMI,n_pred_states,segments,dominant_ratio,balance_entropy,mean_segment_length,segment_count_raw,coherence,selection_score,meta_min_len,branch_select_metric,meta_vote_weight_mode,selected_branch_names
18,1,0.5677807350319524,0.7294280720051786,16,180,0.3888888888888889,0.9094426897146873,1513.5666666666666,180,1.0,0.6106940057620052,24,PID,pid_weight,PAMAP2_alt64_b24_w176_s88|PAMAP2_alt64_b26_w192_s48|PAMAP2_alt64_b27_w192_s72|PAMAP2_alt64_b30_w208_s52|PAMAP2_alt64_b38_w240_s60|PAMAP2_alt64_b40_w240_s120|PAMAP2_alt64_b46_w272_s68|PAMAP2_alt64_b47_w272_s102|PAMAP2_alt64_b49_w288_s48|PAMAP2_alt64_b50_w288_s72|PAMAP2_alt64_b51_w288_s108|PAMAP2_alt64_b55_w304_s114|PAMAP2_alt64_b56_w304_s152|PAMAP2_alt64_b57_w320_s53|PAMAP2_alt64_b59_w320_s120|PAMAP2_alt64_b63_w336_s126
19,0,0.5675853974244196,0.729330084629351,16,182,0.3684210526315789,0.9094396958026285,1496.934065934066,182,0.0,0.44841255552960446,24,PID,pid_weight,PAMAP2_alt64_b24_w176_s88|PAMAP2_alt64_b26_w192_s48|PAMAP2_alt64_b27_w192_s72|PAMAP2_alt64_b30_w208_s52|PAMAP2_alt64_b38_w240_s60|PAMAP2_alt64_b40_w240_s120|PAMAP2_alt64_b46_w272_s68|PAMAP2_alt64_b47_w272_s102|PAMAP2_alt64_b49_w288_s48|PAMAP2_alt64_b50_w288_s72|PAMAP2_alt64_b51_w288_s108|PAMAP2_alt64_b55_w304_s114|PAMAP2_alt64_b56_w304_s152|PAMAP2_alt64_b57_w320_s53|PAMAP2_alt64_b59_w320_s120|PAMAP2_alt64_b63_w336_s126
20,0,0.5678153541629112,0.7299875913045802,16,182,0.4,0.9096651434785706,1496.934065934066,182,0.0,0.4674162858696427,24,PID,pid_weight,PAMAP2_alt64_b24_w176_s88|PAMAP2_alt64_b26_w192_s48|PAMAP2_alt64_b27_w192_s72|PAMAP2_alt64_b30_w208_s52|PAMAP2_alt64_b38_w240_s60|PAMAP2_alt64_b40_w240_s120|PAMAP2_alt64_b46_w272_s68|PAMAP2_alt64_b47_w272_s102|PAMAP2_alt64_b49_w288_s48|PAMAP2_alt64_b50_w288_s72|PAMAP2_alt64_b51_w288_s108|PAMAP2_alt64_b55_w304_s114|PAMAP2_alt64_b56_w304_s152|PAMAP2_alt64_b57_w320_s53|PAMAP2_alt64_b59_w320_s120|PAMAP2_alt64_b63_w336_s126
