K,dominant_ratio,balance_entropy,mean_segment_length,segment_count,meta_min_len,coherence,selection_score
15,0.4666666666666667,0.9253366347555011,2804.5301204819275,83,24,1.0,0.6613341586888752
16,0.5,0.9275975597830942,2706.6976744186045,86,24,0.7583056478405317,0.6456452371218533
17,0.47058823529411764,0.9275975597830942,2706.6976744186045,86,24,0.7583056478405317,0.6279981782983238
18,0.4444444444444444,0.912278127370576,2399.7525773195875,97,24,0.0,0.49473619850931067
19,0.42105263157894735,0.912278127370576,2399.7525773195875,97,24,0.0,0.4807011107900124
20,0.4,0.9123470774948578,2399.7525773195875,97,24,0.0,0.4680867693737144
