K,dominant_ratio,balance_entropy,mean_segment_length,segment_count,meta_min_len,coherence,selection_score
19,0.5263157894736842,0.9470147919858654,2404.605504587156,109,24,1.0,0.7025431716806768
20,0.55,0.9251450054903702,2361.2792792792793,111,24,0.0,0.5612862513725926
