K,selected_by_rule,ARI,NMI,n_pred_states,segments,dominant_ratio,balance_entropy,mean_segment_length,segment_count_raw,coherence,selection_score,meta_min_len,branch_select_metric,meta_vote_weight_mode,selected_branch_names
19,1,0.7296219015630445,0.8144019770761423,15,109,0.5263157894736842,0.9470147919858654,2404.605504587156,109,1.0,0.7025431716806768,24,PID,pid_weight,PAMAP2_alt64_b16_w144_s72|PAMAP2_alt64_b17_w160_s27|PAMAP2_alt64_b20_w160_s80|PAMAP2_alt64_b24_w176_s88|PAMAP2_alt64_b28_w192_s96|PAMAP2_alt64_b30_w208_s52|PAMAP2_alt64_b32_w208_s104|PAMAP2_alt64_b33_w224_s37|PAMAP2_alt64_b34_w224_s56|PAMAP2_alt64_b39_w240_s90|PAMAP2_alt64_b43_w256_s96|PAMAP2_alt64_b45_w272_s45|PAMAP2_alt64_b52_w288_s144|PAMAP2_alt64_b57_w320_s53|PAMAP2_alt64_b58_w320_s80|PAMAP2_alt64_b62_w336_s84
20,0,0.7296158048719694,0.8143332708278261,16,111,0.55,0.9251450054903702,2361.2792792792793,111,0.0,0.5612862513725926,24,PID,pid_weight,PAMAP2_alt64_b16_w144_s72|PAMAP2_alt64_b17_w160_s27|PAMAP2_alt64_b20_w160_s80|PAMAP2_alt64_b24_w176_s88|PAMAP2_alt64_b28_w192_s96|PAMAP2_alt64_b30_w208_s52|PAMAP2_alt64_b32_w208_s104|PAMAP2_alt64_b33_w224_s37|PAMAP2_alt64_b34_w224_s56|PAMAP2_alt64_b39_w240_s90|PAMAP2_alt64_b43_w256_s96|PAMAP2_alt64_b45_w272_s45|PAMAP2_alt64_b52_w288_s144|PAMAP2_alt64_b57_w320_s53|PAMAP2_alt64_b58_w320_s80|PAMAP2_alt64_b62_w336_s84
