K,selected_by_rule,ARI,NMI,n_pred_states,segments,dominant_ratio,balance_entropy,mean_segment_length,segment_count_raw,coherence,selection_score,meta_min_len,branch_select_metric,meta_vote_weight_mode,selected_branch_names
17,0,0.626391819889235,0.7916425996517,15,147,0.4117647058823529,0.9264163814654731,1791.4897959183672,147,1.0,0.6286629188957801,24,PID,pid_weight,PAMAP2_alt64_b16_w144_s72|PAMAP2_alt64_b24_w176_s88|PAMAP2_alt64_b28_w192_s96|PAMAP2_alt64_b36_w224_s112|PAMAP2_alt64_b39_w240_s90|PAMAP2_alt64_b40_w240_s120|PAMAP2_alt64_b41_w256_s50|PAMAP2_alt64_b42_w256_s64|PAMAP2_alt64_b43_w256_s96|PAMAP2_alt64_b44_w256_s128|PAMAP2_alt64_b46_w272_s68|PAMAP2_alt64_b47_w272_s102|PAMAP2_alt64_b54_w304_s76|PAMAP2_alt64_b55_w304_s114|PAMAP2_alt64_b62_w336_s84|PAMAP2_alt64_b63_w336_s126
18,1,0.626391819889235,0.7916425996517,15,147,0.4444444444444444,0.9264163814654731,1791.4897959183672,147,1.0,0.6482707620330349,24,PID,pid_weight,PAMAP2_alt64_b16_w144_s72|PAMAP2_alt64_b24_w176_s88|PAMAP2_alt64_b28_w192_s96|PAMAP2_alt64_b36_w224_s112|PAMAP2_alt64_b39_w240_s90|PAMAP2_alt64_b40_w240_s120|PAMAP2_alt64_b41_w256_s50|PAMAP2_alt64_b42_w256_s64|PAMAP2_alt64_b43_w256_s96|PAMAP2_alt64_b44_w256_s128|PAMAP2_alt64_b46_w272_s68|PAMAP2_alt64_b47_w272_s102|PAMAP2_alt64_b54_w304_s76|PAMAP2_alt64_b55_w304_s114|PAMAP2_alt64_b62_w336_s84|PAMAP2_alt64_b63_w336_s126
19,0,0.6252062149547752,0.790810025867535,15,150,0.42105263157894735,0.9259814526167431,1755.66,150,0.0,0.48412694210155416,24,PID,pid_weight,PAMAP2_alt64_b16_w144_s72|PAMAP2_alt64_b24_w176_s88|PAMAP2_alt64_b28_w192_s96|PAMAP2_alt64_b36_w224_s112|PAMAP2_alt64_b39_w240_s90|PAMAP2_alt64_b40_w240_s120|PAMAP2_alt64_b41_w256_s50|PAMAP2_alt64_b42_w256_s64|PAMAP2_alt64_b43_w256_s96|PAMAP2_alt64_b44_w256_s128|PAMAP2_alt64_b46_w272_s68|PAMAP2_alt64_b47_w272_s102|PAMAP2_alt64_b54_w304_s76|PAMAP2_alt64_b55_w304_s114|PAMAP2_alt64_b62_w336_s84|PAMAP2_alt64_b63_w336_s126
20,0,0.6252062149547752,0.790810025867535,15,150,0.45,0.9259814526167431,1755.66,150,0.0,0.5014953631541859,24,PID,pid_weight,PAMAP2_alt64_b16_w144_s72|PAMAP2_alt64_b24_w176_s88|PAMAP2_alt64_b28_w192_s96|PAMAP2_alt64_b36_w224_s112|PAMAP2_alt64_b39_w240_s90|PAMAP2_alt64_b40_w240_s120|PAMAP2_alt64_b41_w256_s50|PAMAP2_alt64_b42_w256_s64|PAMAP2_alt64_b43_w256_s96|PAMAP2_alt64_b44_w256_s128|PAMAP2_alt64_b46_w272_s68|PAMAP2_alt64_b47_w272_s102|PAMAP2_alt64_b54_w304_s76|PAMAP2_alt64_b55_w304_s114|PAMAP2_alt64_b62_w336_s84|PAMAP2_alt64_b63_w336_s126
