K,selected_by_rule,ARI,NMI,n_pred_states,segments,dominant_ratio,balance_entropy,mean_segment_length,segment_count_raw,coherence,selection_score,meta_min_len,branch_select_metric,meta_vote_weight_mode,selected_branch_names
17,0,0.7441140178227794,0.8050807170558633,11,72,0.4117647058823529,0.9279090125348095,2421.3611111111113,72,1.0,0.6290360766631141,24,PID,pid_weight,PAMAP2_alt64_b20_w160_s80|PAMAP2_alt64_b21_w176_s29|PAMAP2_alt64_b25_w192_s32|PAMAP2_alt64_b36_w224_s112|PAMAP2_alt64_b39_w240_s90|PAMAP2_alt64_b40_w240_s120|PAMAP2_alt64_b44_w256_s128|PAMAP2_alt64_b45_w272_s45|PAMAP2_alt64_b47_w272_s102|PAMAP2_alt64_b51_w288_s108|PAMAP2_alt64_b53_w304_s51|PAMAP2_alt64_b54_w304_s76|PAMAP2_alt64_b58_w320_s80|PAMAP2_alt64_b61_w336_s56|PAMAP2_alt64_b62_w336_s84|PAMAP2_alt64_b63_w336_s126
18,0,0.7441140178227794,0.8050807170558633,11,72,0.3888888888888889,0.9279090125348095,2421.3611111111113,72,1.0,0.6153105864670357,24,PID,pid_weight,PAMAP2_alt64_b20_w160_s80|PAMAP2_alt64_b21_w176_s29|PAMAP2_alt64_b25_w192_s32|PAMAP2_alt64_b36_w224_s112|PAMAP2_alt64_b39_w240_s90|PAMAP2_alt64_b40_w240_s120|PAMAP2_alt64_b44_w256_s128|PAMAP2_alt64_b45_w272_s45|PAMAP2_alt64_b47_w272_s102|PAMAP2_alt64_b51_w288_s108|PAMAP2_alt64_b53_w304_s51|PAMAP2_alt64_b54_w304_s76|PAMAP2_alt64_b58_w320_s80|PAMAP2_alt64_b61_w336_s56|PAMAP2_alt64_b62_w336_s84|PAMAP2_alt64_b63_w336_s126
19,0,0.7441140178227794,0.8050807170558633,11,72,0.42105263157894735,0.9279090125348095,2421.3611111111113,72,1.0,0.6346088320810708,24,PID,pid_weight,PAMAP2_alt64_b20_w160_s80|PAMAP2_alt64_b21_w176_s29|PAMAP2_alt64_b25_w192_s32|PAMAP2_alt64_b36_w224_s112|PAMAP2_alt64_b39_w240_s90|PAMAP2_alt64_b40_w240_s120|PAMAP2_alt64_b44_w256_s128|PAMAP2_alt64_b45_w272_s45|PAMAP2_alt64_b47_w272_s102|PAMAP2_alt64_b51_w288_s108|PAMAP2_alt64_b53_w304_s51|PAMAP2_alt64_b54_w304_s76|PAMAP2_alt64_b58_w320_s80|PAMAP2_alt64_b61_w336_s56|PAMAP2_alt64_b62_w336_s84|PAMAP2_alt64_b63_w336_s126
20,1,0.7442184340829837,0.8059522695121095,12,72,0.45,0.897015197029883,2421.3611111111113,72,1.0,0.6442537992574707,24,PID,pid_weight,PAMAP2_alt64_b20_w160_s80|PAMAP2_alt64_b21_w176_s29|PAMAP2_alt64_b25_w192_s32|PAMAP2_alt64_b36_w224_s112|PAMAP2_alt64_b39_w240_s90|PAMAP2_alt64_b40_w240_s120|PAMAP2_alt64_b44_w256_s128|PAMAP2_alt64_b45_w272_s45|PAMAP2_alt64_b47_w272_s102|PAMAP2_alt64_b51_w288_s108|PAMAP2_alt64_b53_w304_s51|PAMAP2_alt64_b54_w304_s76|PAMAP2_alt64_b58_w320_s80|PAMAP2_alt64_b61_w336_s56|PAMAP2_alt64_b62_w336_s84|PAMAP2_alt64_b63_w336_s126
