K,dominant_ratio,balance_entropy,mean_segment_length,segment_count,meta_min_len,coherence,selection_score
18,0.5555555555555556,0.9496640234731297,1740.0075187969924,133,24,1.0,0.7207493392016158
19,0.5263157894736842,0.9496640234731297,1740.0075187969924,133,24,1.0,0.703205479552493
20,0.5,0.9496640234731297,1740.0075187969924,133,24,1.0,0.6874160058682824
17,0.47058823529411764,0.9496640234731297,1740.0075187969924,133,24,1.0,0.6697689470447531
