K,dominant_ratio,balance_entropy,mean_segment_length,segment_count,meta_min_len,coherence,selection_score
16,0.4375,0.8688744996324933,2748.3076923076924,91,24,1.0,0.6297186249081234
17,0.4117647058823529,0.8685753851038477,2748.3076923076924,91,24,1.0,0.6142026698053736
18,0.4444444444444444,0.9020122125817269,1534.3312883435583,163,24,0.007647701487519955,0.49331687503522637
19,0.42105263157894735,0.9020122125817269,1534.3312883435583,163,24,0.007647701487519955,0.4792817873159281
20,0.4,0.9021385434650269,1524.9756097560976,164,24,0.0,0.4655346358662567
