algorithm,dataset,case_id,rows,features,true_states,pred_states,ARI,NMI,fit_seconds_shared,predict_seconds,win_size,step,m,n,out_channels,nb_steps,feature_mode,remove_zero,train_case,protocol
Time2State,PAMAP2_zero,101,249957,52,12,18,0.6393513370405756,0.7616892021492906,9.963579177856445,2.200207233428955,512,100,20,4,4,20,full_sensor,1,101,fit_subject101_predict_selected_subjects
Time2State,PAMAP2_zero,102,263349,52,12,20,0.5980178655437879,0.7313359144080221,9.963579177856445,2.410998582839966,512,100,20,4,4,20,full_sensor,1,101,fit_subject101_predict_selected_subjects
Time2State,PAMAP2_zero,103,174338,52,8,18,0.4980703675117655,0.6513527586528665,9.963579177856445,1.580409049987793,512,100,20,4,4,20,full_sensor,1,101,fit_subject101_predict_selected_subjects
Time2State,PAMAP2_zero,104,231421,52,11,18,0.6198101339066536,0.7288115263966037,9.963579177856445,2.0735363960266113,512,100,20,4,4,20,full_sensor,1,101,fit_subject101_predict_selected_subjects
Time2State,PAMAP2_zero,105,272442,52,12,20,0.44065371935591335,0.6335132507283815,9.963579177856445,2.360659599304199,512,100,20,4,4,20,full_sensor,1,101,fit_subject101_predict_selected_subjects
Time2State,PAMAP2_zero,106,250096,52,12,19,0.4937009382872806,0.6724193432407971,9.963579177856445,2.3834526538848877,512,100,20,4,4,20,full_sensor,1,101,fit_subject101_predict_selected_subjects
Time2State,PAMAP2_zero,107,232776,52,11,16,0.6374492471374295,0.7323094988461801,9.963579177856445,1.9595215320587158,512,100,20,4,4,20,full_sensor,1,101,fit_subject101_predict_selected_subjects
Time2State,PAMAP2_zero,108,262102,52,12,20,0.4622947440949986,0.6749383357197484,9.963579177856445,2.1119794845581055,512,100,20,4,4,20,full_sensor,1,101,fit_subject101_predict_selected_subjects
