dataset,case_count,mean_ARI,mean_NMI,mean_pred_states,mean_segments,total_seconds
MoCap,9,0.8270322392643004,0.8210294299393819,7.111111111111111,12.666666666666666,2223.182065963745
