K,dominant_threshold,dominant_count,dominant_ratio,balance_entropy,mean_segment_length,segment_count,coherence,selection_score
9,0.1111111111111111,4,0.4444444444444444,0.7673009655317148,82.32142857142857,28,1.0,0.6084919080495954
10,0.1,4,0.4,0.7673009655317148,82.32142857142857,28,1.0,0.5818252413829287
8,0.125,3,0.375,0.7830279133488613,82.32142857142857,28,1.0,0.5707569783372153
11,0.09090909090909091,4,0.36363636363636365,0.7673009655317148,82.32142857142857,28,1.0,0.5600070595647468
12,0.08333333333333333,4,0.3333333333333333,0.7673009655317148,82.32142857142857,28,1.0,0.5418252413829286
15,0.06666666666666667,4,0.26666666666666666,0.7635420483651452,79.48275862068965,29,0.0,0.35088551209128627
13,0.07692307692307693,3,0.23076923076923078,0.7635420483651452,79.48275862068965,29,0.0,0.32934705055282476
14,0.07142857142857142,3,0.21428571428571427,0.7635420483651452,79.48275862068965,29,0.0,0.31945694066271485
