K,dominant_ratio,balance_entropy,mean_segment_length,segment_count,meta_min_len,coherence,selection_score
19,0.47368421052631576,0.9598845608898792,3520.521126760563,71,24,1.0,0.6741816665382593
17,0.5294117647058824,0.9659984611176937,3424.068493150685,73,24,0.48630136986301303,0.6320918795824048
20,0.5,0.964876501583774,3377.7972972972975,74,24,0.23986486486486536,0.5771988551256734
18,0.5,0.9660204267719286,3332.76,75,24,0.0,0.5415051066929821
