K,dominant_ratio,balance_entropy,mean_segment_length,segment_count,meta_min_len,coherence,selection_score
20,0.45,0.9164372468069634,1980.0676691729323,133,24,1.0,0.6491093117017409
18,0.3888888888888889,0.9162821448982226,1965.2910447761194,134,24,0.0,0.462403869557889
19,0.3684210526315789,0.9162821448982226,1965.2910447761194,134,24,0.0,0.45012316780350303
17,0.35294117647058826,0.9162821448982226,1965.2910447761194,134,24,0.0,0.4408352421069086
