K,dominant_ratio,balance_entropy,mean_segment_length,segment_count,meta_min_len,coherence,selection_score
15,0.4666666666666667,0.8728096689448557,2490.542857142857,70,24,1.0,0.6482024172362139
16,0.4375,0.8432761815419917,2490.542857142857,70,24,1.0,0.623319045385498
14,0.35714285714285715,0.872790518904719,2490.542857142857,70,24,1.0,0.582483344011894
17,0.4117647058823529,0.8305425102315945,2421.3611111111113,72,24,0.7561728395061741,0.5681203770132365
18,0.3888888888888889,0.83060311324824,2388.1917808219177,73,24,0.6392694063926944,0.5368745226042975
19,0.3684210526315789,0.8513727911836151,2206.8101265822784,79,24,0.0,0.43389582937485116
20,0.35,0.8513727911836151,2206.8101265822784,79,24,0.0,0.42284319779590374
