K,dominant_ratio,balance_entropy,mean_segment_length,segment_count,meta_min_len,coherence,selection_score
16,0.5,0.9051650722594572,1977.957264957265,117,24,1.0,0.6762912680648643
17,0.5882352941176471,0.9269734668884118,1574.2925170068027,147,24,0.24062648315140012,0.6207785156654013
18,0.6111111111111112,0.931028893016131,1483.4679487179487,156,24,0.06976744186046531,0.6098890061997692
19,0.5789473684210527,0.931028893016131,1483.4679487179487,156,24,0.06976744186046531,0.5905907605857341
20,0.55,0.9286306540935191,1446.38125,160,24,0.0,0.5621576635233798
