K,dominant_ratio,balance_entropy,mean_segment_length,segment_count,meta_min_len,coherence,selection_score
18,0.6111111111111112,0.9280268718314106,1047.8538461538462,260,24,1.0,0.7486733846245194
19,0.631578947368421,0.9345120714020146,1012.7955390334572,269,24,0.5087067110154556,0.6888813929238746
20,0.65,0.9431500249700766,976.494623655914,279,24,0.0,0.6257875062425191
