K,selected_by_rule,ARI,NMI,n_pred_states,segments,dominant_ratio,balance_entropy,mean_segment_length,segment_count_raw,coherence,selection_score,meta_min_len,branch_select_metric,meta_vote_weight_mode,selected_branch_names
18,1,0.46940158046471736,0.6186726918489881,16,260,0.6111111111111112,0.9280268718314106,1047.8538461538462,260,1.0,0.7486733846245194,24,PEER,branch_reliability,PAMAP2_alt64_b12_w128_s64|PAMAP2_alt64_b24_w176_s88|PAMAP2_alt64_b26_w192_s48|PAMAP2_alt64_b27_w192_s72|PAMAP2_alt64_b40_w240_s120|PAMAP2_alt64_b45_w272_s45|PAMAP2_alt64_b46_w272_s68|PAMAP2_alt64_b47_w272_s102|PAMAP2_alt64_b49_w288_s48|PAMAP2_alt64_b50_w288_s72|PAMAP2_alt64_b56_w304_s152|PAMAP2_alt64_b57_w320_s53|PAMAP2_alt64_b60_w320_s160|PAMAP2_alt64_b61_w336_s56|PAMAP2_alt64_b62_w336_s84|PAMAP2_alt64_b64_w336_s168
19,0,0.48494195845816757,0.632271215875319,17,269,0.631578947368421,0.9345120714020146,1012.7955390334572,269,0.5087067110154556,0.6888813929238746,24,PEER,branch_reliability,PAMAP2_alt64_b12_w128_s64|PAMAP2_alt64_b24_w176_s88|PAMAP2_alt64_b26_w192_s48|PAMAP2_alt64_b27_w192_s72|PAMAP2_alt64_b40_w240_s120|PAMAP2_alt64_b45_w272_s45|PAMAP2_alt64_b46_w272_s68|PAMAP2_alt64_b47_w272_s102|PAMAP2_alt64_b49_w288_s48|PAMAP2_alt64_b50_w288_s72|PAMAP2_alt64_b56_w304_s152|PAMAP2_alt64_b57_w320_s53|PAMAP2_alt64_b60_w320_s160|PAMAP2_alt64_b61_w336_s56|PAMAP2_alt64_b62_w336_s84|PAMAP2_alt64_b64_w336_s168
20,0,0.5014725955043909,0.6445136488786702,18,279,0.65,0.9431500249700766,976.494623655914,279,0.0,0.6257875062425191,24,PEER,branch_reliability,PAMAP2_alt64_b12_w128_s64|PAMAP2_alt64_b24_w176_s88|PAMAP2_alt64_b26_w192_s48|PAMAP2_alt64_b27_w192_s72|PAMAP2_alt64_b40_w240_s120|PAMAP2_alt64_b45_w272_s45|PAMAP2_alt64_b46_w272_s68|PAMAP2_alt64_b47_w272_s102|PAMAP2_alt64_b49_w288_s48|PAMAP2_alt64_b50_w288_s72|PAMAP2_alt64_b56_w304_s152|PAMAP2_alt64_b57_w320_s53|PAMAP2_alt64_b60_w320_s160|PAMAP2_alt64_b61_w336_s56|PAMAP2_alt64_b62_w336_s84|PAMAP2_alt64_b64_w336_s168
