K,dominant_ratio,balance_entropy,mean_segment_length,segment_count,meta_min_len,coherence,selection_score
16,0.5,0.8528966593937275,3572.8,70,24,1.0,0.6632241648484319
17,0.47058823529411764,0.8528966593937275,3572.8,70,24,1.0,0.6455771060249025
18,0.4444444444444444,0.8528966593937275,3572.8,70,24,1.0,0.6298908315150985
19,0.42105263157894735,0.8528966593937275,3572.8,70,24,1.0,0.6158557437958002
20,0.4,0.850182085956035,3290.7368421052633,76,24,0.0,0.45254552148900873
