K,dominant_ratio,balance_entropy,mean_segment_length,segment_count,meta_min_len,coherence,selection_score
16,0.5,0.925935789654255,3233.0,72,24,1.0,0.6814839474135638
15,0.4666666666666667,0.925935789654255,3233.0,72,24,1.0,0.6614839474135638
18,0.4444444444444444,0.8977379709464123,3233.0,72,24,1.0,0.6411011594032697
17,0.47058823529411764,0.898033863400075,3145.6216216216217,74,24,0.891891891891892,0.640645190810273
19,0.42105263157894735,0.9108941514611862,2450.2736842105264,95,24,0.031578947368421185,0.4850919589179281
20,0.4,0.9098205538036147,2424.75,96,24,0.0,0.4674551384509037
