K,dominant_ratio,balance_entropy,mean_segment_length,segment_count,meta_min_len,coherence,selection_score
18,0.5,0.8521576997659019,2319.4867256637167,113,24,1.0,0.6630394249414755
19,0.47368421052631576,0.8520892934443499,2279.1478260869567,115,24,0.0,0.497232849676877
20,0.45,0.8520892934443499,2279.1478260869567,115,24,0.0,0.4830223233610875
