algorithm,dataset,case_count,ARI_mean,NMI_mean,AMI_mean,covering_mean,f1_mean,seconds_sum
TICC,PAMAP2_zero,8,0.5918310686420505,0.7466671874900782,0.7459260838827316,0.5656983260971578,0.32156948050995127,6979.430647850037
TICC,ALL_DATASETS_EQUAL_CASE_WEIGHT,8,0.5918310686420505,0.7466671874900782,0.7459260838827316,0.5656983260971578,0.32156948050995127,6979.430647850037
