K,dominant_ratio,balance_entropy,mean_segment_length,segment_count,meta_min_len,coherence,selection_score
5,0.2,0.5513402306756141,593.2222222222222,9,0,1.0,0.4078350576689035
6,0.16666666666666666,0.5513402306756141,593.2222222222222,9,0,1.0,0.38783505766890347
7,0.14285714285714285,0.5513402306756141,593.2222222222222,9,0,1.0,0.37354934338318924
8,0.125,0.5513402306756141,593.2222222222222,9,0,1.0,0.36283505766890356
