K,dominant_ratio,balance_entropy,mean_segment_length,segment_count,meta_min_len,coherence,selection_score
4,0.5,0.9814963966881958,1095.0,8,0,0.0,0.5453740991720489
2,0.5,0.0,8760.0,1,0,1.0,0.44999999999999996
5,0.4,0.7725863164363957,1251.4285714285713,7,0,0.02040816326530611,0.4362078035988948
6,0.3333333333333333,0.7725863164363957,1251.4285714285713,7,0,0.02040816326530611,0.3962078035988948
3,0.3333333333333333,0.0,8760.0,1,0,1.0,0.35
