K,dominant_ratio,balance_entropy,mean_segment_length,segment_count,meta_min_len,coherence,selection_score
4,0.75,0.9950423207743854,285.57142857142856,7,0,1.0,0.8487605801935963
5,0.6,0.9950423207743854,285.57142857142856,7,0,1.0,0.7587605801935964
6,0.5,0.9950423207743854,285.57142857142856,7,0,1.0,0.6987605801935963
3,0.3333333333333333,0.9950423207743854,285.57142857142856,7,0,1.0,0.5987605801935963
