K,dominant_ratio,balance_entropy,mean_segment_length,segment_count,meta_min_len,coherence,selection_score
3,0.6666666666666666,0.8209306037985539,499.75,4,0,1.0,0.7552326509496384
4,0.5,0.8273851430123799,222.11111111111111,9,0,0.16666666666666666,0.531846285753095
7,0.42857142857142855,0.9099454838430296,166.58333333333334,12,0,0.0,0.48462922810361453
5,0.4,0.9003740167054509,166.58333333333334,12,0,0.0,0.46509350417636275
6,0.3333333333333333,0.9003740167054509,166.58333333333334,12,0,0.0,0.4250935041763627
