K,dominant_ratio,balance_entropy,mean_segment_length,segment_count,meta_min_len,coherence,selection_score
5,0.6,0.8647129015163363,2999.8333333333335,6,0,1.0,0.726178225379084
6,0.5,0.8647129015163363,2999.8333333333335,6,0,1.0,0.6661782253790841
7,0.42857142857142855,0.8251025858228083,1499.9166666666667,12,0,0.30000000000000004,0.5084185035985592
8,0.375,0.8575875941502574,857.0952380952381,21,0,0.0,0.43939689853756436
