K,dominant_ratio,balance_entropy,mean_segment_length,segment_count,meta_min_len,coherence,selection_score
3,0.6666666666666666,0.707299005721133,2086.4,5,0,1.0,0.7268247514302832
4,0.5,0.707299005721133,2086.4,5,0,1.0,0.6268247514302833
5,0.4,0.707299005721133,2086.4,5,0,1.0,0.5668247514302832
6,0.3333333333333333,0.7114645893739977,2086.4,5,0,1.0,0.5278661473434995
7,0.2857142857142857,0.7195075028628161,1738.6666666666667,6,0,0.0,0.3513054471442754
8,0.25,0.7272015035821726,1738.6666666666667,6,0,0.0,0.3318003758955431
