K,dominant_ratio,balance_entropy,mean_segment_length,segment_count,meta_min_len,coherence,selection_score
6,0.5,0.8689668320656156,2303.875,8,0,1.0,0.6672417080164039
7,0.42857142857142855,0.8689668320656156,2303.875,8,0,1.0,0.624384565159261
5,0.4,0.8689668320656156,2303.875,8,0,1.0,0.6072417080164039
8,0.375,0.8689668320656156,2303.875,8,0,1.0,0.5922417080164039
9,0.3333333333333333,0.7774382171225032,1151.9375,16,0,0.0,0.39435955428062575
