K,dominant_ratio,balance_entropy,mean_segment_length,segment_count,meta_min_len,coherence,selection_score
3,0.3333333333333333,0.4052312282273667,1566.3333333333333,3,0,1.0,0.4513078070568417
4,0.25,0.41117327245460666,1566.3333333333333,3,0,1.0,0.4027933181136517
5,0.2,0.4004599326393263,469.9,10,0,0.0,0.22011498315983158
6,0.16666666666666666,0.4004599326393263,469.9,10,0,0.0,0.20011498315983156
7,0.14285714285714285,0.3016522663697607,469.9,10,0,0.0,0.16112735230672587
8,0.125,0.3016522663697607,469.9,10,0,0.0,0.1504130665924402
