K,dominant_ratio,balance_entropy,mean_segment_length,segment_count,meta_min_len,coherence,selection_score
3,0.6666666666666666,0.8457639275431967,437.5,16,0,1.0,0.7614409818857991
5,0.4,0.7788360639807508,318.1818181818182,22,0,0.5289256198347108,0.5140478589703943
6,0.3333333333333333,0.7760873948348291,318.1818181818182,22,0,0.5289256198347108,0.47336069168391387
4,0.25,0.8580934579060784,318.1818181818182,22,0,0.5289256198347108,0.44386220745172617
8,0.375,0.8520623039315585,184.21052631578948,38,0,0.0,0.4380155759828896
7,0.2857142857142857,0.7309792039400119,304.3478260869565,23,0,0.47430830039525684,0.4253196174728629
9,0.3333333333333333,0.8520623039315585,184.21052631578948,38,0,0.0,0.4130155759828896
10,0.3,0.8517549937575081,184.21052631578948,38,0,0.0,0.39293874843937704
