K,dominant_ratio,balance_entropy,mean_segment_length,segment_count,meta_min_len,coherence,selection_score
7,0.7142857142857143,0.9730719311319586,256.4102564102564,39,0,0.571095571095571,0.7575037470187538
8,0.625,0.8810132095016461,285.7142857142857,35,0,1.0,0.7452533023754115
9,0.5555555555555556,0.8921547575279942,217.3913043478261,46,0,0.0,0.5563720227153319
6,0.3333333333333333,0.9730719311319586,256.4102564102564,39,0,0.571095571095571,0.5289323184473252
10,0.5,0.8922003226374545,217.3913043478261,46,0,0.0,0.5230500806593636
