K,dominant_ratio,balance_entropy,mean_segment_length,segment_count,meta_min_len,coherence,selection_score
4,0.25,0.6422047034783427,1545.4545454545455,11,0,1.0,0.4605511758695857
6,0.3333333333333333,0.5881141890449062,944.4444444444445,18,0,0.07638888888888895,0.3584868805945599
5,0.2,0.5913162621167422,1133.3333333333333,15,0,0.3666666666666666,0.3228290655291855
7,0.2857142857142857,0.5640550679127098,894.7368421052631,19,0,0.0,0.31244233840674884
8,0.25,0.5640518511448048,894.7368421052631,19,0,0.0,0.2910129627862012
9,0.2222222222222222,0.5640518511448048,894.7368421052631,19,0,0.0,0.27434629611953454
11,0.18181818181818182,0.5632562885014974,1000.0,17,0,0.16176470588235298,0.2741696870986364
10,0.2,0.5640518511448048,894.7368421052631,19,0,0.0,0.26101296278620123
