K,dominant_ratio,balance_entropy,mean_segment_length,segment_count,meta_min_len,coherence,selection_score
5,0.6,0.907745283792144,404.25531914893617,47,0,1.0,0.7369363209480361
6,0.5,0.7894494288500339,372.54901960784315,51,0,0.806372549019608,0.6183182395654496
7,0.42857142857142855,0.8146161902267887,275.3623188405797,69,0,0.21286231884057966,0.4927262525256412
8,0.375,0.8209286534540696,279.4117647058824,68,0,0.2375919117647061,0.4658709501282233
9,0.3333333333333333,0.7889895555866537,253.33333333333334,75,0,0.07833333333333346,0.4089973888966635
10,0.3,0.7887151648354762,253.33333333333334,75,0,0.07833333333333346,0.3889287912088691
11,0.2727272727272727,0.75272964737766,240.50632911392404,79,0,0.0,0.3518187754807786
