K,dominant_ratio,balance_entropy,mean_segment_length,segment_count,meta_min_len,coherence,selection_score
4,0.5,0.9544187435508888,348.1860465116279,43,0,1.0,0.6886046858877223
5,0.6,0.8919086790396779,267.35714285714283,56,0,0.398148148148148,0.6426993919821417
6,0.3333333333333333,0.8586155484524293,213.88571428571427,70,0,0.0,0.4146538871131073
