K,dominant_ratio,balance_entropy,mean_segment_length,segment_count,meta_min_len,coherence,selection_score
5,0.4,0.8178779695259646,287.9230769230769,52,0,1.0,0.5944694923814912
6,0.3333333333333333,0.7476890105383892,287.9230769230769,52,0,1.0,0.5369222526345973
9,0.3333333333333333,0.713221523228814,277.25925925925924,54,0,0.8712522045855379,0.5089932114950342
7,0.2857142857142857,0.7153042546125756,277.25925925925924,54,0,0.8712522045855379,0.48094246576954597
8,0.25,0.7153042546125756,277.25925925925924,54,0,0.8712522045855379,0.4595138943409746
11,0.2727272727272727,0.7771727717173353,216.9855072463768,69,0,0.14354727398205666,0.37946164766300594
10,0.3,0.7723911712191596,205.0958904109589,73,0,0.0,0.3730977928047899
