K,dominant_ratio,balance_entropy,mean_segment_length,segment_count,meta_min_len,coherence,selection_score
3,0.6666666666666666,0.9981299627938759,853.4444444444445,9,0,1.0,0.799532490698469
4,0.5,0.9981299627938759,853.4444444444445,9,0,1.0,0.699532490698469
5,0.4,0.9993014863164863,853.4444444444445,9,0,1.0,0.6398253715791216
6,0.3333333333333333,0.7449303560374074,768.1,10,0,0.0,0.38623258900935187
7,0.2857142857142857,0.7449303560374074,768.1,10,0,0.0,0.3576611604379233
8,0.25,0.7449303560374074,768.1,10,0,0.0,0.3362325890093518
