K,dominant_ratio,balance_entropy,mean_segment_length,segment_count,meta_min_len,coherence,selection_score
2,0.5,0.0,17520.0,1,0,1.0,0.44999999999999996
3,0.3333333333333333,0.0,17520.0,1,0,1.0,0.35
8,0.25,0.614303561649026,625.7142857142857,28,0,0.0,0.3035758904122565
9,0.2222222222222222,0.6142934781617426,673.8461538461538,26,0,0.00284900284900285,0.2873340533011194
10,0.2,0.6130712181784984,673.8461538461538,26,0,0.00284900284900285,0.27369515497197505
4,0.25,0.08708507922677163,3504.0,5,0,0.17037037037037037,0.19732682536224846
5,0.2,0.08708507922677163,3504.0,5,0,0.17037037037037037,0.16732682536224847
6,0.16666666666666666,0.16425485914767698,1946.6666666666667,9,0,0.07818930041152265,0.15279210984864763
7,0.14285714285714285,0.16425485914767698,1946.6666666666667,9,0,0.07818930041152265,0.13850639556293334
