K,dominant_ratio,balance_entropy,mean_segment_length,segment_count,meta_min_len,coherence,selection_score
6,0.3333333333333333,0.6813680746163715,973.3333333333334,18,0,0.0,0.3703420186540929
7,0.2857142857142857,0.5734737777804547,1095.0,16,0,0.02499999999999999,0.31854701587368506
8,0.25,0.5734737777804547,1095.0,16,0,0.02499999999999999,0.29711844444511365
5,0.2,0.08109569454719653,5840.0,3,0,1.0,0.29027392363679916
