K,dominant_ratio,balance_entropy,mean_segment_length,segment_count,meta_min_len,coherence,selection_score
4,0.5,0.9931011435173829,500.57142857142856,35,0,0.0,0.5482752858793457
5,0.4,0.9931011435173829,500.57142857142856,35,0,0.0,0.4882752858793457
6,0.3333333333333333,0.9925076333252676,530.9090909090909,33,0,0.0017825311942958992,0.4483942880104612
3,0.3333333333333333,0.0,17520.0,1,0,1.0,0.35
