K,dominant_ratio,balance_entropy,mean_segment_length,segment_count,meta_min_len,coherence,selection_score
4,0.25,0.7235593982512282,529.0833333333334,24,0,0.9343750000000002,0.4710460995628071
8,0.375,0.8574654706187743,208.1639344262295,61,0,0.01885245901639346,0.44219423650715256
5,0.2,0.7235593982512282,529.0833333333334,24,0,0.9343750000000002,0.44104609956280705
6,0.16666666666666666,0.6280806643277514,552.0869565217391,23,0,1.0,0.4070201660819378
7,0.2857142857142857,0.8588416203726487,201.55555555555554,63,0,0.0,0.38613897652173357
