K,dominant_ratio,balance_entropy,mean_segment_length,segment_count,meta_min_len,coherence,selection_score
4,0.25,0.564045584647996,668.0909090909091,22,0,1.0,0.441011396161999
5,0.2,0.564045584647996,668.0909090909091,22,0,1.0,0.411011396161999
6,0.3333333333333333,0.763952792953157,299.9591836734694,49,0,0.04489795918367354,0.3977228921158403
7,0.2857142857142857,0.7628639147751185,299.9591836734694,49,0,0.04489795918367354,0.3688792439999021
8,0.25,0.7521361178153011,282.65384615384613,52,0,0.0,0.33803402945382527
9,0.2222222222222222,0.7521361178153011,282.65384615384613,52,0,0.0,0.3213673627871586
