K,dominant_ratio,balance_entropy,mean_segment_length,segment_count,meta_min_len,coherence,selection_score
3,0.3333333333333333,0.0,10999.0,1,0,1.0,0.35
8,0.25,0.6707308370132276,268.2682926829268,41,0,0.0,0.3176827092533069
9,0.2222222222222222,0.6732842724505651,268.2682926829268,41,0,0.0,0.3016544014459746
4,0.25,0.0,10999.0,1,0,1.0,0.3
5,0.2,0.0,10999.0,1,0,1.0,0.27
7,0.14285714285714285,0.13111604254461626,3666.3333333333335,3,0,0.3166666666666667,0.16599329635043977
6,0.16666666666666666,0.14753325713304355,2199.8,5,0,0.18000000000000002,0.1638833142832609
