K,dominant_ratio,balance_entropy,mean_segment_length,segment_count,meta_min_len,coherence,selection_score
3,0.3333333333333333,0.7857737068532583,2666.6666666666665,3,0,1.0,0.5464434267133146
4,0.25,0.7849192945221679,2666.6666666666665,3,0,1.0,0.496229823630542
5,0.4,0.5116022726177384,1600.0,5,0,0.0,0.3679005681544346
6,0.3333333333333333,0.5116022726177384,1600.0,5,0,0.0,0.3279005681544346
