K,dominant_ratio,balance_entropy,mean_segment_length,segment_count,meta_min_len,coherence,selection_score
4,0.5,0.865286689082389,342.85714285714283,35,0,1.0,0.6663216722705972
5,0.4,0.770835208944997,333.3333333333333,36,0,0.9259259259259259,0.5715976911251381
6,0.3333333333333333,0.770835208944997,333.3333333333333,36,0,0.9259259259259259,0.5315976911251381
7,0.42857142857142855,0.7208575649986023,240.0,50,0,0.2000000000000001,0.4673572483925077
8,0.375,0.7135675576651381,250.0,48,0,0.2777777777777779,0.4450585560829512
9,0.3333333333333333,0.67822721903488,214.28571428571428,56,0,0.0,0.36955680475872
