K,dominant_ratio,balance_entropy,mean_segment_length,segment_count,meta_min_len,coherence,selection_score
4,0.5,0.8191105906134338,2399.8,5,0,1.0,0.6547776476533584
5,0.4,0.8092231772492534,599.95,20,0,0.0,0.4423057943123133
6,0.3333333333333333,0.6771606135086496,923.0,13,0,0.17948717948717946,0.39621323030023936
7,0.2857142857142857,0.6771606135086496,923.0,13,0,0.17948717948717946,0.3676418017288108
9,0.2222222222222222,0.7895691883677425,857.0714285714286,14,0,0.14285714285714282,0.35215420185384033
8,0.25,0.7032576459081719,857.0714285714286,14,0,0.14285714285714282,0.34724298290561434
