K,dominant_ratio,balance_entropy,mean_segment_length,segment_count,meta_min_len,coherence,selection_score
4,0.5,0.6777465748504184,480.0,25,0,1.0,0.6194366437126047
7,0.42857142857142855,0.7665843197021646,300.0,40,0,0.13157894736842096,0.46852577917366145
5,0.4,0.7665843197021646,300.0,40,0,0.13157894736842096,0.4513829220308043
8,0.375,0.7540230740201472,292.6829268292683,41,0,0.09627727856225923,0.4279473602893757
6,0.3333333333333333,0.7665843197021646,300.0,40,0,0.13157894736842096,0.4113829220308043
9,0.2222222222222222,0.6622725709211169,272.72727272727275,44,0,0.0,0.29890147606361256
