K,dominant_ratio,balance_entropy,mean_segment_length,segment_count,meta_min_len,coherence,selection_score
10,0.2,0.5252651093542793,1249.96875,32,0,1.0,0.4013162773385698
6,0.3333333333333333,0.5249286142132263,1176.4411764705883,34,0,0.0,0.3312321535533066
7,0.2857142857142857,0.5249286142132263,1176.4411764705883,34,0,0.0,0.302660724981878
8,0.25,0.5253788874567268,1176.4411764705883,34,0,0.0,0.2813447218641817
9,0.2222222222222222,0.5253788874567268,1176.4411764705883,34,0,0.0,0.264678055197515
11,0.18181818181818182,0.5237528893395138,1176.4411764705883,34,0,0.0,0.24002913142578752
