K,dominant_ratio,balance_entropy,mean_segment_length,segment_count,meta_min_len,coherence,selection_score
5,0.4,0.9545145737299432,13333.0,3,0,1.0,0.6286286434324858
6,0.3333333333333333,0.9545145737299432,13333.0,3,0,1.0,0.5886286434324858
9,0.3333333333333333,0.7067926570383293,526.3026315789474,76,0,0.0,0.3766981642595823
10,0.3,0.7067926570383293,526.3026315789474,76,0,0.0,0.35669816425958234
7,0.2857142857142857,0.6812074840201335,909.0681818181819,44,0,0.029887920298879204,0.3462136304784367
8,0.25,0.6812074840201335,909.0681818181819,44,0,0.029887920298879204,0.32478505904986527
