K,dominant_ratio,balance_entropy,mean_segment_length,segment_count,meta_min_len,coherence,selection_score
4,0.5,0.6317087522251018,769.2307692307693,13,0,1.0,0.6079271880562754
5,0.4,0.6317087522251018,769.2307692307693,13,0,1.0,0.5479271880562755
6,0.5,0.8040451402954834,384.61538461538464,26,0,0.0,0.5010112850738708
7,0.42857142857142855,0.8040451402954834,384.61538461538464,26,0,0.0,0.45815414221672796
