K,dominant_ratio,balance_entropy,mean_segment_length,segment_count,meta_min_len,coherence,selection_score
4,0.5,0.5733825746267289,2000.0,5,0,1.0,0.5933456436566822
5,0.6,0.7708352042929246,833.3333333333334,12,0,0.2083333333333334,0.5839588010732312
6,0.5,0.7725948101926157,526.3157894736842,19,0,0.0,0.4931487025481539
7,0.42857142857142855,0.7725948101926157,526.3157894736842,19,0,0.0,0.45029155969101103
