K,dominant_ratio,balance_entropy,mean_segment_length,segment_count,meta_min_len,coherence,selection_score
14,0.42857142857142855,0.7862183049094078,1885.1153846153845,26,24,1.0,0.6036974333702091
15,0.4666666666666667,0.813245251638404,1225.325,40,24,0.36562500000000003,0.5381550629096009
16,0.4375,0.813245251638404,1225.325,40,24,0.36562500000000003,0.520655062909601
17,0.4117647058823529,0.813245251638404,1225.325,40,24,0.36562500000000003,0.5052138864390128
18,0.3888888888888889,0.8133236812919246,1225.325,40,24,0.36562500000000003,0.4915080036563145
19,0.42105263157894735,0.8102749501096392,845.051724137931,58,24,0.0,0.4552003164747782
20,0.4,0.8102543550866707,845.051724137931,58,24,0.0,0.4425635887716677
