K,dominant_ratio,balance_entropy,mean_segment_length,segment_count,meta_min_len,coherence,selection_score
15,0.5333333333333333,0.8805058419082058,2099.5833333333335,24,24,1.0,0.6901264604770515
18,0.5,0.8807173094660323,2099.5833333333335,24,24,1.0,0.6701793273665081
14,0.5,0.8805058419082058,2099.5833333333335,24,24,1.0,0.6701264604770515
19,0.47368421052631576,0.8807173094660323,2099.5833333333335,24,24,1.0,0.6543898536822975
16,0.5,0.8574540034824641,2015.6,25,24,0.0,0.514363500870616
17,0.47058823529411764,0.8574540034824641,2015.6,25,24,0.0,0.49671644204708665
