K,dominant_ratio,balance_entropy,mean_segment_length,segment_count,meta_min_len,coherence,selection_score
15,0.4666666666666667,0.8154810044988869,1028.8979591836735,49,24,1.0,0.6338702511247217
17,0.47058823529411764,0.8011659664102598,951.2452830188679,53,24,0.3962264150943391,0.5420783950431864
16,0.375,0.8138517398949268,988.5490196078431,51,24,0.686274509803921,0.5314041114443198
19,0.47368421052631576,0.833371082456494,900.2857142857143,56,24,0.0,0.492553296929913
18,0.4444444444444444,0.7906868373832995,900.2857142857143,56,24,0.0,0.4643383760124915
