K,dominant_ratio,balance_entropy,mean_segment_length,segment_count,meta_min_len,coherence,selection_score
13,0.46153846153846156,0.9087638537490508,3280.0,15,24,1.0,0.6541140403603397
12,0.4166666666666667,0.9087638537490508,3280.0,15,24,1.0,0.6271909634372627
14,0.42857142857142855,0.8803440512750083,3075.0,16,24,0.8035714285714286,0.5977645842473235
15,0.4,0.8803440512750083,3075.0,16,24,0.8035714285714286,0.5806217271044664
16,0.4375,0.856102123085967,2460.0,20,24,0.2142857142857142,0.5086683879143489
17,0.4117647058823529,0.856102123085967,2460.0,20,24,0.2142857142857142,0.49322721144376064
18,0.3888888888888889,0.856102123085967,2460.0,20,24,0.2142857142857142,0.4795017212476822
19,0.3684210526315789,0.8350776144535531,2236.3636363636365,22,24,0.0,0.42982203519233564
