K,dominant_ratio,balance_entropy,mean_segment_length,segment_count,meta_min_len,coherence,selection_score
19,0.5263157894736842,0.8689559655728472,1227.2439024390244,41,24,1.0,0.6830284650774223
18,0.5,0.8476559470956012,1227.2439024390244,41,24,1.0,0.6619139867739003
14,0.5,0.8417701116601886,1227.2439024390244,41,24,1.0,0.6604425279150471
15,0.4666666666666667,0.8668182783826952,1227.2439024390244,41,24,1.0,0.6467045695956738
16,0.4375,0.8670367595767438,1227.2439024390244,41,24,1.0,0.6292591898941859
17,0.4117647058823529,0.847868862054232,1227.2439024390244,41,24,1.0,0.6090260390429697
