K,dominant_ratio,balance_entropy,mean_segment_length,segment_count,meta_min_len,coherence,selection_score
15,0.5333333333333333,0.8870604692670778,3308.8823529411766,17,24,1.0,0.6917651173167695
18,0.5,0.8834064543730495,2812.55,20,24,0.3400000000000001,0.5718516135932624
16,0.5,0.8734571367008834,2812.55,20,24,0.3400000000000001,0.5693642841752209
17,0.47058823529411764,0.8734571367008834,2812.55,20,24,0.3400000000000001,0.5517172253516914
19,0.5263157894736842,0.8687317598428635,2556.8636363636365,22,24,0.0,0.5329724136449264
