K,dominant_ratio,balance_entropy,mean_segment_length,segment_count,meta_min_len,coherence,selection_score
13,0.6153846153846154,0.9112623331179491,3740.0714285714284,14,24,1.0,0.7470463525102565
14,0.5714285714285714,0.9112623331179491,3740.0714285714284,14,24,1.0,0.7206727261366301
15,0.6,0.9183418206792385,3080.0588235294117,17,24,0.5490196078431372,0.6719383963462802
16,0.5625,0.9189737555954521,2618.05,20,24,0.2333333333333334,0.602243438898863
17,0.5882352941176471,0.9007553133548326,2276.5652173913045,23,24,0.0,0.5781300048092964
18,0.5555555555555556,0.9007553133548326,2276.5652173913045,23,24,0.0,0.5585221616720415
19,0.5263157894736842,0.9007553133548326,2276.5652173913045,23,24,0.0,0.5409783020229186
