K,dominant_ratio,balance_entropy,mean_segment_length,segment_count,meta_min_len,coherence,selection_score
15,0.5333333333333333,0.9154063158442479,2212.36,25,24,1.0,0.698851578961062
16,0.5,0.9154063158442479,2212.36,25,24,1.0,0.678851578961062
18,0.5,0.9151649195642901,2212.36,25,24,1.0,0.6787912298910725
14,0.5,0.9146179511872093,2212.36,25,24,1.0,0.6786544877968024
17,0.47058823529411764,0.9154063158442479,2212.36,25,24,1.0,0.6612045201375326
19,0.47368421052631576,0.8995126041039693,2127.269230769231,26,24,0.48076923076923206,0.5812040619571666
20,0.5,0.8798670318165814,2048.4814814814813,27,24,0.0,0.5199667579541454
