K,dominant_ratio,balance_entropy,mean_segment_length,segment_count,meta_min_len,coherence,selection_score
13,0.5384615384615384,0.9125660471540482,2848.222222222222,18,24,1.0,0.7012184348654351
14,0.5,0.8770584157550766,2563.4,20,24,0.7714285714285716,0.6349788896530549
15,0.4666666666666667,0.8764846121402619,2563.4,20,24,0.7714285714285716,0.6148354387493512
16,0.4375,0.8544568413177023,2050.72,25,24,0.3599999999999999,0.5301142103294255
17,0.4117647058823529,0.8544568413177023,2050.72,25,24,0.3599999999999999,0.5146730338588372
18,0.3888888888888889,0.8322212196714325,1602.125,32,24,0.0,0.44138863825119146
19,0.3684210526315789,0.8322212196714325,1602.125,32,24,0.0,0.42910793649680545
