K,dominant_ratio,balance_entropy,mean_segment_length,segment_count,meta_min_len,coherence,selection_score
15,0.4,0.8686926252683412,2352.3478260869565,23,24,1.0,0.6071731563170853
16,0.375,0.8686926252683412,2352.3478260869565,23,24,1.0,0.5921731563170853
17,0.35294117647058826,0.8391831793780917,2164.16,25,24,0.45999999999999946,0.49056050072687585
18,0.3333333333333333,0.81687524569364,2003.851851851852,27,24,0.0,0.40421881142341
