K,selected_by_rule,ARI,NMI,n_pred_states,segments,dominant_ratio,balance_entropy,mean_segment_length,segment_count_raw,coherence,selection_score,meta_min_len,branch_select_metric,meta_vote_weight_mode,selected_branch_names
15,1,0.7900954791506614,0.8705199571392666,11,23,0.4,0.8686926252683412,2352.3478260869565,23,1.0,0.6071731563170853,24,PID,uniform,USCHAD_alt64_b10_w128_s32|USCHAD_alt64_b13_w144_s24|USCHAD_alt64_b14_w144_s36|USCHAD_alt64_b16_w144_s72|USCHAD_alt64_b18_w160_s40|USCHAD_alt64_b21_w176_s29|USCHAD_alt64_b25_w192_s32|USCHAD_alt64_b28_w192_s96|USCHAD_alt64_b32_w208_s104|USCHAD_alt64_b33_w224_s37|USCHAD_alt64_b34_w224_s56|USCHAD_alt64_b35_w224_s84|USCHAD_alt64_b41_w256_s50|USCHAD_alt64_b43_w256_s96|USCHAD_alt64_b46_w272_s68|USCHAD_alt64_b61_w336_s56
16,0,0.7900954791506614,0.8705199571392666,11,23,0.375,0.8686926252683412,2352.3478260869565,23,1.0,0.5921731563170853,24,PID,uniform,USCHAD_alt64_b10_w128_s32|USCHAD_alt64_b13_w144_s24|USCHAD_alt64_b14_w144_s36|USCHAD_alt64_b16_w144_s72|USCHAD_alt64_b18_w160_s40|USCHAD_alt64_b21_w176_s29|USCHAD_alt64_b25_w192_s32|USCHAD_alt64_b28_w192_s96|USCHAD_alt64_b32_w208_s104|USCHAD_alt64_b33_w224_s37|USCHAD_alt64_b34_w224_s56|USCHAD_alt64_b35_w224_s84|USCHAD_alt64_b41_w256_s50|USCHAD_alt64_b43_w256_s96|USCHAD_alt64_b46_w272_s68|USCHAD_alt64_b61_w336_s56
17,0,0.7895832605377895,0.8708033161096631,12,25,0.35294117647058826,0.8391831793780917,2164.16,25,0.45999999999999946,0.49056050072687585,24,PID,uniform,USCHAD_alt64_b10_w128_s32|USCHAD_alt64_b13_w144_s24|USCHAD_alt64_b14_w144_s36|USCHAD_alt64_b16_w144_s72|USCHAD_alt64_b18_w160_s40|USCHAD_alt64_b21_w176_s29|USCHAD_alt64_b25_w192_s32|USCHAD_alt64_b28_w192_s96|USCHAD_alt64_b32_w208_s104|USCHAD_alt64_b33_w224_s37|USCHAD_alt64_b34_w224_s56|USCHAD_alt64_b35_w224_s84|USCHAD_alt64_b41_w256_s50|USCHAD_alt64_b43_w256_s96|USCHAD_alt64_b46_w272_s68|USCHAD_alt64_b61_w336_s56
18,0,0.7886854220694296,0.868732828410853,13,27,0.3333333333333333,0.81687524569364,2003.851851851852,27,0.0,0.40421881142341,24,PID,uniform,USCHAD_alt64_b10_w128_s32|USCHAD_alt64_b13_w144_s24|USCHAD_alt64_b14_w144_s36|USCHAD_alt64_b16_w144_s72|USCHAD_alt64_b18_w160_s40|USCHAD_alt64_b21_w176_s29|USCHAD_alt64_b25_w192_s32|USCHAD_alt64_b28_w192_s96|USCHAD_alt64_b32_w208_s104|USCHAD_alt64_b33_w224_s37|USCHAD_alt64_b34_w224_s56|USCHAD_alt64_b35_w224_s84|USCHAD_alt64_b41_w256_s50|USCHAD_alt64_b43_w256_s96|USCHAD_alt64_b46_w272_s68|USCHAD_alt64_b61_w336_s56
