K,dominant_ratio,balance_entropy,mean_segment_length,segment_count,meta_min_len,coherence,selection_score
15,0.3333333333333333,0.8045946891218851,1623.4545454545455,33,24,1.0,0.5511486722804713
16,0.3125,0.7807287094157294,1623.4545454545455,33,24,1.0,0.5326821773539323
17,0.29411764705882354,0.7805880546146835,1575.7058823529412,34,24,0.4852941176470589,0.4444117195360238
18,0.2777777777777778,0.7580986595885926,1575.7058823529412,34,24,0.4852941176470589,0.4289854492108736
19,0.3157894736842105,0.7948011129709824,1530.6857142857143,35,24,0.0,0.3881739624532719
20,0.3,0.7947695149417794,1530.6857142857143,35,24,0.0,0.3786923787354448
