K,dominant_ratio,balance_entropy,mean_segment_length,segment_count,meta_min_len,coherence,selection_score
14,0.35714285714285715,0.8358631657543947,3144.3529411764707,17,24,1.0,0.5732515057243129
15,0.3333333333333333,0.8057710253294863,3144.3529411764707,17,24,1.0,0.5514427563323716
16,0.3125,0.8057710253294863,3144.3529411764707,17,24,1.0,0.5389427563323715
17,0.29411764705882354,0.7813226813090692,2672.7,20,24,0.5312499999999998,0.4514887585625614
19,0.3684210526315789,0.7968664778200781,2138.16,25,24,0.0,0.4202692510339669
18,0.3333333333333333,0.817898769968513,2227.25,24,24,0.08854166666666678,0.4177559424921282
