K,dominant_ratio,balance_entropy,mean_segment_length,segment_count,meta_min_len,coherence,selection_score
15,0.4,0.8676331933843611,1638.7272727272727,33,24,0.8815426997245179,0.589139703304768
16,0.375,0.8236242949016305,1689.9375,32,24,1.0,0.5809060737254076
17,0.35294117647058826,0.8168070321761045,1423.1052631578948,38,24,0.3827751196172249,0.47338273186896274
18,0.3333333333333333,0.8051161981364421,1351.95,40,24,0.21818181818181814,0.43400632226138325
19,0.3157894736842105,0.7928094053566846,1257.6279069767443,43,24,0.0,0.38767603554969743
