K,dominant_ratio,balance_entropy,mean_segment_length,segment_count,meta_min_len,coherence,selection_score
17,0.29411764705882354,0.8370386276928496,1861.2758620689656,29,24,1.0,0.5357302451585065
14,0.35714285714285715,0.8394369473924953,1741.1935483870968,31,24,0.7016129032258064,0.529386886617709
15,0.3333333333333333,0.839425329513662,1741.1935483870968,31,24,0.7016129032258064,0.5150982678622864
18,0.3333333333333333,0.8084295743863553,1741.1935483870968,31,24,0.7016129032258064,0.5073493290804598
16,0.3125,0.839425329513662,1741.1935483870968,31,24,0.7016129032258064,0.5025982678622865
19,0.3157894736842105,0.7651230936961738,1458.837837837838,37,24,0.0,0.3807544576345697
