K,dominant_ratio,balance_entropy,mean_segment_length,segment_count,meta_min_len,coherence,selection_score
14,0.35714285714285715,0.8113651589142131,1966.1923076923076,26,24,0.8547008547008547,0.5453321322193958
13,0.3076923076923077,0.8157211161794721,2044.84,25,24,1.0,0.5385456636602527
15,0.3333333333333333,0.8113651589142131,1966.1923076923076,26,24,0.8547008547008547,0.5310464179336815
19,0.3684210526315789,0.8638690873016022,1503.5588235294117,34,24,0.0,0.43701990340434793
16,0.25,0.8003069863125329,1762.7931034482758,29,24,0.47892720306513414,0.42191582703790337
18,0.3333333333333333,0.8210119925932324,1549.121212121212,33,24,0.08417508417508407,0.41787926077457066
17,0.23529411764705882,0.8003069863125329,1762.7931034482758,29,24,0.47892720306513414,0.41309229762613864
