K,dominant_ratio,balance_entropy,mean_segment_length,segment_count,meta_min_len,coherence,selection_score
13,0.38461538461538464,0.8628448022800217,2093.76,25,24,1.0,0.5964804313392362
12,0.4166666666666667,0.8627499281068537,2013.2307692307693,26,24,0.8653846153846152,0.5954951743344057
14,0.35714285714285715,0.8628448022800217,2093.76,25,24,1.0,0.5799969148557197
15,0.4,0.8978466812870544,1804.9655172413793,29,24,0.5172413793103445,0.5420478772183153
16,0.375,0.8740178565324324,1744.8,30,24,0.4166666666666664,0.5060044641331081
19,0.3684210526315789,0.8661924456719068,1495.5428571428572,35,24,0.0,0.4376007429969241
17,0.35294117647058826,0.8661924456719068,1495.5428571428572,35,24,0.0,0.42831281730032966
18,0.3333333333333333,0.8661924456719068,1495.5428571428572,35,24,0.0,0.41654811141797665
