K,dominant_ratio,balance_entropy,mean_segment_length,segment_count,meta_min_len,coherence,selection_score
18,0.3333333333333333,0.8270731454965751,1781.5714285714287,28,24,1.0,0.5567682863741438
15,0.3333333333333333,0.8267347038999017,1781.5714285714287,28,24,1.0,0.5566836759749754
19,0.3157894736842105,0.8270731454965751,1781.5714285714287,28,24,1.0,0.5462419705846701
17,0.29411764705882354,0.8270731454965751,1781.5714285714287,28,24,1.0,0.5332388746094379
16,0.25,0.8270731454965751,1781.5714285714287,28,24,1.0,0.5067682863741437
13,0.38461538461538464,0.7938084663631654,1720.1379310344828,29,24,0.0,0.42922134736002215
14,0.35714285714285715,0.7938084663631654,1720.1379310344828,29,24,0.0,0.4127378308765056
