K,dominant_ratio,balance_entropy,mean_segment_length,segment_count,meta_min_len,coherence,selection_score
15,0.4666666666666667,0.8524982894580719,1867.2857142857142,28,24,1.0,0.6431245723645179
14,0.42857142857142855,0.8774409878246865,1867.2857142857142,28,24,1.0,0.6265031040990288
18,0.4444444444444444,0.8388991849958108,1802.896551724138,29,24,0.7724137931034485,0.5922535318811366
17,0.4117647058823529,0.8389386765281913,1802.896551724138,29,24,0.7724137931034485,0.5726555616269768
16,0.375,0.8389386765281913,1802.896551724138,29,24,0.7724137931034485,0.5505967380975652
19,0.42105263157894735,0.8268377720131209,1584.3636363636363,33,24,0.0,0.45934102195064863
