K,dominant_ratio,balance_entropy,mean_segment_length,segment_count,meta_min_len,coherence,selection_score
13,0.5384615384615384,0.8540066123259613,2115.75,24,24,1.0,0.6865785761584134
14,0.5,0.8517691886872195,2031.12,25,24,0.7199999999999996,0.6209422971718048
12,0.4166666666666667,0.8540066123259613,2115.75,24,24,1.0,0.6135016530814903
15,0.4666666666666667,0.8363746999747407,1880.6666666666667,27,24,0.22222222222222246,0.5224270083270185
16,0.4375,0.8363746999747407,1880.6666666666667,27,24,0.22222222222222246,0.5049270083270185
17,0.4117647058823529,0.8363746999747407,1880.6666666666667,27,24,0.22222222222222246,0.4894858318564303
18,0.3888888888888889,0.816092076042336,1813.5,28,24,0.0,0.43735635234391734
19,0.3684210526315789,0.816092076042336,1813.5,28,24,0.0,0.42507565058953134
20,0.35,0.816092076042336,1813.5,28,24,0.0,0.414023019010584
