K,dominant_ratio,balance_entropy,mean_segment_length,segment_count,meta_min_len,coherence,selection_score
10,0.3,0.7343738412509393,3876.2727272727275,11,24,1.0,0.5135934603127348
12,0.3333333333333333,0.7420714243993158,2244.157894736842,19,24,0.11578947368421055,0.4028862771524605
13,0.3076923076923077,0.7283044013204273,2244.157894736842,19,24,0.11578947368421055,0.384059905998123
14,0.2857142857142857,0.7283044013204273,2244.157894736842,19,24,0.11578947368421055,0.3708730928113098
11,0.2727272727272727,0.7420714243993158,2244.157894736842,19,24,0.11578947368421055,0.36652264078882413
15,0.26666666666666666,0.7364779587581066,2030.4285714285713,21,24,0.0,0.34411948968952666
16,0.25,0.7364779587581066,2030.4285714285713,21,24,0.0,0.33411948968952665
17,0.23529411764705882,0.7364779587581066,2030.4285714285713,21,24,0.0,0.325295960277762
