K,dominant_ratio,balance_entropy,mean_segment_length,segment_count,meta_min_len,coherence,selection_score
11,0.45454545454545453,0.8445732402315028,2682.866666666667,15,24,1.0,0.6338705827851484
12,0.5,0.8388157230489985,2515.1875,16,24,0.7812499999999999,0.6268914307622496
13,0.46153846153846156,0.8388157230489985,2515.1875,16,24,0.7812499999999999,0.6038145076853265
14,0.42857142857142855,0.8387703685274523,2515.1875,16,24,0.7812499999999999,0.5840229492747202
15,0.4,0.8135260276887955,2367.235294117647,17,24,0.5882352941176467,0.5316168010398459
16,0.375,0.7940654176877563,1916.3333333333333,21,24,0.0,0.423516354421939
17,0.35294117647058826,0.7936123401680554,1916.3333333333333,21,24,0.0,0.4101677909243668
