K,dominant_ratio,balance_entropy,mean_segment_length,segment_count,meta_min_len,coherence,selection_score
17,0.35294117647058826,0.7623364569295779,1666.875,24,24,1.0,0.5523488201147474
15,0.3333333333333333,0.774818320026376,1666.875,24,24,1.0,0.5437045800065939
16,0.3125,0.7623454874121396,1666.875,24,24,1.0,0.5280863718530349
14,0.2857142857142857,0.774818320026376,1666.875,24,24,1.0,0.5151331514351654
18,0.3888888888888889,0.8301289421749992,1538.6538461538462,26,24,0.3076923076923076,0.4870194150309293
19,0.3684210526315789,0.8301289421749992,1538.6538461538462,26,24,0.3076923076923076,0.4747387132765433
20,0.35,0.8141791780807246,1481.6666666666667,27,24,0.0,0.4135447945201811
