K,dominant_ratio,balance_entropy,mean_segment_length,segment_count,meta_min_len,coherence,selection_score
12,0.5,0.7852301607970508,1879.1304347826087,23,24,0.7652173913043481,0.611090148894915
17,0.35294117647058826,0.7763665736518541,1964.5454545454545,22,24,1.0,0.5558563492953165
16,0.375,0.776774060392841,1800.8333333333333,24,24,0.5499999999999999,0.5016935150982103
14,0.42857142857142855,0.7812334183300068,1600.7407407407406,27,24,0.0,0.45245121172535885
15,0.4,0.7810568398571346,1600.7407407407406,27,24,0.0,0.4352642099642836
13,0.38461538461538464,0.7812334183300068,1600.7407407407406,27,24,0.0,0.42607758535173246
