K,dominant_ratio,balance_entropy,mean_segment_length,segment_count,meta_min_len,coherence,selection_score
10,0.2,0.8213434592456114,2091.5714285714284,21,24,1.0,0.4753358648114029
14,0.42857142857142855,0.8071350596720063,1756.92,25,24,0.0,0.45892662206085866
17,0.4117647058823529,0.8072683807094333,1756.92,25,24,0.0,0.44887591870677007
15,0.4,0.8072650473441484,1756.92,25,24,0.0,0.44181626183603706
13,0.38461538461538464,0.8071350596720063,1756.92,25,24,0.0,0.4325529956872324
16,0.375,0.8072650473441484,1756.92,25,24,0.0,0.42681626183603705
12,0.3333333333333333,0.8071350596720063,1756.92,25,24,0.0,0.40178376491800155
11,0.18181818181818182,0.8367455727804617,1830.125,24,24,0.21874999999999992,0.3510898022860245
