K,dominant_ratio,balance_entropy,mean_segment_length,segment_count,meta_min_len,coherence,selection_score
13,0.46153846153846156,0.8681528818678866,2754.4666666666667,15,24,1.0,0.6439612973900486
14,0.42857142857142855,0.8681528818678866,2754.4666666666667,15,24,1.0,0.6241810776098288
12,0.4166666666666667,0.8483703194069175,2754.4666666666667,15,24,1.0,0.6120925798517294
15,0.4666666666666667,0.9021521898709574,2430.4117647058824,17,24,0.5294117647058825,0.5849498121736217
17,0.47058823529411764,0.8913711445133766,2065.85,20,24,0.0,0.5051957273048148
16,0.4375,0.8913711445133766,2065.85,20,24,0.0,0.48534278612834414
