K,dominant_ratio,balance_entropy,mean_segment_length,segment_count,meta_min_len,coherence,selection_score
11,0.5454545454545454,0.8854354129665125,2902.4615384615386,13,24,1.0,0.6986315805143554
12,0.5,0.8854354129665125,2902.4615384615386,13,24,1.0,0.6713588532416281
13,0.46153846153846156,0.8663259968966944,2515.4666666666667,15,24,0.7511111111111111,0.6061712428139172
14,0.42857142857142855,0.8663755373289767,2515.4666666666667,15,24,0.7511111111111111,0.586403408141768
15,0.4,0.8809188054984476,2515.4666666666667,15,24,0.7511111111111111,0.5728963680412785
16,0.375,0.8816065754861792,2219.529411764706,17,24,0.5607843137254901,0.5295192909303683
17,0.47058823529411764,0.9213339374796953,1509.28,25,24,0.10399999999999993,0.5282864255463944
18,0.4444444444444444,0.9060171072918093,1347.5714285714287,28,24,0.0,0.493170943489619
