K,dominant_ratio,balance_entropy,mean_segment_length,segment_count,meta_min_len,coherence,selection_score
12,0.5,0.8354115489050256,1445.5862068965516,29,24,1.0,0.6588528872262563
13,0.5384615384615384,0.8761143090974234,1397.4,30,24,0.7733333333333341,0.658105500351279
15,0.4666666666666667,0.8775014398876557,1445.5862068965516,29,24,1.0,0.6493753599719139
14,0.5,0.8770683248247497,1397.4,30,24,0.7733333333333341,0.6352670812061876
16,0.4375,0.8775014398876557,1445.5862068965516,29,24,1.0,0.6318753599719139
11,0.5454545454545454,0.8363943430306144,1270.3636363636363,33,24,0.17575757575757536,0.5627349493940171
18,0.4444444444444444,0.8737413377777588,1270.3636363636363,33,24,0.17575757575757536,0.5114656374747426
17,0.4117647058823529,0.8625849459138357,1233.0,34,24,0.0,0.4627050600078707
