K,dominant_ratio,balance_entropy,mean_segment_length,segment_count,meta_min_len,coherence,selection_score
10,0.4,0.881016113784067,2298.8,15,24,1.0,0.6102540284460167
11,0.45454545454545453,0.863121550369287,2028.3529411764705,17,24,0.6617647058823527,0.5877723662019474
12,0.4166666666666667,0.863121550369287,2028.3529411764705,17,24,0.6617647058823527,0.5650450934746747
13,0.38461538461538464,0.8392736949867128,1642.0,21,24,0.1785714285714286,0.4673733688016233
16,0.375,0.8170313683747219,1499.2173913043478,23,24,0.0,0.42925784209368045
14,0.35714285714285715,0.8169439299478397,1499.2173913043478,23,24,0.0,0.4185216967726742
15,0.3333333333333333,0.8169439299478397,1499.2173913043478,23,24,0.0,0.4042359824869599
