K,dominant_ratio,balance_entropy,mean_segment_length,segment_count,meta_min_len,coherence,selection_score
11,0.45454545454545453,0.820431451249571,1996.05,20,24,1.0,0.6278351355396654
12,0.4166666666666667,0.8203441259187951,1996.05,20,24,1.0,0.6050860314796987
13,0.38461538461538464,0.8203441259187951,1996.05,20,24,1.0,0.5858552622489296
14,0.35714285714285715,0.8026233340503476,1814.590909090909,22,24,0.802139037433155,0.5352624034132745
15,0.4,0.8155255604261152,1140.6,35,24,0.06722689075630232,0.45396542371997417
16,0.375,0.8076468073705371,1078.945945945946,37,24,0.0,0.4269117018426343
17,0.35294117647058826,0.8076468073705371,1078.945945945946,37,24,0.0,0.4136764077249872
