K,dominant_ratio,balance_entropy,mean_segment_length,segment_count,meta_min_len,coherence,selection_score
10,0.4,0.8028436241501204,2573.4285714285716,14,24,1.0,0.5907109060375301
11,0.36363636363636365,0.7951231354981689,2001.5555555555557,18,24,0.6222222222222222,0.5102959353896938
12,0.3333333333333333,0.8141893207013642,1242.344827586207,29,24,0.12068965517241378,0.42165077845120313
13,0.3076923076923077,0.8320419645232051,1242.344827586207,29,24,0.12068965517241378,0.410729324022048
16,0.3125,0.8503346094450126,1059.6470588235295,34,24,0.0,0.40008365236125315
14,0.2857142857142857,0.8320419645232051,1242.344827586207,29,24,0.12068965517241378,0.39754251083523473
15,0.26666666666666666,0.8111387369030929,1125.875,32,24,0.043749999999999935,0.36934718422577323
