K,dominant_ratio,balance_entropy,mean_segment_length,segment_count,meta_min_len,coherence,selection_score
13,0.38461538461538464,0.8208869370971,2117.6666666666665,15,24,0.8166666666666664,0.5584909650435057
14,0.42857142857142855,0.8575327334393997,1868.5294117647059,17,24,0.5147058823529411,0.5487319228556482
12,0.3333333333333333,0.7898931539698444,2268.9285714285716,14,24,1.0,0.5474732884924611
15,0.4,0.8385378471354076,1764.7222222222222,18,24,0.38888888888888884,0.5079677951171853
16,0.375,0.8385364042226986,1764.7222222222222,18,24,0.38888888888888884,0.4929674343890079
18,0.3888888888888889,0.8629914040730433,1443.8636363636363,22,24,0.0,0.44908118435159416
17,0.35294117647058826,0.821950868217153,1588.25,20,24,0.17500000000000007,0.4435024229366412
