K,dominant_ratio,balance_entropy,mean_segment_length,segment_count,meta_min_len,coherence,selection_score
15,0.4666666666666667,0.8859659397766307,1628.5238095238096,21,24,1.0,0.6514914849441577
13,0.46153846153846156,0.884501389061298,1628.5238095238096,21,24,1.0,0.6480484241884015
14,0.42857142857142855,0.8859659397766307,1628.5238095238096,21,24,1.0,0.6286343420870149
12,0.4166666666666667,0.8857006424041196,1628.5238095238096,21,24,1.0,0.6214251606010299
16,0.375,0.866281859515304,1628.5238095238096,21,24,1.0,0.591570464878826
