K,dominant_ratio,balance_entropy,mean_segment_length,segment_count,meta_min_len,coherence,selection_score
11,0.45454545454545453,0.8446287476771922,1410.04,25,24,1.0,0.6338844596465708
12,0.4166666666666667,0.8446287476771922,1410.04,25,24,1.0,0.6111571869192981
13,0.38461538461538464,0.8446287476771922,1410.04,25,24,1.0,0.5919264176885288
14,0.35714285714285715,0.8162092387310113,1410.04,25,24,1.0,0.5683380239684671
15,0.3333333333333333,0.8170175463468853,1305.5925925925926,27,24,0.0,0.4042543865867213
16,0.3125,0.8170175463468853,1305.5925925925926,27,24,0.0,0.39175438658672135
17,0.29411764705882354,0.817026600367055,1305.5925925925926,27,24,0.0,0.3807272383270579
