K,dominant_ratio,balance_entropy,mean_segment_length,segment_count,meta_min_len,coherence,selection_score
11,0.45454545454545453,0.8247530100134318,1585.6818181818182,22,24,1.0,0.6289155252306307
12,0.4166666666666667,0.8467672057163513,1516.7391304347825,23,24,0.8829431438127088,0.5941332730009942
13,0.38461538461538464,0.82071056299032,1516.7391304347825,23,24,0.8829431438127088,0.5683883430887171
14,0.35714285714285715,0.82071056299032,1516.7391304347825,23,24,0.8829431438127088,0.5519048266052006
17,0.47058823529411764,0.8724240224202686,996.7142857142857,35,24,0.0,0.5004589467815377
16,0.375,0.8724240224202686,996.7142857142857,35,24,0.0,0.44310600560506713
15,0.3333333333333333,0.8345033578817612,1057.121212121212,33,24,0.10256410256410244,0.4240104548550557
