K,dominant_ratio,balance_entropy,mean_segment_length,segment_count,meta_min_len,coherence,selection_score
10,0.4,0.86461987475141,1573.235294117647,17,24,1.0,0.6061549686878525
11,0.36363636363636365,0.86461987475141,1573.235294117647,17,24,1.0,0.5843367868696707
15,0.4666666666666667,0.8751509786971547,1114.375,24,24,0.15740740740740736,0.5223988557853998
12,0.4166666666666667,0.8952689745426816,1162.8260869565217,23,24,0.24637681159420285,0.5107737653748008
13,0.38461538461538464,0.8763330517127607,1028.6538461538462,26,24,0.0,0.449852493697421
14,0.35714285714285715,0.8763330517127607,1028.6538461538462,26,24,0.0,0.43336897721390444
