K,dominant_ratio,balance_entropy,mean_segment_length,segment_count,meta_min_len,coherence,selection_score
10,0.5,0.852224974217056,2333.0,12,24,1.0,0.6630562435542641
11,0.45454545454545453,0.8525106099697255,2333.0,12,24,1.0,0.6358549252197041
12,0.4166666666666667,0.8525106099697255,2333.0,12,24,1.0,0.6131276524924314
13,0.38461538461538464,0.8525106099697255,2333.0,12,24,1.0,0.5938968832616621
14,0.35714285714285715,0.8525106099697255,2333.0,12,24,1.0,0.5774133667781457
15,0.3333333333333333,0.8525106099697255,2333.0,12,24,1.0,0.5631276524924314
