K,dominant_ratio,balance_entropy,mean_segment_length,segment_count,meta_min_len,coherence,selection_score
11,0.45454545454545453,0.8536605222628095,2065.6153846153848,13,24,1.0,0.6361424032929751
12,0.5,0.8984073225484238,1579.5882352941176,17,24,0.0,0.524601830637106
13,0.46153846153846156,0.8984119676502366,1579.5882352941176,17,24,0.0,0.5015260688356361
14,0.42857142857142855,0.8984119676502366,1579.5882352941176,17,24,0.0,0.4817458490554163
15,0.4,0.8973602145784857,1579.5882352941176,17,24,0.0,0.4643400536446214
