K,dominant_ratio,balance_entropy,mean_segment_length,segment_count,meta_min_len,coherence,selection_score
11,0.45454545454545453,0.8021674732394493,1868.357142857143,14,24,1.0,0.623269141037135
17,0.47058823529411764,0.8818273456323653,1634.8125,16,24,0.4374999999999999,0.5684347775845618
18,0.4444444444444444,0.8818273456323653,1634.8125,16,24,0.4374999999999999,0.552748503074758
13,0.46153846153846156,0.8495326868460709,1453.1666666666667,18,24,0.0,0.48930624863459465
16,0.4375,0.8496321075585518,1453.1666666666667,18,24,0.0,0.47490802688963796
14,0.42857142857142855,0.8496321075585518,1453.1666666666667,18,24,0.0,0.46955088403249506
15,0.4,0.8496321075585518,1453.1666666666667,18,24,0.0,0.45240802688963794
12,0.4166666666666667,0.793636693156055,1453.1666666666667,18,24,0.0,0.44840917328901375
