K,dominant_ratio,balance_entropy,mean_segment_length,segment_count,meta_min_len,coherence,selection_score
10,0.4,0.8750920199659724,2362.4166666666665,12,24,1.0,0.6087730049914931
15,0.5333333333333333,0.8962817540634116,1288.590909090909,22,24,0.0,0.5440704385158529
13,0.38461538461538464,0.8743374478652022,1889.9333333333334,15,24,0.5600000000000002,0.5333535927355313
11,0.36363636363636365,0.8359384212134018,2024.9285714285713,14,24,0.6857142857142857,0.5300235663423115
16,0.5,0.8962817540634116,1288.590909090909,22,24,0.0,0.5240704385158529
17,0.47058823529411764,0.8965931538891236,1349.952380952381,21,24,0.05714285714285723,0.51507265822018
12,0.3333333333333333,0.8359384212134018,2024.9285714285713,14,24,0.6857142857142857,0.5118417481604933
18,0.4444444444444444,0.8965931538891236,1349.952380952381,21,24,0.05714285714285723,0.49938638371037614
14,0.42857142857142855,0.8962817540634116,1288.590909090909,22,24,0.0,0.48121329565871
