K,dominant_ratio,balance_entropy,mean_segment_length,segment_count,meta_min_len,coherence,selection_score
12,0.3333333333333333,0.8294527303074194,2323.769230769231,13,24,1.0,0.5573631825768548
13,0.3076923076923077,0.8294527303074194,2323.769230769231,13,24,1.0,0.5419785671922395
15,0.3333333333333333,0.8026177175639061,2157.785714285714,14,24,0.7959183673469385,0.5200421844930173
14,0.2857142857142857,0.8026177175639061,2157.785714285714,14,24,0.7959183673469385,0.49147075592158873
16,0.4375,0.8269994004425415,1589.9473684210527,19,24,0.09774436090225568,0.48391150424597373
17,0.4117647058823529,0.8051044436497721,1510.45,20,24,0.0,0.4483349344418548
