K,dominant_ratio,balance_entropy,mean_segment_length,segment_count,meta_min_len,coherence,selection_score
12,0.5,0.8631163765886354,1890.6470588235295,17,24,0.7529411764705883,0.628720270617747
14,0.42857142857142855,0.835857291350512,2008.8125,16,24,1.0,0.6161071799804851
13,0.46153846153846156,0.8353125161639917,1785.611111111111,18,24,0.5333333333333332,0.5657512059640748
15,0.4,0.8163151619204656,1785.611111111111,18,24,0.5333333333333332,0.5240787904801164
16,0.375,0.8267308715470829,1530.5238095238096,21,24,0.0,0.4316827178867707
17,0.35294117647058826,0.8267308715470829,1530.5238095238096,21,24,0.0,0.4184474237691237
