K,dominant_ratio,balance_entropy,mean_segment_length,segment_count,meta_min_len,coherence,selection_score
10,0.4,0.8468956874047334,2683.4166666666665,12,24,1.0,0.6017239218511834
11,0.36363636363636365,0.8468956874047334,2683.4166666666665,12,24,1.0,0.5799057400330015
12,0.3333333333333333,0.8256991382460719,2300.0714285714284,14,24,0.2857142857142858,0.44928192741866085
14,0.2857142857142857,0.8121100569530652,2300.0714285714284,14,24,0.2857142857142858,0.41731322852398056
15,0.26666666666666666,0.8121100569530652,2300.0714285714284,14,24,0.2857142857142858,0.40588465709540916
13,0.3076923076923077,0.8252376628386476,2146.733333333333,15,24,0.0,0.3909248003250465
