K,dominant_ratio,balance_entropy,mean_segment_length,segment_count,meta_min_len,coherence,selection_score
11,0.36363636363636365,0.794169210486259,2033.9375,16,24,1.0,0.566724120803383
12,0.3333333333333333,0.794169210486259,2033.9375,16,24,1.0,0.5485423026215648
13,0.3076923076923077,0.794169210486259,2033.9375,16,24,1.0,0.5331576872369493
14,0.2857142857142857,0.7721533290755755,1807.9444444444443,18,24,0.6913580246913579,0.46817060740116895
15,0.26666666666666666,0.7669567854242869,1301.72,25,24,0.0,0.35173919635607176
16,0.25,0.7669567854242869,1301.72,25,24,0.0,0.34173919635607175
