K,dominant_ratio,balance_entropy,mean_segment_length,segment_count,meta_min_len,coherence,selection_score
12,0.4166666666666667,0.864489645499266,1677.5263157894738,19,24,1.0,0.6161224113748165
11,0.36363636363636365,0.864489645499266,1677.5263157894738,19,24,1.0,0.5843042295566346
15,0.3333333333333333,0.8509013931827708,1517.7619047619048,21,24,0.3015873015873018,0.45796344353378793
13,0.38461538461538464,0.8263480659954675,1448.7727272727273,22,24,0.0,0.43735624726809763
14,0.35714285714285715,0.8263480659954675,1448.7727272727273,22,24,0.0,0.42087273078458115
