K,dominant_ratio,balance_entropy,mean_segment_length,segment_count,meta_min_len,coherence,selection_score
12,0.3333333333333333,0.8034404901519171,1871.8666666666666,15,24,1.0,0.5508601225379792
13,0.3076923076923077,0.7968145943503131,1651.6470588235295,17,24,0.4411764705882355,0.44999550379119824
14,0.35714285714285715,0.7995654844692788,1559.888888888889,18,24,0.20833333333333323,0.445427085403034
15,0.3333333333333333,0.7823522929720008,1477.7894736842106,19,24,0.0,0.39558807324300016
16,0.3125,0.7823522929720008,1477.7894736842106,19,24,0.0,0.3830880732430002
