K,dominant_ratio,balance_entropy,mean_segment_length,segment_count,meta_min_len,coherence,selection_score
14,0.35714285714285715,0.8422242983719546,1988.0714285714287,14,24,1.0,0.574841788878703
12,0.3333333333333333,0.8422242983719546,1988.0714285714287,14,24,1.0,0.5605560745929886
15,0.3333333333333333,0.8422242983719546,1988.0714285714287,14,24,1.0,0.5605560745929886
13,0.3076923076923077,0.8422242983719546,1988.0714285714287,14,24,1.0,0.5451714592083733
16,0.3125,0.8222906372204075,1855.5333333333333,15,24,0.0,0.3930726593051019
17,0.29411764705882354,0.8222906372204075,1855.5333333333333,15,24,0.0,0.382043247540396
