K,dominant_ratio,balance_entropy,mean_segment_length,segment_count,meta_min_len,coherence,selection_score
11,0.36363636363636365,0.8489533474221898,1468.6315789473683,19,24,1.0,0.5804201550373657
14,0.35714285714285715,0.8036366988875903,1328.7619047619048,21,24,0.30158730158730235,0.46043298424570717
15,0.3333333333333333,0.7900765875161401,1328.7619047619048,21,24,0.30158730158730235,0.44275724211713036
13,0.3076923076923077,0.8227747674766673,1328.7619047619048,21,24,0.30158730158730235,0.43554717172264684
16,0.3125,0.7900765875161401,1328.7619047619048,21,24,0.30158730158730235,0.4302572421171304
12,0.3333333333333333,0.838949760301234,1268.3636363636363,22,24,0.0,0.4097374400753085
17,0.29411764705882354,0.7765372761878131,1268.3636363636363,22,24,0.0,0.3706049072822474
