K,dominant_ratio,balance_entropy,mean_segment_length,segment_count,meta_min_len,coherence,selection_score
11,0.2727272727272727,0.7372392591261837,1674.75,16,24,1.0,0.49794617841790956
16,0.375,0.8132916332663876,1218.0,22,24,0.103896103896104,0.4439073239010125
14,0.35714285714285715,0.7908853405486651,1165.0434782608695,23,24,0.0,0.4120070494228806
15,0.3333333333333333,0.7806803641322267,1218.0,22,24,0.103896103896104,0.41075450661747226
12,0.25,0.7374071917618207,1339.8,20,24,0.34285714285714286,0.3857803693690266
13,0.23076923076923078,0.7249774668765988,1165.0434782608695,23,24,0.0,0.3197059051806882
