K,dominant_ratio,balance_entropy,mean_segment_length,segment_count,meta_min_len,coherence,selection_score
10,0.4,0.8361721349186275,2439.0833333333335,12,24,1.0,0.5990430337296568
11,0.36363636363636365,0.8361721349186275,2439.0833333333335,12,24,1.0,0.5772248519114751
12,0.3333333333333333,0.8361721349186275,2439.0833333333335,12,24,1.0,0.5590430337296569
13,0.3076923076923077,0.8361721349186275,2439.0833333333335,12,24,1.0,0.5436584183450415
14,0.2857142857142857,0.8361721349186275,2439.0833333333335,12,24,1.0,0.5304716051582283
15,0.26666666666666666,0.8380940764231462,2251.4615384615386,13,24,0.8391608391608392,0.49539764497991234
16,0.25,0.8618655251152728,1393.7619047619048,21,24,0.103896103896104,0.3810507968632338
17,0.23529411764705882,0.8378441459343317,1272.5652173913043,23,24,0.0,0.3506375070718182
18,0.2222222222222222,0.8378441459343317,1272.5652173913043,23,24,0.0,0.34279436981691624
