K,dominant_ratio,balance_entropy,mean_segment_length,segment_count,meta_min_len,coherence,selection_score
12,0.3333333333333333,0.8198932963269909,1519.578947368421,19,24,1.0,0.5549733240817477
13,0.38461538461538464,0.7975542291872523,1443.6,20,24,0.7599999999999998,0.5441577880660439
14,0.35714285714285715,0.7975542291872523,1443.6,20,24,0.7599999999999998,0.5276742715825273
15,0.4,0.7862519490582767,1203.0,24,24,0.0,0.43656298726456916
16,0.375,0.7702763655955324,1203.0,24,24,0.0,0.4175690913988831
17,0.35294117647058826,0.7702763655955324,1203.0,24,24,0.0,0.40433379728123603
