K,dominant_ratio,balance_entropy,mean_segment_length,segment_count,meta_min_len,coherence,selection_score
12,0.5,0.890504937867974,1594.2,20,24,1.0,0.6726262344669935
13,0.46153846153846156,0.890504937867974,1594.2,20,24,1.0,0.6495493113900704
14,0.42857142857142855,0.8902610617900087,1594.2,20,24,1.0,0.6297081225903594
16,0.375,0.8527356525108127,1594.2,20,24,1.0,0.5881839131277031
15,0.4,0.8729406536759573,1518.2857142857142,21,24,0.714285714285714,0.5653780205618464
17,0.35294117647058826,0.8376790023479288,1328.5,24,24,0.0,0.4211844564693351
