K,dominant_ratio,balance_entropy,mean_segment_length,segment_count,meta_min_len,coherence,selection_score
10,0.6,0.9141621427651053,2142.6,15,24,1.0,0.7385405356912763
9,0.5555555555555556,0.9141590678920879,2142.6,15,24,1.0,0.7118731003063553
11,0.5454545454545454,0.889384859072999,1890.5294117647059,17,24,0.661764705882353,0.6488836479233299
12,0.5,0.8649913653280377,1890.5294117647059,17,24,0.661764705882353,0.6155125472143623
13,0.46153846153846156,0.8649913653280377,1890.5294117647059,17,24,0.661764705882353,0.5924356241374393
14,0.42857142857142855,0.8649913653280377,1890.5294117647059,17,24,0.661764705882353,0.5726554043572195
15,0.4,0.8649913653280377,1890.5294117647059,17,24,0.661764705882353,0.5555125472143624
16,0.375,0.8711376311821311,1397.3478260869565,23,24,0.0,0.44278440779553274
