K,dominant_ratio,balance_entropy,mean_segment_length,segment_count,meta_min_len,coherence,selection_score
9,0.5555555555555556,0.860855543133672,2270.2,15,24,1.0,0.6985472191167513
11,0.5454545454545454,0.8679505421016439,2128.3125,16,24,0.8035714285714288,0.6647960770838525
10,0.5,0.8238386201509911,2128.3125,16,24,0.8035714285714288,0.6264953693234621
12,0.4166666666666667,0.8717837589441412,1891.8333333333333,18,24,0.4761904761904763,0.5393745111646067
13,0.46153846153846156,0.8444083995699828,1702.65,20,24,0.21428571428571458,0.5201680339584298
14,0.42857142857142855,0.8443918900231588,1702.65,20,24,0.21428571428571458,0.500383686791504
15,0.4,0.8437914123552613,1702.65,20,24,0.21428571428571458,0.48309071023167255
16,0.375,0.8284121851877929,1547.8636363636363,22,24,0.0,0.4321030462969482
