K,dominant_ratio,balance_entropy,mean_segment_length,segment_count,meta_min_len,coherence,selection_score
11,0.5454545454545454,0.8455948268180085,2121.9333333333334,15,24,1.0,0.6886714339772294
12,0.5,0.8455948268180085,2121.9333333333334,15,24,1.0,0.6613987067045021
13,0.46153846153846156,0.85072496059244,1446.7727272727273,22,24,0.0,0.4896043170711869
14,0.42857142857142855,0.85072496059244,1446.7727272727273,22,24,0.0,0.4698240972909671
15,0.4,0.85072496059244,1446.7727272727273,22,24,0.0,0.45268124014810995
