K,dominant_ratio,balance_entropy,mean_segment_length,segment_count,meta_min_len,coherence,selection_score
13,0.46153846153846156,0.8432878132251038,1552.111111111111,18,24,1.0,0.6377450302293529
17,0.47058823529411764,0.8558347358411869,1396.9,20,24,0.3000000000000007,0.5413116251367674
14,0.42857142857142855,0.8387921857689384,1396.9,20,24,0.3000000000000007,0.5118409035850918
15,0.4,0.8387921857689384,1396.9,20,24,0.3000000000000007,0.4946980464422347
18,0.3888888888888889,0.8535022993704101,1396.9,20,24,0.3000000000000007,0.491708908175936
19,0.3684210526315789,0.8535022993704101,1396.9,20,24,0.3000000000000007,0.47942820642155
16,0.4375,0.8241983597295683,1330.3809523809523,21,24,0.0,0.4685495899323921
