K,dominant_ratio,balance_entropy,mean_segment_length,segment_count,meta_min_len,coherence,selection_score
12,0.5833333333333334,0.883408367711134,2269.8333333333335,12,24,1.0,0.7208520919277835
13,0.5384615384615384,0.8660800650703461,1945.5714285714287,14,24,0.6428571428571428,0.636025510773081
14,0.5,0.8489244083656539,1702.375,16,24,0.3749999999999999,0.5684811020914134
16,0.4375,0.8726351195106771,1513.2222222222222,18,24,0.1666666666666665,0.5056587798776693
15,0.4,0.8428222716827186,1602.235294117647,17,24,0.26470588235294107,0.49041145027362076
17,0.4117647058823529,0.8599335167289954,1361.9,20,24,0.0,0.46204220271166063
