K,dominant_ratio,balance_entropy,mean_segment_length,segment_count,meta_min_len,coherence,selection_score
11,0.5454545454545454,0.8452975831622036,2187.0,13,24,1.0,0.6885971230632781
12,0.5833333333333334,0.8843849614994092,1776.9375,16,24,0.5909090909090909,0.6597326040112159
13,0.5384615384615384,0.883740006413367,1421.55,20,24,0.23636363636363633,0.5794664701348102
14,0.5,0.8826326559452882,1292.3181818181818,22,24,0.10743801652892555,0.5367738664656608
15,0.4666666666666667,0.8610772520118953,1236.1304347826087,23,24,0.051383399209486216,0.5029768228843967
16,0.4375,0.8417739124205016,1184.625,24,24,0.0,0.4729434781051254
17,0.4117647058823529,0.8370888873664528,1236.1304347826087,23,24,0.051383399209486216,0.4640385552524479
18,0.3888888888888889,0.8370844822169461,1236.1304347826087,23,24,0.051383399209486216,0.4503119637689928
