K,dominant_ratio,balance_entropy,mean_segment_length,segment_count,meta_min_len,coherence,selection_score
11,0.5454545454545454,0.927232659671376,1690.4,15,24,1.0,0.7090808921905712
12,0.5833333333333334,0.9109084018679231,1408.6666666666667,18,24,0.33333333333333354,0.6277271004669809
14,0.5,0.8957812316726644,1491.5294117647059,17,24,0.5294117647058822,0.6033570726240484
13,0.5384615384615384,0.9109084018679231,1408.6666666666667,18,24,0.33333333333333354,0.6008040235439038
15,0.4666666666666667,0.876724812004221,1334.5263157894738,19,24,0.15789473684210548,0.522865413527371
16,0.4375,0.876724812004221,1334.5263157894738,19,24,0.15789473684210548,0.5053654135273711
17,0.4117647058823529,0.8770021528913524,1267.8,20,24,0.0,0.46630936175224985
