K,dominant_ratio,balance_entropy,mean_segment_length,segment_count,meta_min_len,coherence,selection_score
14,0.42857142857142855,0.8381805043046601,1510.7058823529412,17,24,1.0,0.6166879832190222
12,0.4166666666666667,0.8582673804181622,1510.7058823529412,17,24,1.0,0.6145668451045405
15,0.4,0.8388525108062417,1510.7058823529412,17,24,1.0,0.5997131277015604
13,0.38461538461538464,0.8582673804181622,1510.7058823529412,17,24,1.0,0.5953360758737714
16,0.375,0.8388525108062417,1510.7058823529412,17,24,1.0,0.5847131277015604
17,0.35294117647058826,0.8388525108062417,1510.7058823529412,17,24,1.0,0.5714778335839134
