K,dominant_ratio,balance_entropy,mean_segment_length,segment_count,meta_min_len,coherence,selection_score
10,0.4,0.8664789611398829,3189.4615384615386,13,24,1.0,0.6066197402849707
12,0.4166666666666667,0.8537551916144879,2961.6428571428573,14,24,0.6964285714285716,0.5679030836179078
11,0.36363636363636365,0.8537551916144879,2961.6428571428573,14,24,0.6964285714285716,0.5360849017997259
13,0.46153846153846156,0.8217394900617109,2591.4375,16,24,0.20312499999999997,0.5128266994385047
14,0.42857142857142855,0.8217394900617109,2591.4375,16,24,0.20312499999999997,0.4930464796582848
15,0.4666666666666667,0.7944146861906916,2439.0,17,24,0.0,0.47860367154767286
16,0.4375,0.7944146861906916,2439.0,17,24,0.0,0.4611036715476729
17,0.4117647058823529,0.7944146861906916,2439.0,17,24,0.0,0.44566249507708466
