K,dominant_ratio,balance_entropy,mean_segment_length,segment_count,meta_min_len,coherence,selection_score
11,0.45454545454545453,0.8494220496154543,2662.5882352941176,17,24,1.0,0.6350827851311363
10,0.4,0.8494463563350046,2662.5882352941176,17,24,1.0,0.6023615890837511
17,0.47058823529411764,0.8811532341088376,1371.6363636363637,33,24,0.0,0.50264124970368
16,0.4375,0.8820364553367074,1371.6363636363637,33,24,0.0,0.4830091138341769
15,0.4,0.8401734615182903,1414.5,32,24,0.033203124999999924,0.45502383412957254
13,0.38461538461538464,0.8406811780346214,1414.5,32,24,0.033203124999999924,0.4459199940278861
14,0.35714285714285715,0.8406811780346214,1414.5,32,24,0.033203124999999924,0.4294364775443696
12,0.3333333333333333,0.8406811780346214,1414.5,32,24,0.033203124999999924,0.4151507632586553
