K,dominant_ratio,balance_entropy,mean_segment_length,segment_count,meta_min_len,coherence,selection_score
12,0.4166666666666667,0.9472170474774984,3649.1666666666665,12,24,1.0,0.6368042618693746
16,0.5625,0.91262447237246,2919.3333333333335,15,24,0.0,0.565656118093115
13,0.38461538461538464,0.9307871706149063,3368.4615384615386,13,24,0.6153846153846155,0.5557737157306497
17,0.5294117647058824,0.91262447237246,2919.3333333333335,15,24,0.0,0.5458031769166444
15,0.4666666666666667,0.9023432494102366,2919.3333333333335,15,24,0.0,0.5055858123525592
14,0.42857142857142855,0.9023432494102366,2919.3333333333335,15,24,0.0,0.48272866949541626
