K,dominant_ratio,balance_entropy,mean_segment_length,segment_count,meta_min_len,coherence,selection_score
10,0.5,0.872338080265517,1724.8181818181818,22,24,1.0,0.6680845200663793
12,0.5,0.872338080265517,1724.8181818181818,22,24,1.0,0.6680845200663793
13,0.46153846153846156,0.8723500710983413,1724.8181818181818,22,24,1.0,0.6450105946976623
11,0.45454545454545453,0.872338080265517,1724.8181818181818,22,24,1.0,0.640811792793652
14,0.5,0.8938658987940683,1459.4615384615386,26,24,0.0,0.523466474698517
15,0.4666666666666667,0.8938658987940683,1459.4615384615386,26,24,0.0,0.503466474698517
16,0.4375,0.8938658987940683,1459.4615384615386,26,24,0.0,0.48596647469851706
