K,dominant_ratio,balance_entropy,mean_segment_length,segment_count,meta_min_len,coherence,selection_score
11,0.45454545454545453,0.8969461995896401,1476.4615384615386,26,24,1.0,0.6469638226246828
10,0.4,0.8969461995896401,1476.4615384615386,26,24,1.0,0.6142365498974101
12,0.4166666666666667,0.8864159101624971,1238.3225806451612,31,24,0.45747800586510234,0.5402256784203896
13,0.46153846153846156,0.8476744508996141,1163.2727272727273,33,24,0.28650137741046816,0.5318168962595506
14,0.42857142857142855,0.8073343584033461,1096.8,35,24,0.13506493506493486,0.47923618700343384
16,0.375,0.8065026815268878,1163.2727272727273,33,24,0.28650137741046816,0.46960087699329217
15,0.4,0.8080684375633442,1037.5135135135135,37,24,0.0,0.44201710939083605
