K,dominant_ratio,balance_entropy,mean_segment_length,segment_count,meta_min_len,coherence,selection_score
14,0.5,0.8768499283104476,2862.4444444444443,18,24,1.0,0.6692124820776119
15,0.5333333333333333,0.8572821885972212,2711.7894736842104,19,24,0.0,0.5343205471493053
16,0.5,0.8572821885972212,2711.7894736842104,19,24,0.0,0.5143205471493053
18,0.5,0.8571162409094734,2711.7894736842104,19,24,0.0,0.5142790602273684
17,0.47058823529411764,0.8572821885972212,2711.7894736842104,19,24,0.0,0.49667348832577585
