K,dominant_ratio,balance_entropy,mean_segment_length,segment_count,meta_min_len,coherence,selection_score
14,0.5,0.8741647608036652,2037.3076923076924,26,24,1.0,0.6685411902009163
15,0.4666666666666667,0.8543474369857728,1961.851851851852,27,24,0.0,0.4935868592464432
16,0.4375,0.8543474369857728,1961.851851851852,27,24,0.0,0.47608685924644323
19,0.42105263157894735,0.8334487382597509,1961.851851851852,27,24,0.0,0.4609937635123061
17,0.4117647058823529,0.8546440000752591,1961.851851851852,27,24,0.0,0.4607198235482265
18,0.3888888888888889,0.8546440000752591,1961.851851851852,27,24,0.0,0.4469943333521481
