K,dominant_ratio,balance_entropy,mean_segment_length,segment_count,meta_min_len,coherence,selection_score
14,0.42857142857142855,0.9325800467034965,3199.875,16,24,1.0,0.6402878688187312
15,0.4,0.9325800467034965,3199.875,16,24,1.0,0.6231450116758741
16,0.4375,0.8998432599637883,2694.6315789473683,19,24,0.4812030075187969,0.5596412661187666
17,0.4117647058823529,0.8999954855525198,2694.6315789473683,19,24,0.4812030075187969,0.5442381460453612
19,0.42105263157894735,0.8717953676387113,2694.6315789473683,19,24,0.4812030075187969,0.5427608719848658
18,0.3888888888888889,0.8717953676387113,2694.6315789473683,19,24,0.4812030075187969,0.5234626263708307
20,0.35,0.829635517012855,2226.0,23,24,0.0,0.41740887925321374
