K,dominant_ratio,balance_entropy,mean_segment_length,segment_count,meta_min_len,coherence,selection_score
16,0.4375,0.9049517648909611,4405.75,12,24,1.0,0.6387379412227403
14,0.42857142857142855,0.9049517648909611,4405.75,12,24,1.0,0.6333807983655974
12,0.4166666666666667,0.9050058952783662,4405.75,12,24,1.0,0.6262514738195916
15,0.4,0.9049517648909611,4405.75,12,24,1.0,0.6162379412227402
13,0.38461538461538464,0.9049517648909611,4405.75,12,24,1.0,0.6070071719919711
11,0.36363636363636365,0.9050058952783662,4405.75,12,24,1.0,0.5944332920014097
17,0.4117647058823529,0.8790026647247791,3776.3571428571427,14,24,0.0,0.46680948971060654
18,0.3888888888888889,0.8790026647247791,3776.3571428571427,14,24,0.0,0.4530839995145281
