K,dominant_ratio,balance_entropy,mean_segment_length,segment_count,meta_min_len,coherence,selection_score
14,0.5,0.9085565011168667,3480.4,15,24,1.0,0.6771391252792167
13,0.38461538461538464,0.9320590294303258,3480.4,15,24,1.0,0.6137839881268122
18,0.5,0.8764815897558977,1243.0,42,24,0.0,0.5191203974389744
15,0.4666666666666667,0.9134966921783866,1373.842105263158,38,24,0.0584795321637427,0.5171461028691581
19,0.47368421052631576,0.8764815897558977,1243.0,42,24,0.0,0.5033309237547638
16,0.4375,0.8954694317882869,1305.15,40,24,0.027777777777777818,0.4905340246137384
17,0.4117647058823529,0.8764815897558977,1243.0,42,24,0.0,0.46617922096838615
