K,dominant_threshold,dominant_count,dominant_ratio,balance_entropy,mean_segment_length,segment_count,coherence,selection_score
16,0.0625,6,0.375,0.8922081859301992,117.7,70,1.0,0.5980520464825498
17,0.058823529411764705,6,0.35294117647058826,0.8886751142861622,117.7,70,1.0,0.5839334844538935
18,0.05555555555555555,6,0.3333333333333333,0.8887105777402751,117.7,70,1.0,0.5721776444350688
19,0.05263157894736842,6,0.3157894736842105,0.8886228213286783,114.43055555555556,72,0.0,0.4116293895426959
20,0.05,6,0.3,0.8565327037171362,114.43055555555556,72,0.0,0.39413317592928404
