algorithm,dataset,case_count,ARI_mean,NMI_mean,AMI_mean,covering_mean,f1_mean,seconds_sum
TICC,ActRecTut,20,0.771176856879765,0.7421601954658265,0.7415435140172884,0.7192266473479385,0.48225887056471767,964.8657720088959
TICC,ALL_DATASETS_EQUAL_CASE_WEIGHT,20,0.771176856879765,0.7421601954658265,0.7415435140172884,0.7192266473479385,0.48225887056471767,964.8657720088959
