dataset,baseline_cases,baseline_ok,pid_cases,pid_ok,baseline_dir,pid_dir,baseline_ari,pid_ari,pid_minus_baseline_ari,baseline_nmi,pid_nmi,pid_minus_baseline_nmi,baseline_covering,pid_covering,pid_minus_baseline_covering,baseline_ami,pid_ami,pid_minus_baseline_ami
HAS2,250,250,250,250,D:\code\teacherT2S\ourClap\HAS2\results_has2_clap_official_default,D:\code\teacherT2S\ourClap\HAS2\results_has2_clap_pid_meta_9x3_cgain,0.5190588875388,0.52051032348,0.0014514359412000077,0.5935657320000001,0.5805735352271999,-0.012992196772800169,0.696889691996,0.7046121001332,0.007722408137199932,0.5837062313715999,0.5723942252788,-0.01131200609279992
MITBIH2,14,14,14,14,D:\code\teacherT2S\ourClap\MITBIH2\results_mitbih2_clap_official_default,D:\code\teacherT2S\ourClap\MITBIH2\results_mitbih2_clap_pid_meta_9x3_cgain,0.35169667934285714,0.27461456109285715,-0.07708211825,0.42085502774285705,0.4013711947357143,-0.019483833007142737,0.719133883642857,0.6848879508285713,-0.03424593281428567,0.4039420411857143,0.36188140232142857,-0.04206063886428574
SKAB2,34,34,34,34,D:\code\teacherT2S\ourClap\SKAB2\results_skab2_clap_official_default,D:\code\teacherT2S\ourClap\SKAB2\results_skab2_clap_pid_meta_9x3_cgain,0.29462394849117646,0.33262949052352947,0.03800554203235301,0.36480204282941175,0.3850858755970588,0.02028383276764706,0.6334714621470589,0.6493685204029411,0.01589705825588228,0.3542980249499999,0.37993822634117647,0.025640201391176565
TSSB2,75,75,75,75,D:\code\teacherT2S\ourClap\TSSB2\results_tssb2_clap_official_default,D:\code\teacherT2S\ourClap\TSSB2\results_tssb2_clap_pid_meta_9x3_cgain,0.754510433016,0.7599647355133333,0.005454302497333363,0.7743601627973333,0.7805575012786667,0.006197338481333414,0.85506580828,0.8537044261653334,-0.0013613821146666316,0.7706343108613334,0.7761129845453333,0.005478673683999902
UTSA2,32,32,32,32,D:\code\teacherT2S\ourClap\UTSA2\results_utsa2_clap_official_default,D:\code\teacherT2S\ourClap\UTSA2\results_utsa2_clap_pid_meta_9x3_cgain,0.76621717896875,0.7251828404624999,-0.041034338506250045,0.79375435078125,0.7751617515,-0.01859259928125001,0.824417946828125,0.79639742666875,-0.02802052015937495,0.7782520538093749,0.757986181528125,-0.020265872281249875
MacroMean,405,405,405,405,,,0.5372214254715166,0.5225803902144439,-0.014641035257072721,0.5894674632301704,0.5845499716677279,-0.0049174915624424775,0.7457957585788082,0.7377940848397591,-0.008001673739049142,0.5781665324356045,0.5696626040029728,-0.008503928432631702
