K,dominant_threshold,dominant_count,dominant_ratio,balance_entropy,mean_segment_length,segment_count,coherence,selection_score
16,0.0625,5,0.3125,0.8344993492713765,98.84507042253522,71,1.0,0.5461248373178441
17,0.058823529411764705,5,0.29411764705882354,0.8343941182847147,98.84507042253522,71,1.0,0.5350691178064728
18,0.05555555555555555,5,0.2777777777777778,0.8343941182847145,98.84507042253522,71,1.0,0.5252651962378453
19,0.05263157894736842,5,0.2631578947368421,0.8098445744717656,98.84507042253522,71,1.0,0.5103558804600467
