K,dominant_ratio,balance_entropy,mean_segment_length,segment_count,meta_min_len,coherence,selection_score
14,0.5,0.882567412060675,1405.7142857142858,35,24,1.0,0.6706418530151688
15,0.4666666666666667,0.882567412060675,1405.7142857142858,35,24,1.0,0.6506418530151687
13,0.46153846153846156,0.882567412060675,1405.7142857142858,35,24,1.0,0.6475649299382457
12,0.4166666666666667,0.882567412060675,1405.7142857142858,35,24,1.0,0.6206418530151687
16,0.5,0.9172669052729125,1329.7297297297298,37,24,0.47297297297297364,0.6002626722641742
17,0.5294117647058824,0.916646936505267,1261.5384615384614,39,24,0.0,0.5468087929498462
18,0.5,0.916646936505267,1261.5384615384614,39,24,0.0,0.5291617341263167
19,0.47368421052631576,0.916646936505267,1261.5384615384614,39,24,0.0,0.5133722604421063
