K,dominant_ratio,balance_entropy,mean_segment_length,segment_count,meta_min_len,coherence,selection_score
15,0.4666666666666667,0.8138795212187788,1120.3555555555556,45,24,1.0,0.6334698803046946
16,0.5,0.7997344259043754,1050.3333333333333,48,24,0.535714285714285,0.5802907493332367
17,0.47058823529411764,0.7998076112809986,1050.3333333333333,48,24,0.535714285714285,0.562661986853863
18,0.4444444444444444,0.7850646629180742,969.5384615384615,52,24,0.0,0.4629328323961852
19,0.42105263157894735,0.7710980756109629,969.5384615384615,52,24,0.0,0.4454060978501091
