K,dominant_ratio,balance_entropy,mean_segment_length,segment_count,meta_min_len,coherence,selection_score
14,0.42857142857142855,0.8169992449174249,2287.1363636363635,22,24,1.0,0.6113926683722134
15,0.4,0.8166739308257873,2287.1363636363635,22,24,1.0,0.5941684827064468
16,0.375,0.7969204835553162,2096.5416666666665,24,24,0.8201754385964912,0.5472564366783027
19,0.47368421052631576,0.8472753203257655,1227.2439024390244,41,24,0.0,0.49602935639723084
18,0.4444444444444444,0.8283275515562813,1257.925,40,24,0.028947368421052586,0.47809065981889487
17,0.4117647058823529,0.8283275515562813,1257.925,40,24,0.028947368421052586,0.45848281668164
