K,dominant_ratio,balance_entropy,mean_segment_length,segment_count,meta_min_len,coherence,selection_score
14,0.35714285714285715,0.8109307467660228,2099.5833333333335,24,24,1.0,0.56701840097722
15,0.5333333333333333,0.854813075509839,1439.7142857142858,35,24,0.0,0.5337032688774598
16,0.5,0.8767658747111663,1439.7142857142858,35,24,0.0,0.5191914686777915
18,0.5,0.8767658747111663,1439.7142857142858,35,24,0.0,0.5191914686777915
19,0.47368421052631576,0.8767658747111663,1439.7142857142858,35,24,0.0,0.5034019949935811
17,0.47058823529411764,0.8767658747111663,1439.7142857142858,35,24,0.0,0.5015444098542622
