K,dominant_ratio,balance_entropy,mean_segment_length,segment_count,meta_min_len,coherence,selection_score
14,0.42857142857142855,0.7911811757980929,1485.2424242424242,33,24,1.0,0.6049381510923804
15,0.4,0.7911811757980929,1485.2424242424242,33,24,1.0,0.5877952939495232
16,0.4375,0.8121429625211275,1089.1777777777777,45,24,0.3333333333333332,0.5155357406302818
19,0.42105263157894735,0.8118530450901899,1089.1777777777777,45,24,0.3333333333333332,0.5055948402199157
17,0.4117647058823529,0.8121429625211275,1089.1777777777777,45,24,0.3333333333333332,0.5000945641596936
18,0.3888888888888889,0.8118530450901899,1089.1777777777777,45,24,0.3333333333333332,0.48629659460588076
20,0.35,0.8036008938021945,891.1454545454545,55,24,0.0,0.4109002234505486
