K,dominant_ratio,balance_entropy,mean_segment_length,segment_count,meta_min_len,coherence,selection_score
16,0.4375,0.8838648242221612,1975.3214285714287,28,24,1.0,0.6334662060555403
15,0.4,0.8519168855524641,1975.3214285714287,28,24,1.0,0.602979221388116
13,0.46153846153846156,0.8636133765768943,1907.2068965517242,29,24,0.64367816091954,0.5893781452052315
14,0.42857142857142855,0.8521249879963484,1907.2068965517242,29,24,0.64367816091954,0.5667258282798752
20,0.5,0.8986824450438492,1784.1612903225807,31,24,0.0,0.5246706112609623
19,0.47368421052631576,0.8986824450438492,1784.1612903225807,31,24,0.0,0.5088811375767518
17,0.47058823529411764,0.8986536320198165,1784.1612903225807,31,24,0.0,0.5070163491814247
18,0.4444444444444444,0.8986824450438492,1784.1612903225807,31,24,0.0,0.49133727792762893
