K,dominant_ratio,balance_entropy,mean_segment_length,segment_count,meta_min_len,coherence,selection_score
13,0.5384615384615384,0.8712981348112557,2330.3636363636365,22,24,1.0,0.690901456779737
14,0.5,0.871146528525812,2330.3636363636365,22,24,1.0,0.6677866321314531
15,0.4666666666666667,0.842186063711,1898.8148148148148,27,24,0.6296296296296295,0.5849909603721944
16,0.5,0.8755949091228232,1507.8823529411766,34,24,0.29411764705882354,0.5630163743395292
17,0.47058823529411764,0.8755949091228232,1507.8823529411766,34,24,0.29411764705882354,0.5453693155159999
18,0.4444444444444444,0.8602928251346481,1281.7,40,24,0.09999999999999998,0.49673987295032873
19,0.42105263157894735,0.8489319099382986,1165.1818181818182,44,24,0.0,0.464864556431943
