K,dominant_ratio,balance_entropy,mean_segment_length,segment_count,meta_min_len,coherence,selection_score
13,0.46153846153846156,0.8964234147525738,4027.769230769231,13,24,1.0,0.6510289306112204
15,0.6,0.9198914583565713,2755.842105263158,19,24,0.3684210526315789,0.6452360224838796
16,0.5625,0.919640268761122,2493.3809523809523,21,24,0.238095238095238,0.6031243529045661
14,0.5,0.8970927730622944,2908.9444444444443,18,24,0.4444444444444443,0.5909398599322402
17,0.5294117647058824,0.9019207484740593,2181.7083333333335,24,24,0.08333333333333336,0.5556272459420442
18,0.5,0.8937154808204321,2013.8846153846155,26,24,0.0,0.523428870205108
19,0.47368421052631576,0.8937154808204321,2013.8846153846155,26,24,0.0,0.5076393965208975
