K,dominant_ratio,balance_entropy,mean_segment_length,segment_count,meta_min_len,coherence,selection_score
16,0.4375,0.870508245239786,3515.6875,16,24,1.0,0.6301270613099466
15,0.4666666666666667,0.8619282865863435,3308.8823529411766,17,24,0.7058823529411765,0.6013644245877623
17,0.47058823529411764,0.8498878582939493,3125.0555555555557,18,24,0.4444444444444444,0.5614915724166246
18,0.4444444444444444,0.8498878582939493,3125.0555555555557,18,24,0.4444444444444444,0.5458052979068206
19,0.5263157894736842,0.8832112331924769,2812.55,20,24,0.0,0.5365922819823297
