K,dominant_ratio,balance_entropy,mean_segment_length,segment_count,meta_min_len,coherence,selection_score
14,0.35714285714285715,0.8096779839251083,2076.0384615384614,26,24,1.0,0.5667052102669914
17,0.35294117647058826,0.8096745344594051,2076.0384615384614,26,24,1.0,0.5641833394972042
15,0.3333333333333333,0.8096779839251083,2076.0384615384614,26,24,1.0,0.552419495981277
18,0.3333333333333333,0.7825881576231064,2076.0384615384614,26,24,1.0,0.5456470394057766
16,0.3125,0.8096745344594051,2076.0384615384614,26,24,1.0,0.5399186336148513
19,0.3684210526315789,0.8225666966394843,1686.78125,32,24,0.0,0.42669430573881845
