K,dominant_ratio,balance_entropy,mean_segment_length,segment_count,meta_min_len,coherence,selection_score
14,0.35714285714285715,0.8309769812777138,2003.851851851852,27,24,1.0,0.5720299596051427
15,0.3333333333333333,0.8060527957885436,1865.655172413793,29,24,0.31034482758620624,0.44806492308506685
16,0.3125,0.8060527957885436,1865.655172413793,29,24,0.31034482758620624,0.4355649230850669
17,0.29411764705882354,0.8051435666511216,1865.655172413793,29,24,0.31034482758620624,0.42430820403600544
18,0.2777777777777778,0.7864563994465321,1803.4666666666667,30,24,0.0,0.36328076652829966
