K,dominant_ratio,balance_entropy,mean_segment_length,segment_count,meta_min_len,coherence,selection_score
15,0.4,0.7981841305412584,1802.6,30,24,1.0,0.5895460326353146
16,0.375,0.7867464832808404,1502.1666666666667,36,24,0.44871794871794884,0.4889943131279024
17,0.35294117647058826,0.7867464832808404,1502.1666666666667,36,24,0.44871794871794884,0.4757590190102553
18,0.3333333333333333,0.7991861366300073,1287.5714285714287,42,24,0.054945054945054986,0.4080382923992601
19,0.3157894736842105,0.7892171915781825,1257.6279069767443,43,24,0.0,0.3867779821050719
