K,dominant_ratio,balance_entropy,mean_segment_length,segment_count,meta_min_len,coherence,selection_score
14,0.35714285714285715,0.7806248614727046,2138.16,25,24,1.0,0.5594419296538904
15,0.3333333333333333,0.7806248614727046,2138.16,25,24,1.0,0.5451562153681762
16,0.3125,0.7644823522145249,2055.923076923077,26,24,0.6410256410256422,0.4747744342074775
17,0.29411764705882354,0.7644823522145249,2055.923076923077,26,24,0.6410256410256422,0.46374502244277166
18,0.2777777777777778,0.7645080211738473,2055.923076923077,26,24,0.6410256410256422,0.45394751811397477
19,0.2631578947368421,0.729931907568098,1909.0714285714287,28,24,0.0,0.3403777137341297
