K,dominant_ratio,balance_entropy,mean_segment_length,segment_count,meta_min_len,coherence,selection_score
15,0.3333333333333333,0.8232817697531017,1728.1935483870968,31,24,1.0,0.5558204424382754
16,0.3125,0.7980098596991712,1728.1935483870968,31,24,1.0,0.5370024649247928
17,0.29411764705882354,0.7980485041474666,1728.1935483870968,31,24,1.0,0.5259827142721608
18,0.2777777777777778,0.7756796596612687,1623.4545454545455,33,24,0.3131313131313131,0.4075562785516808
19,0.3157894736842105,0.8128716090907868,1575.7058823529412,34,24,0.0,0.392691586483223
20,0.3,0.8128716090907868,1575.7058823529412,34,24,0.0,0.3832179022726967
