K,dominant_ratio,balance_entropy,mean_segment_length,segment_count,meta_min_len,coherence,selection_score
13,0.5384615384615384,0.8542581080338135,2418.0,21,24,1.0,0.6866414500853765
14,0.5,0.8542581080338135,2418.0,21,24,1.0,0.6635645270084534
15,0.4666666666666667,0.8542581080338135,2418.0,21,24,1.0,0.6435645270084533
16,0.4375,0.8306846973290344,2418.0,21,24,1.0,0.6201711743322587
12,0.4166666666666667,0.8639608055966318,2418.0,21,24,1.0,0.6159902013991579
17,0.4117647058823529,0.8305395843963775,2418.0,21,24,1.0,0.6046937196285062
18,0.3888888888888889,0.8305395843963775,2418.0,21,24,1.0,0.5909682294324278
20,0.4,0.8122671099095213,2207.7391304347825,23,24,0.0,0.4430667774773803
19,0.3684210526315789,0.8131491632482964,2207.7391304347825,23,24,0.0,0.4243399223910215
