K,dominant_ratio,balance_entropy,mean_segment_length,segment_count,meta_min_len,coherence,selection_score
12,0.4166666666666667,0.8814891080707838,2754.9473684210525,19,24,1.0,0.6203722770176959
13,0.38461538461538464,0.8615482989579337,2275.8260869565215,23,24,0.6521739130434782,0.5439823924652359
14,0.35714285714285715,0.8407737405916347,2013.2307692307693,26,24,0.4615384615384617,0.49370991866439223
15,0.3333333333333333,0.8334380114190142,1869.4285714285713,28,24,0.35714285714285715,0.4619309314261821
16,0.3125,0.8334380114190142,1869.4285714285713,28,24,0.35714285714285715,0.4494309314261821
19,0.3684210526315789,0.8290104534472162,1377.4736842105262,38,24,0.0,0.4283052449407514
17,0.35294117647058826,0.8495231083883378,1414.7027027027027,37,24,0.027027027027027084,0.42819953703349145
18,0.3333333333333333,0.8284800058822445,1377.4736842105262,38,24,0.0,0.4071200014705611
