K,dominant_ratio,balance_entropy,mean_segment_length,segment_count,meta_min_len,coherence,selection_score
15,0.3333333333333333,0.818717445993301,2614.2,20,24,1.0,0.5546793614983252
16,0.3125,0.7955152962644211,2614.2,20,24,1.0,0.5363788240661053
17,0.47058823529411764,0.8340686963676446,1936.4444444444443,27,24,0.09259259259259256,0.5047590041572706
18,0.4444444444444444,0.8340686963676446,1936.4444444444443,27,24,0.09259259259259256,0.4890727296474667
19,0.42105263157894735,0.8150155621606708,1867.2857142857142,28,24,0.0,0.4563854694875361
