K,dominant_ratio,balance_entropy,mean_segment_length,segment_count,meta_min_len,coherence,selection_score
14,0.42857142857142855,0.8815985096604276,2222.6521739130435,23,24,1.0,0.627542484557964
13,0.38461538461538464,0.8815985096604276,2222.6521739130435,23,24,1.0,0.6011688581843377
15,0.4,0.8539495810894303,2130.0416666666665,24,24,0.7666666666666663,0.5684873952723575
16,0.375,0.8539495810894303,2130.0416666666665,24,24,0.7666666666666663,0.5534873952723576
17,0.29411764705882354,0.8239550786439326,1893.3703703703704,27,24,0.17037037037037053,0.40801491345183283
18,0.2777777777777778,0.8188164760525024,1825.75,28,24,0.0,0.37137078567979226
