K,dominant_ratio,balance_entropy,mean_segment_length,segment_count,meta_min_len,coherence,selection_score
16,0.3125,0.8152351356943116,1918.6153846153845,26,24,1.0,0.541308783923578
15,0.26666666666666666,0.8152351356943116,1918.6153846153845,26,24,1.0,0.5138087839235779
14,0.2857142857142857,0.8143614256060343,1847.5555555555557,27,24,0.4814814814814822,0.44724115005230225
18,0.3333333333333333,0.8479915730836247,1781.5714285714287,28,24,0.0,0.4119978932709062
19,0.3157894736842105,0.8479915730836247,1781.5714285714287,28,24,0.0,0.4014715774814325
17,0.29411764705882354,0.8474055483741517,1781.5714285714287,28,24,0.0,0.38832197532883206
