K,dominant_ratio,balance_entropy,mean_segment_length,segment_count,meta_min_len,coherence,selection_score
14,0.35714285714285715,0.7752217338952936,1818.409090909091,22,24,1.0,0.5580911477595377
17,0.35294117647058826,0.7621549950886118,1666.875,24,24,0.7333333333333333,0.5123034546545059
16,0.3125,0.7619499485848258,1666.875,24,24,0.7333333333333333,0.48798748714620643
15,0.3333333333333333,0.7599850230943682,1538.6538461538462,26,24,0.5076923076923077,0.46615010192743817
18,0.3888888888888889,0.8333531653303107,1290.483870967742,31,24,0.07096774193548389,0.4523167859562336
19,0.3684210526315789,0.8334369707032345,1290.483870967742,31,24,0.07096774193548389,0.4400570355450786
20,0.35,0.817040946022894,1250.15625,32,24,0.0,0.4142602365057235
