K,dominant_ratio,balance_entropy,mean_segment_length,segment_count,meta_min_len,coherence,selection_score
13,0.38461538461538464,0.808153309377567,2091.5714285714284,21,24,0.6349206349206343,0.5280456533517177
10,0.2,0.837736274523131,2196.15,20,24,1.0,0.47943406863078275
14,0.42857142857142855,0.7806980538065781,1909.695652173913,23,24,0.0,0.4523173705945016
12,0.25,0.808153309377567,2091.5714285714284,21,24,0.6349206349206343,0.4472764225824869
15,0.4,0.7780224860102828,1909.695652173913,23,24,0.0,0.43450562150257066
16,0.375,0.7780224860102828,1909.695652173913,23,24,0.0,0.41950562150257065
11,0.18181818181818182,0.808153309377567,2091.5714285714284,21,24,0.6349206349206343,0.406367331673396
17,0.35294117647058826,0.7780224860102828,1909.695652173913,23,24,0.0,0.40627032738492364
