K,dominant_ratio,balance_entropy,mean_segment_length,segment_count,meta_min_len,coherence,selection_score
10,0.3,0.7449773633832287,4263.9,10,24,1.0,0.5162443408458072
11,0.2727272727272727,0.7233491157166889,3876.2727272727275,11,24,0.8264462809917359,0.46844058471429617
12,0.3333333333333333,0.7335908440605068,2244.157894736842,19,24,0.09569377990430628,0.3977517780007726
13,0.3076923076923077,0.7335908440605068,2244.157894736842,19,24,0.09569377990430628,0.3823671626161573
15,0.26666666666666666,0.7372147426468395,2030.4285714285713,21,24,0.0,0.3443036856617099
16,0.25,0.7372147426468395,2030.4285714285713,21,24,0.0,0.33430368566170987
17,0.23529411764705882,0.7372147426468395,2030.4285714285713,21,24,0.0,0.3254801562499452
14,0.21428571428571427,0.7372147426468395,2030.4285714285713,21,24,0.0,0.3128751142331384
