K,dominant_ratio,balance_entropy,mean_segment_length,segment_count,meta_min_len,coherence,selection_score
11,0.36363636363636365,0.8150321956042648,1916.3333333333333,21,24,1.0,0.5719398670828844
15,0.4,0.7991845353007689,1609.72,25,24,0.3600000000000001,0.4937961338251922
13,0.38461538461538464,0.7991845353007689,1609.72,25,24,0.3600000000000001,0.484565364594423
14,0.35714285714285715,0.7991845353007689,1609.72,25,24,0.3600000000000001,0.46808184811090653
12,0.3333333333333333,0.7991550946310082,1609.72,25,24,0.3600000000000001,0.453788773657752
16,0.375,0.7895505597567375,1437.25,28,24,0.0,0.4223876399391844
17,0.35294117647058826,0.7895505597567375,1437.25,28,24,0.0,0.4091523458215373
