K,dominant_ratio,balance_entropy,mean_segment_length,segment_count,meta_min_len,coherence,selection_score
12,0.5,0.8422328614238214,2274.7368421052633,19,24,1.0,0.6605582153559554
14,0.5,0.8422328614238214,2274.7368421052633,19,24,1.0,0.6605582153559554
13,0.46153846153846156,0.8422328614238214,2274.7368421052633,19,24,1.0,0.6374812922790323
10,0.3,0.8425170538752771,2274.7368421052633,19,24,1.0,0.5406292634688192
11,0.2727272727272727,0.8425170538752771,2274.7368421052633,19,24,1.0,0.5242656271051829
16,0.4375,0.8171084995196053,2058.095238095238,21,24,0.3015873015873014,0.5120152201179965
17,0.4117647058823529,0.7856200748618314,2058.095238095238,21,24,0.3015873015873014,0.48870193748296475
15,0.4666666666666667,0.7816581486692507,1964.5454545454545,22,24,0.0,0.47541453716731263
