K,dominant_ratio,balance_entropy,mean_segment_length,segment_count,meta_min_len,coherence,selection_score
11,0.5454545454545454,0.868230780787085,1445.5862068965516,29,24,1.0,0.6943304224694985
12,0.5,0.868230780787085,1445.5862068965516,29,24,1.0,0.6670576951967713
13,0.46153846153846156,0.8675935447821429,1445.5862068965516,29,24,1.0,0.6438214631186127
14,0.5,0.9051454442701701,1352.3225806451612,31,24,0.7275985663082438,0.6354261460137791
15,0.4666666666666667,0.883097641098681,1310.0625,32,24,0.604166666666667,0.5913994102746704
16,0.4375,0.883097641098681,1310.0625,32,24,0.604166666666667,0.5738994102746703
18,0.4444444444444444,0.8766471332772398,1103.2105263157894,38,24,0.0,0.48582844998597663
17,0.4117647058823529,0.8653826840583096,1133.027027027027,37,24,0.08708708708708758,0.4764675576070523
