K,dominant_ratio,balance_entropy,mean_segment_length,segment_count,meta_min_len,coherence,selection_score
9,0.4444444444444444,0.8187000655354183,3443.0833333333335,12,24,1.0,0.6213416830505213
10,0.5,0.873624303883861,2754.4666666666667,15,24,0.5333333333333333,0.5984060759709652
11,0.45454545454545453,0.873624303883861,2754.4666666666667,15,24,0.5333333333333333,0.571133348698238
12,0.4166666666666667,0.8479087299857146,2430.4117647058824,17,24,0.3137254901960785,0.5090360060258404
13,0.38461538461538464,0.8479087299857146,2430.4117647058824,17,24,0.3137254901960785,0.4898052367950712
15,0.4,0.8907999343284779,1967.4761904761904,21,24,0.0,0.4626999835821195
16,0.375,0.8907999343284779,1967.4761904761904,21,24,0.0,0.4476999835821195
14,0.35714285714285715,0.8699072080627097,1967.4761904761904,21,24,0.0,0.43176251630139173
