K,dominant_ratio,balance_entropy,mean_segment_length,segment_count,meta_min_len,coherence,selection_score
10,0.5,0.863081792519789,1915.6666666666667,18,24,1.0,0.6657704481299472
11,0.45454545454545453,0.8501138427523894,1567.3636363636363,22,24,0.45454545454545436,0.5534375515971882
12,0.4166666666666667,0.8501138427523894,1567.3636363636363,22,24,0.45454545454545436,0.5307102788699155
13,0.38461538461538464,0.8255947853165773,1499.2173913043478,23,24,0.3478260869565216,0.48934184014185333
14,0.35714285714285715,0.8254382702966829,1499.2173913043478,23,24,0.3478260869565216,0.47281919490336327
16,0.375,0.8673363910451597,1277.111111111111,27,24,0.0,0.4418340977612899
15,0.3333333333333333,0.8032782742885893,1379.28,25,24,0.15999999999999998,0.4248195685721473
