K,dominant_ratio,balance_entropy,mean_segment_length,segment_count,meta_min_len,coherence,selection_score
11,0.45454545454545453,0.8585137035405611,1901.0,21,24,1.0,0.637355698612413
12,0.4166666666666667,0.8304027943407684,1814.590909090909,22,24,0.8983957219251336,0.5923600568739621
15,0.4,0.8035813608402455,1814.590909090909,22,24,0.8983957219251336,0.5756546984988314
13,0.38461538461538464,0.8036910398914429,1814.590909090909,22,24,0.8983957219251336,0.5664513490308616
16,0.375,0.8035813608402455,1814.590909090909,22,24,0.8983957219251336,0.5606546984988314
14,0.35714285714285715,0.8036910398914429,1814.590909090909,22,24,0.8983957219251336,0.549967832547345
17,0.35294117647058826,0.8191264624673666,1050.5526315789473,38,24,0.0,0.41654632149919457
