K,dominant_ratio,balance_entropy,mean_segment_length,segment_count,meta_min_len,coherence,selection_score
11,0.5454545454545454,0.8894908826467387,2515.4666666666667,15,24,1.0,0.699645447934412
12,0.5,0.8893814235513291,2515.4666666666667,15,24,1.0,0.6723453558878323
13,0.46153846153846156,0.8893814235513291,2515.4666666666667,15,24,1.0,0.6492684328109092
14,0.42857142857142855,0.8893814235513291,2515.4666666666667,15,24,1.0,0.6294882130306894
16,0.375,0.8810408394802004,2515.4666666666667,15,24,1.0,0.5952602098700501
15,0.4,0.8681341895645376,2219.529411764706,17,24,0.6862745098039215,0.5599747238617226
17,0.47058823529411764,0.9187598416922579,1796.7619047619048,21,24,0.23809523809523808,0.5477571873138207
18,0.4444444444444444,0.9204041960790434,1572.1666666666667,24,24,0.0,0.4967677156864275
