K,dominant_ratio,balance_entropy,mean_segment_length,segment_count,meta_min_len,coherence,selection_score
11,0.45454545454545453,0.847241875227069,2052.0588235294117,17,24,1.0,0.63453774153404
12,0.4166666666666667,0.847241875227069,2052.0588235294117,17,24,1.0,0.6118104688067673
14,0.42857142857142855,0.8829218808443505,1836.0526315789473,19,24,0.8005540166204985,0.5979564298470195
13,0.38461538461538464,0.847241875227069,2052.0588235294117,17,24,1.0,0.592579699575998
17,0.47058823529411764,0.8938739988937646,969.0277777777778,36,24,0.0,0.5058214408999118
16,0.4375,0.8938739988937646,969.0277777777778,36,24,0.0,0.48596849972344114
15,0.4,0.8938485074215884,969.0277777777778,36,24,0.0,0.4634621268553971
