K,dominant_ratio,balance_entropy,mean_segment_length,segment_count,meta_min_len,coherence,selection_score
10,0.4,0.8222989458593558,1501.1666666666667,24,24,1.0,0.5955747364648389
11,0.36363636363636365,0.8155520723544253,1286.7142857142858,28,24,0.5142857142857142,0.4992126934132816
13,0.38461538461538464,0.8530506926104332,1200.9333333333334,30,24,0.31999999999999995,0.4920319039218391
12,0.3333333333333333,0.8155520723544253,1286.7142857142858,28,24,0.5142857142857142,0.48103087523146343
14,0.35714285714285715,0.8441278205283287,1162.1935483870968,31,24,0.23225806451612896,0.46015637909521584
15,0.3333333333333333,0.82475541698064,1059.6470588235295,34,24,0.0,0.40618885424516
16,0.3125,0.82475541698064,1059.6470588235295,34,24,0.0,0.39368885424516
