K,dominant_ratio,balance_entropy,mean_segment_length,segment_count,meta_min_len,coherence,selection_score
9,0.4444444444444444,0.8160087862597906,2073.5882352941176,17,24,1.0,0.6206688632316143
10,0.4,0.8038429297469951,1958.388888888889,18,24,0.8585858585858587,0.5697486112246275
11,0.45454545454545453,0.8475282450780657,1305.5925925925926,27,24,0.057239057239057194,0.4931951925826477
12,0.4166666666666667,0.8209067254782076,1258.9642857142858,28,24,0.0,0.4552266813695519
13,0.38461538461538464,0.8211081769599834,1258.9642857142858,28,24,0.0,0.43604627500922666
14,0.35714285714285715,0.7974449908122682,1258.9642857142858,28,24,0.0,0.4136469619887813
16,0.3125,0.7981149246249659,1355.8076923076924,26,24,0.11888111888111891,0.4048608989884093
15,0.3333333333333333,0.7978028984190979,1258.9642857142858,28,24,0.0,0.3994507246047745
17,0.29411764705882354,0.7979573352118975,1355.8076923076924,26,24,0.11888111888111891,0.39379208987043635
