K,dominant_ratio,balance_entropy,mean_segment_length,segment_count,meta_min_len,coherence,selection_score
12,0.3333333333333333,0.7673499647401348,1868.5294117647059,17,24,1.0,0.5418374911850337
14,0.35714285714285715,0.8070991091721258,1764.7222222222222,18,24,0.787037037037037,0.5341160471343013
13,0.3076923076923077,0.7673499647401348,1868.5294117647059,17,24,1.0,0.5264528758004183
15,0.3333333333333333,0.8070606425060795,1764.7222222222222,18,24,0.787037037037037,0.5198207161820754
16,0.375,0.8391941032524874,1588.25,20,24,0.4249999999999999,0.4985485258131218
17,0.4117647058823529,0.8793931792950513,1381.0869565217392,23,24,0.0,0.46690711835317456
