K,dominant_ratio,balance_entropy,mean_segment_length,segment_count,meta_min_len,coherence,selection_score
10,0.5,0.8653499003949213,1799.9473684210527,19,24,1.0,0.6663374750987303
11,0.45454545454545453,0.8841441197305888,1036.3333333333333,33,24,0.07196969696969682,0.5045587572053745
12,0.4166666666666667,0.8841441197305888,1036.3333333333333,33,24,0.07196969696969682,0.4818314844781017
13,0.38461538461538464,0.8674765754600913,1005.8529411764706,34,24,0.03492647058823527,0.4528773452224889
14,0.35714285714285715,0.8659100383074974,1005.8529411764706,34,24,0.03492647058823527,0.4360021944508239
15,0.3333333333333333,0.8659100383074974,1005.8529411764706,34,24,0.03492647058823527,0.42171648016510965
16,0.3125,0.8436730271394034,977.1142857142858,35,24,0.0,0.3984182567848509
