K,dominant_ratio,balance_entropy,mean_segment_length,segment_count,meta_min_len,coherence,selection_score
10,0.5,0.8506565829800427,2333.0,12,24,1.0,0.6626641457450106
11,0.45454545454545453,0.8506565829800427,2333.0,12,24,1.0,0.6353914184722834
12,0.4166666666666667,0.8506565829800427,2333.0,12,24,1.0,0.6126641457450107
13,0.38461538461538464,0.8507153290017857,2333.0,12,24,1.0,0.5934480630196772
14,0.35714285714285715,0.8507153290017857,2333.0,12,24,1.0,0.5769645465361607
15,0.4,0.8860994268727755,1999.7142857142858,14,24,0.0,0.4615248567181939
