K,dominant_ratio,balance_entropy,mean_segment_length,segment_count,meta_min_len,coherence,selection_score
11,0.45454545454545453,0.8298530199866667,2012.076923076923,13,24,1.0,0.6301905277239394
12,0.4166666666666667,0.8064380894153307,1868.357142857143,14,24,0.8441558441558442,0.5782328989772093
16,0.4375,0.8544333203487168,1538.6470588235295,17,24,0.48663101604278086,0.5491029824935963
14,0.42857142857142855,0.8543370984832214,1538.6470588235295,17,24,0.48663101604278086,0.5437217841700795
17,0.47058823529411764,0.8914806117624524,1245.5714285714287,21,24,0.16883116883116894,0.530547769441759
15,0.4,0.8544333203487168,1538.6470588235295,17,24,0.48663101604278086,0.5266029824935963
13,0.38461538461538464,0.8029480598794703,1634.8125,16,24,0.5909090909090909,0.520142609375462
18,0.3888888888888889,0.88401481902332,1089.875,24,24,0.0,0.45433703808916337
