K,dominant_ratio,balance_entropy,mean_segment_length,segment_count,meta_min_len,coherence,selection_score
10,0.4,0.8580010423270269,1910.357142857143,14,24,1.0,0.6045002605817568
11,0.36363636363636365,0.8580010423270269,1910.357142857143,14,24,1.0,0.5826820787635749
12,0.4166666666666667,0.8887301868542951,1485.8333333333333,18,24,0.38888888888888873,0.5305158800469071
15,0.4,0.8694084306004375,1337.25,20,24,0.1749999999999999,0.48360210765010936
13,0.38461538461538464,0.8706128345860108,1215.6818181818182,22,24,0.0,0.44842243941573345
14,0.35714285714285715,0.8704832849772568,1215.6818181818182,22,24,0.0,0.43190653553002845
