K,dominant_ratio,balance_entropy,mean_segment_length,segment_count,meta_min_len,coherence,selection_score
11,0.45454545454545453,0.932775887861467,1790.2,15,24,1.0,0.6559212446926395
12,0.5,0.9273447299341482,1579.5882352941176,17,24,0.0,0.531836182483537
15,0.4666666666666667,0.9265620841066928,1579.5882352941176,17,24,0.0,0.5116405210266732
13,0.46153846153846156,0.9273861095410508,1579.5882352941176,17,24,0.0,0.5087696043083396
14,0.42857142857142855,0.9265620841066928,1579.5882352941176,17,24,0.0,0.4887833781695303
