K,dominant_ratio,balance_entropy,mean_segment_length,segment_count,meta_min_len,coherence,selection_score
10,0.4,0.8531591313846069,1889.9333333333334,15,24,1.0,0.6032897828461518
11,0.36363636363636365,0.8118898299518162,1889.9333333333334,15,24,1.0,0.5711542756697723
12,0.3333333333333333,0.8118898299518162,1889.9333333333334,15,24,1.0,0.5529724574879541
15,0.3333333333333333,0.8117214685654213,1889.9333333333334,15,24,1.0,0.5529303671413554
13,0.3076923076923077,0.8118898299518162,1889.9333333333334,15,24,1.0,0.5375878421033387
14,0.2857142857142857,0.8117214685654213,1889.9333333333334,15,24,1.0,0.5243589385699268
17,0.47058823529411764,0.9069104995596537,1492.0526315789473,19,24,0.0,0.509080566066384
18,0.4444444444444444,0.906145811257757,1492.0526315789473,19,24,0.0,0.4932031194811059
16,0.4375,0.8665071220359708,1492.0526315789473,19,24,0.0,0.4791267805089927
