K,dominant_ratio,balance_entropy,mean_segment_length,segment_count,meta_min_len,coherence,selection_score
12,0.5,0.8652365169851567,1890.6470588235295,17,24,1.0,0.6663091292462892
13,0.46153846153846156,0.8652365169851567,1890.6470588235295,17,24,1.0,0.6432322061693662
14,0.42857142857142855,0.8652241884689318,1890.6470588235295,17,24,1.0,0.62344890426009
15,0.4,0.8373926667232091,1691.6315789473683,19,24,0.0,0.44934816668080224
16,0.375,0.8373926667232091,1691.6315789473683,19,24,0.0,0.43434816668080223
17,0.35294117647058826,0.8373926667232091,1691.6315789473683,19,24,0.0,0.4211128725631552
