K,dominant_ratio,balance_entropy,mean_segment_length,segment_count,meta_min_len,coherence,selection_score
11,0.36363636363636365,0.8326963599510702,2323.769230769231,13,24,1.0,0.5763559081695857
12,0.3333333333333333,0.8058446305972864,2157.785714285714,14,24,0.7959183673469385,0.5208489127513624
17,0.47058823529411764,0.8653408351689296,1510.45,20,24,0.0,0.498688149968703
13,0.3076923076923077,0.7826114023303475,2013.9333333333334,15,24,0.619047619047619,0.47312537805511434
16,0.4375,0.810203777601819,1510.45,20,24,0.0,0.4650509444004548
14,0.42857142857142855,0.8107012248757401,1510.45,20,24,0.0,0.45981816336179215
15,0.4,0.8108392734935072,1510.45,20,24,0.0,0.44270981837337675
