K,dominant_ratio,balance_entropy,mean_segment_length,segment_count,meta_min_len,coherence,selection_score
11,0.36363636363636365,0.810661339472281,1627.15,20,24,1.0,0.5708471530498884
12,0.3333333333333333,0.810661339472281,1627.15,20,24,1.0,0.5526653348680702
13,0.3076923076923077,0.7912526191148211,1627.15,20,24,1.0,0.53242853939409
14,0.2857142857142857,0.7912526191148211,1627.15,20,24,1.0,0.5192417262072767
15,0.26666666666666666,0.7912526191148211,1627.15,20,24,1.0,0.5078131547787053
16,0.25,0.7912837198326206,1627.15,20,24,1.0,0.4978209299581552
