K,dominant_ratio,balance_entropy,mean_segment_length,segment_count,meta_min_len,coherence,selection_score
9,0.4444444444444444,0.8199022593895411,3220.1,10,24,1.0,0.621642231514052
10,0.4,0.8199022593895411,3220.1,10,24,1.0,0.5949755648473852
11,0.36363636363636365,0.8199022593895411,3220.1,10,24,1.0,0.5731573830292035
12,0.3333333333333333,0.8304663513116788,2927.3636363636365,11,24,0.7272727272727275,0.5167074969188288
13,0.3076923076923077,0.8307591516871229,2927.3636363636365,11,24,0.7272727272727275,0.5013960816280745
14,0.2857142857142857,0.8307591516871229,2927.3636363636365,11,24,0.7272727272727275,0.4882092684412612
15,0.26666666666666666,0.8091005811863835,2146.733333333333,15,24,0.0,0.3622751452965959
16,0.25,0.8091005811863835,2146.733333333333,15,24,0.0,0.35227514529659587
17,0.23529411764705882,0.8091005811863835,2146.733333333333,15,24,0.0,0.3434516158848312
