K,dominant_ratio,balance_entropy,mean_segment_length,segment_count,meta_min_len,coherence,selection_score
11,0.36363636363636365,0.8233008633139909,2276.6428571428573,14,24,1.0,0.5740070340103159
12,0.3333333333333333,0.8233008633139909,2276.6428571428573,14,24,1.0,0.5558252158284978
13,0.46153846153846156,0.8468771546725936,1328.0416666666667,24,24,0.0,0.4886423655912253
14,0.42857142857142855,0.8468771546725936,1328.0416666666667,24,24,0.0,0.4688621458110055
15,0.4,0.8468771546725936,1328.0416666666667,24,24,0.0,0.45171928866814837
