K,dominant_ratio,balance_entropy,mean_segment_length,segment_count,meta_min_len,coherence,selection_score
11,0.36363636363636365,0.8155944457881217,1651.6470588235295,17,24,1.0,0.5720804296288486
12,0.3333333333333333,0.807001729351271,1477.7894736842106,19,24,0.5368421052631581,0.48227674812729143
13,0.3076923076923077,0.8070682314376281,1477.7894736842106,19,24,0.5368421052631581,0.46690875826426537
14,0.35714285714285715,0.7985753457627891,1276.2727272727273,22,24,0.0,0.4139295507264116
15,0.3333333333333333,0.7985753457627891,1276.2727272727273,22,24,0.0,0.39964383644069723
