K,dominant_ratio,balance_entropy,mean_segment_length,segment_count,meta_min_len,coherence,selection_score
10,0.4,0.817557216942954,2439.0833333333335,12,24,1.0,0.5943893042357385
11,0.36363636363636365,0.817557216942954,2439.0833333333335,12,24,1.0,0.5725711224175567
12,0.3333333333333333,0.82233257174676,1829.3125,16,24,0.47727272727272724,0.47717405202759905
17,0.35294117647058826,0.8688185786465485,1272.5652173913043,23,24,0.0,0.4289693505439901
15,0.3333333333333333,0.8698001530189364,1272.5652173913043,23,24,0.0,0.4174500382547341
18,0.3333333333333333,0.8688185786465485,1272.5652173913043,23,24,0.0,0.4172046446616371
16,0.3125,0.8698001530189364,1272.5652173913043,23,24,0.0,0.4049500382547341
13,0.23076923076923078,0.8268807504687249,1721.7058823529412,17,24,0.3850267379679145,0.4029357367739068
14,0.2857142857142857,0.8741158361936584,1272.5652173913043,23,24,0.0,0.389957530476986
