K,dominant_ratio,balance_entropy,mean_segment_length,segment_count,meta_min_len,coherence,selection_score
11,0.36363636363636365,0.8529178933592777,1744.0,16,24,1.0,0.5814112915216376
14,0.35714285714285715,0.8395017960935032,1328.7619047619048,21,24,0.2857142857142857,0.4670183061662329
12,0.3333333333333333,0.8395022070391575,1328.7619047619048,21,24,0.2857142857142857,0.4527326946169322
13,0.3076923076923077,0.8395022070391575,1328.7619047619048,21,24,0.2857142857142857,0.43734807923231683
15,0.3333333333333333,0.8243008946474265,1268.3636363636363,22,24,0.18181818181818155,0.43334795093458384
16,0.3125,0.8050744590228048,1162.6666666666667,24,24,0.0,0.38876861475570124
17,0.29411764705882354,0.8050744590228048,1162.6666666666667,24,24,0.0,0.37773920299099534
