K,dominant_ratio,balance_entropy,mean_segment_length,segment_count,meta_min_len,coherence,selection_score
11,0.36363636363636365,0.8303621755515704,1410.3157894736842,19,24,1.0,0.5757723620697108
12,0.3333333333333333,0.8105815017559822,1276.0,21,24,0.4523809523809526,0.47050251829613843
13,0.3076923076923077,0.8105815017559822,1276.0,21,24,0.4523809523809526,0.45511790291152304
14,0.35714285714285715,0.7982597881904752,1218.0,22,24,0.21590909090909113,0.4462370249696967
15,0.3333333333333333,0.780859507700023,1165.0434782608695,23,24,0.0,0.39521487692500573
16,0.3125,0.772240945537438,1165.0434782608695,23,24,0.0,0.38056023638435954
