K,dominant_ratio,balance_entropy,mean_segment_length,segment_count,meta_min_len,coherence,selection_score
9,0.3333333333333333,0.7345730025914954,2319.4166666666665,12,24,1.0,0.5336432506478739
10,0.3,0.7728870943138044,2141.0,13,24,0.46153846153846156,0.4424525428092203
11,0.2727272727272727,0.7728870943138044,2141.0,13,24,0.46153846153846156,0.42608890644558395
14,0.35714285714285715,0.8439534487585145,1988.0714285714287,14,24,0.0,0.4252740764753429
12,0.3333333333333333,0.8439534487585145,1988.0714285714287,14,24,0.0,0.41098836218962864
15,0.3333333333333333,0.8243629211995211,1988.0714285714287,14,24,0.0,0.4060907302998803
13,0.3076923076923077,0.8439534487585145,1988.0714285714287,14,24,0.0,0.39560374680501326
16,0.3125,0.8243629211995211,1988.0714285714287,14,24,0.0,0.3935907302998803
17,0.29411764705882354,0.8243629211995211,1988.0714285714287,14,24,0.0,0.3825613185351744
