K,dominant_ratio,balance_entropy,mean_segment_length,segment_count,meta_min_len,coherence,selection_score
13,0.38461538461538464,0.7958652696241092,1519.578947368421,19,24,1.0,0.5797355481752581
14,0.35714285714285715,0.7940812408297864,1519.578947368421,19,24,1.0,0.5628060244931609
12,0.3333333333333333,0.8220301923841667,1519.578947368421,19,24,1.0,0.5555075480960416
15,0.4,0.7752958238812397,1443.6,20,24,0.7599999999999998,0.5478239559703099
16,0.375,0.7658552258990177,1203.0,24,24,0.0,0.4164638064747544
17,0.35294117647058826,0.7658552258990177,1203.0,24,24,0.0,0.4032285123571073
