K,dominant_ratio,balance_entropy,mean_segment_length,segment_count,meta_min_len,coherence,selection_score
9,0.5555555555555556,0.9150168108974363,2295.6428571428573,14,24,1.0,0.7120875360576924
10,0.6,0.8882648591687483,2008.6875,16,24,0.2916666666666666,0.6258162147921871
11,0.5454545454545454,0.8666021331789152,1890.5294117647059,17,24,0.0,0.543923260567456
12,0.5,0.8666021331789152,1890.5294117647059,17,24,0.0,0.5166505332947288
13,0.46153846153846156,0.8666021331789152,1890.5294117647059,17,24,0.0,0.49357361021780577
14,0.42857142857142855,0.8666021331789152,1890.5294117647059,17,24,0.0,0.47379339043758595
15,0.4,0.8667529145213477,1890.5294117647059,17,24,0.0,0.4566882286303369
16,0.375,0.8667529145213477,1890.5294117647059,17,24,0.0,0.4416882286303369
