K,dominant_ratio,balance_entropy,mean_segment_length,segment_count,meta_min_len,coherence,selection_score
12,0.5,0.8736944387135231,1875.5294117647059,17,24,1.0,0.6684236096783808
13,0.46153846153846156,0.8734039268816403,1875.5294117647059,17,24,1.0,0.645274058643487
14,0.42857142857142855,0.859236740176842,1062.8,30,24,0.21587301587301583,0.50433299456802
15,0.4,0.8517956152297561,910.9714285714285,35,24,0.06938775510204076,0.46335706707274515
16,0.375,0.8351817629279452,861.7297297297297,37,24,0.02187902187902181,0.43707729401383955
17,0.35294117647058826,0.8163379033429794,839.0526315789474,38,24,0.0,0.4158491817180978
