K,dominant_ratio,balance_entropy,mean_segment_length,segment_count,meta_min_len,coherence,selection_score
9,0.5555555555555556,0.8614665095330303,2432.3571428571427,14,24,1.0,0.6986999607165909
11,0.5454545454545454,0.8680357135741373,2270.2,15,24,0.7777777777777777,0.6609483223329282
10,0.5,0.8240435579241097,2270.2,15,24,0.7777777777777777,0.622677556147694
13,0.46153846153846156,0.8723009749467191,2003.1176470588234,17,24,0.4117647058823528,0.5567630265421096
14,0.42857142857142855,0.8720999776637102,2003.1176470588234,17,24,0.4117647058823528,0.5369325574411375
12,0.4166666666666667,0.8719959954801301,2003.1176470588234,17,24,0.4117647058823528,0.5297637047523854
15,0.4,0.8527602034719424,1702.65,20,24,0.0,0.4531900508679856
16,0.375,0.8523265086474503,1702.65,20,24,0.0,0.43808162716186255
