K,dominant_ratio,balance_entropy,mean_segment_length,segment_count,meta_min_len,coherence,selection_score
9,0.5555555555555556,0.8922069496327931,2893.5454545454545,11,24,1.0,0.7063850707415317
10,0.6,0.8606839593547514,2448.3846153846152,13,24,0.6346153846153846,0.6703632975309955
11,0.5454545454545454,0.8574213757429068,1989.3125,16,24,0.25781250000000006,0.5802999462084539
12,0.5,0.8403903002593345,1675.2105263157894,19,24,0.0,0.5100975750648336
13,0.46153846153846156,0.8403903002593345,1675.2105263157894,19,24,0.0,0.48702065198791056
14,0.42857142857142855,0.8403903002593345,1675.2105263157894,19,24,0.0,0.46724043220769074
16,0.375,0.8339852506382045,1872.2941176470588,17,24,0.16176470588235298,0.4577610185419041
15,0.4,0.8405268779598517,1675.2105263157894,19,24,0.0,0.4501317194899629
