K,dominant_ratio,balance_entropy,mean_segment_length,segment_count,meta_min_len,coherence,selection_score
12,0.5833333333333334,0.8751850117676406,1945.5714285714287,14,24,0.7428571428571432,0.6802248243704816
13,0.5384615384615384,0.8751850117676406,1945.5714285714287,14,24,0.7428571428571432,0.6533017474474047
11,0.45454545454545453,0.8982197327960545,2095.230769230769,13,24,1.0,0.6472822059262864
16,0.4375,0.8653280968846025,1815.8666666666666,15,24,0.52,0.5568320242211506
14,0.42857142857142855,0.8648880347776491,1815.8666666666666,15,24,0.52,0.5513648658372694
15,0.4,0.8653280968846025,1815.8666666666666,15,24,0.52,0.5343320242211506
17,0.4117647058823529,0.8398724392225448,1513.2222222222222,18,24,0.0,0.45702693333504796
