K,dominant_ratio,balance_entropy,mean_segment_length,segment_count,meta_min_len,coherence,selection_score
11,0.5454545454545454,0.8392752751275814,2030.7857142857142,14,24,1.0,0.6870915460546226
12,0.5,0.8191819879173724,1895.4,15,24,0.8166666666666669,0.6272954969793432
13,0.46153846153846156,0.8191819879173724,1895.4,15,24,0.8166666666666669,0.6042185739024201
14,0.42857142857142855,0.8215529177951071,1895.4,15,24,0.8166666666666669,0.5850310865916339
15,0.4,0.8158003751245112,1579.5,18,24,0.38888888888888895,0.5022834271144612
17,0.4117647058823529,0.8657369801139991,1353.857142857143,21,24,0.08333333333333347,0.4759930685579115
16,0.375,0.8168771660181255,1496.3684210526317,19,24,0.2763157894736844,0.47066665992558404
18,0.3888888888888889,0.8504324951906905,1292.3181818181818,22,24,0.0,0.44594145713100597
