K,dominant_ratio,balance_entropy,mean_segment_length,segment_count,meta_min_len,coherence,selection_score
14,0.5,0.895672557888261,1605.125,16,24,1.0,0.6739181394720652
13,0.46153846153846156,0.8953659234484146,1605.125,16,24,1.0,0.6507645577851806
15,0.4666666666666667,0.8763424752016792,1605.125,16,24,1.0,0.6490856188004198
16,0.4375,0.8763424752016792,1605.125,16,24,1.0,0.6315856188004199
17,0.4117647058823529,0.8763424752016792,1605.125,16,24,1.0,0.6161444423298316
12,0.4166666666666667,0.8589901000180806,1510.7058823529412,17,24,0.0,0.46474752500452016
