K,dominant_ratio,balance_entropy,mean_segment_length,segment_count,meta_min_len,coherence,selection_score
13,0.38461538461538464,0.8042777974936833,1643.4117647058824,17,24,1.0,0.5818386801426516
14,0.42857142857142855,0.8482746901893673,1470.421052631579,19,24,0.2982456140350874,0.513948371795462
17,0.47058823529411764,0.8576783438476163,1396.9,20,24,0.0,0.49677252713837466
16,0.4375,0.8327540695171983,1396.9,20,24,0.0,0.4706885173792996
15,0.4,0.8327540695171983,1396.9,20,24,0.0,0.44818851737929954
18,0.3888888888888889,0.8550752489377904,1396.9,20,24,0.0,0.44710214556778094
19,0.3684210526315789,0.8550752489377904,1396.9,20,24,0.0,0.43482144381339494
