K,dominant_ratio,balance_entropy,mean_segment_length,segment_count,meta_min_len,coherence,selection_score
11,0.5454545454545454,0.9069109790718173,1690.4,15,24,1.0,0.7040004720406815
13,0.5384615384615384,0.8951929846508194,1491.5294117647059,17,24,0.441176470588235,0.6130516398278631
12,0.5,0.8951929846508194,1491.5294117647059,17,24,0.441176470588235,0.5899747167509402
14,0.5,0.8760403139237022,1334.5263157894738,19,24,0.0,0.5190100784809255
15,0.4666666666666667,0.8760403139237022,1334.5263157894738,19,24,0.0,0.4990100784809255
16,0.4375,0.8760403139237022,1334.5263157894738,19,24,0.0,0.48151007848092553
17,0.4117647058823529,0.8760403139237022,1334.5263157894738,19,24,0.0,0.4660689020103373
