K,dominant_ratio,balance_entropy,mean_segment_length,segment_count,meta_min_len,coherence,selection_score
13,0.46153846153846156,0.8548829154769434,3189.4615384615386,13,24,1.0,0.6406438057923128
12,0.3333333333333333,0.8548829154769434,3189.4615384615386,13,24,1.0,0.5637207288692359
14,0.42857142857142855,0.8286616996218101,2439.0,17,24,0.3277310924369747,0.5134679459138558
15,0.4666666666666667,0.801654541835867,2073.15,20,24,0.0,0.48041363545896676
16,0.4375,0.801654541835867,2073.15,20,24,0.0,0.4629136354589668
17,0.4117647058823529,0.801654541835867,2073.15,20,24,0.0,0.4474724589883785
