K,dominant_ratio,balance_entropy,mean_segment_length,segment_count,meta_min_len,coherence,selection_score
15,0.4666666666666667,0.9087697634762837,2304.7368421052633,19,24,0.7828947368421053,0.6246266513953866
12,0.4166666666666667,0.8821489980281811,2575.8823529411766,17,24,1.0,0.6205372495070453
14,0.42857142857142855,0.8984574883382968,2304.7368421052633,19,24,0.7828947368421053,0.5991914397537471
13,0.38461538461538464,0.866046725592558,2575.8823529411766,17,24,1.0,0.5972809121673703
16,0.5625,0.9050044509011178,1326.969696969697,33,24,0.0,0.5637511127252794
17,0.5294117647058824,0.9053883818762034,1326.969696969697,33,24,0.0,0.5439941542925802
