K,dominant_ratio,balance_entropy,mean_segment_length,segment_count,meta_min_len,coherence,selection_score
10,0.5,0.8950684778169672,1517.84,25,24,1.0,0.6737671194542418
11,0.45454545454545453,0.8950684778169672,1517.84,25,24,1.0,0.6464943921815145
12,0.5,0.8720490226280513,1355.2142857142858,28,24,0.6696428571428574,0.6184586842284414
14,0.5,0.8719186078078685,1355.2142857142858,28,24,0.6696428571428574,0.6184260805233956
15,0.4666666666666667,0.8719186078078685,1355.2142857142858,28,24,0.6696428571428574,0.5984260805233957
13,0.46153846153846156,0.8720490226280513,1355.2142857142858,28,24,0.6696428571428574,0.5953817611515184
16,0.5,0.912778267489637,1025.5675675675675,37,24,0.0,0.5281945668724093
