K,dominant_ratio,balance_entropy,mean_segment_length,segment_count,meta_min_len,coherence,selection_score
11,0.45454545454545453,0.8480019637281659,1810.56,25,24,1.0,0.6347277636593142
10,0.4,0.8480019637281659,1810.56,25,24,1.0,0.6020004909320414
16,0.4375,0.8099365213119231,1104.0,41,24,0.0,0.4649841303279808
17,0.4117647058823529,0.8097921756586561,1104.0,41,24,0.0,0.44950686744407575
15,0.4,0.8099365213119231,1104.0,41,24,0.0,0.44248413032798073
14,0.35714285714285715,0.8387404721770622,1160.6153846153845,39,24,0.08012820512820501,0.4359900630992105
12,0.3333333333333333,0.8387404721770622,1160.6153846153845,39,24,0.08012820512820501,0.4217043488134963
13,0.3076923076923077,0.8387404721770622,1160.6153846153845,39,24,0.08012820512820501,0.4063197334288809
