K,dominant_ratio,balance_entropy,mean_segment_length,segment_count,meta_min_len,coherence,selection_score
10,0.4,0.8449322772000307,1476.4615384615386,26,24,1.0,0.6012330693000076
11,0.45454545454545453,0.8149893473098323,1371.0,28,24,0.6190476190476188,0.5693317524118736
12,0.4166666666666667,0.8149893473098323,1371.0,28,24,0.6190476190476188,0.5466044796846009
13,0.46153846153846156,0.8137431666282303,1279.6,30,24,0.2888888888888885,0.5236922019134678
14,0.42857142857142855,0.8137431666282303,1279.6,30,24,0.2888888888888885,0.503911982133248
15,0.4666666666666667,0.8288671799537927,1199.625,32,24,0.0,0.48721679498844817
16,0.4375,0.8288671799537927,1199.625,32,24,0.0,0.4697167949884482
