K,dominant_ratio,balance_entropy,mean_segment_length,segment_count,meta_min_len,coherence,selection_score
13,0.38461538461538464,0.8637740452440135,3220.25,16,24,1.0,0.5967127420802342
15,0.4666666666666667,0.8638430444930304,3030.823529411765,17,24,0.0,0.4959607611232576
16,0.4375,0.8638430444930304,3030.823529411765,17,24,0.0,0.47846076112325764
17,0.4117647058823529,0.8638430444930304,3030.823529411765,17,24,0.0,0.46301958465266935
14,0.35714285714285715,0.8638430444930304,3030.823529411765,17,24,0.0,0.4302464754089719
