K,dominant_ratio,balance_entropy,mean_segment_length,segment_count,meta_min_len,coherence,selection_score
13,0.46153846153846156,0.9047451253341066,4015.846153846154,13,24,1.0,0.6531093582566035
14,0.42857142857142855,0.9047451253341066,4015.846153846154,13,24,1.0,0.6333291384763837
12,0.4166666666666667,0.9044963739397722,4015.846153846154,13,24,1.0,0.626124093484943
16,0.4375,0.9099147718510726,3262.875,16,24,0.715,0.5972286929627681
15,0.4,0.878705999678585,3729.0,14,24,0.8914285714285715,0.5933907856339319
17,0.4117647058823529,0.9099147718510726,3262.875,16,24,0.715,0.5817875164921799
18,0.5,0.9147873632417177,1373.842105263158,38,24,0.0,0.5286968408104294
