K,dominant_ratio,balance_entropy,mean_segment_length,segment_count,meta_min_len,coherence,selection_score
14,0.42857142857142855,0.9048966039601308,4405.75,12,24,1.0,0.6333670081328898
12,0.4166666666666667,0.9048966039601308,4405.75,12,24,1.0,0.6262241509900327
13,0.38461538461538464,0.9048966039601308,4405.75,12,24,1.0,0.6069933817592635
11,0.36363636363636365,0.9048966039601308,4405.75,12,24,1.0,0.5944059691718508
16,0.4375,0.8775912786778913,4066.846153846154,13,24,0.7384615384615384,0.5926670504387036
15,0.4,0.8775307820884639,4066.846153846154,13,24,0.7384615384615384,0.5701519262913467
17,0.4117647058823529,0.8600202799592478,3109.9411764705883,17,24,0.0,0.4620638935192237
18,0.3888888888888889,0.8600202799592478,3109.9411764705883,17,24,0.0,0.4483384033231453
