K,dominant_ratio,balance_entropy,mean_segment_length,segment_count,meta_min_len,coherence,selection_score
13,0.5384615384615384,0.8726935888088417,2037.3076923076924,26,24,1.0,0.6912503202791335
14,0.5,0.8726935888088417,2037.3076923076924,26,24,1.0,0.6681733972022105
15,0.4666666666666667,0.8530595957265441,1961.851851851852,27,24,0.48148148148148223,0.5654871211538584
16,0.4375,0.8530595957265441,1961.851851851852,27,24,0.48148148148148223,0.5479871211538584
17,0.4117647058823529,0.8530595957265441,1961.851851851852,27,24,0.48148148148148223,0.5325459446832701
18,0.3888888888888889,0.8528154475415605,1961.851851851852,27,24,0.48148148148148223,0.5187594174409458
19,0.42105263157894735,0.8341527217614965,1891.7857142857142,28,24,0.0,0.4611697593877425
