K,dominant_ratio,balance_entropy,mean_segment_length,segment_count,meta_min_len,coherence,selection_score
16,0.4375,0.9309991459804603,3938.3076923076924,13,24,1.0,0.6452497864951151
14,0.42857142857142855,0.9311822225856348,3938.3076923076924,13,24,1.0,0.6399384127892658
17,0.4117647058823529,0.9309991459804603,3938.3076923076924,13,24,1.0,0.6298086100245268
15,0.4,0.9311822225856348,3938.3076923076924,13,24,1.0,0.6227955556464086
18,0.3888888888888889,0.8978904691308117,3199.875,16,24,0.0,0.45780595061603624
