algorithm,dataset,case_count,ARI_mean,NMI_mean,AMI_mean,covering_mean,f1_mean,seconds_sum
ClaSP-TKMeans,UCR-SEG,32,0.3947995288580561,0.4699931659428703,0.46859518049843185,0.7759316022156724,0.49642857142857144,207.03752207756042
ClaSP-TKMeans,ALL_DATASETS_EQUAL_CASE_WEIGHT,32,0.3947995288580561,0.4699931659428703,0.46859518049843185,0.7759316022156724,0.49642857142857144,207.03752207756042
