K,dominant_threshold,dominant_count,dominant_ratio,balance_entropy,mean_segment_length,segment_count,coherence,selection_score
16,0.0625,6,0.375,0.8749563346968139,84.5679012345679,81,0.7407407407407398,0.5548501947853144
17,0.058823529411764705,5,0.29411764705882354,0.862252861180708,85.625,80,1.0,0.5420338035304711
18,0.05555555555555555,6,0.3333333333333333,0.8968076136641565,83.53658536585365,82,0.48780487804877887,0.49737263512335594
20,0.05,7,0.35,0.8834117259314006,81.54761904761905,84,0.0,0.43085293148285014
19,0.05263157894736842,6,0.3157894736842105,0.8834117259314006,81.54761904761905,84,0.0,0.4103266156933765
